key,ref,officialKm,measuredKm,deviation,status,segmentCount,gapCount,precision
G101,G101,909,991.7,9.1,ok,45,44,A
G102,G102,1337,2345.9,75.5,deviation-large,88,87,X
G103,G103,143,239.2,67.3,broken-jump,8,7,X
G104,G104,2420,3127.1,29.2,deviation-mid,154,153,C
G105,G105,2285,3099.7,35.7,deviation-mid,159,158,C
G106,G106,2292,2746.1,19.8,ok,73,72,B
G107,G107,2490,3435.0,38,broken-jump,155,154,C
G108,G108,3228,3677.0,13.9,ok,112,111,B
G109,G109,3901,4369.9,12,broken-jump,83,82,B
G110,G110,1156,1589.2,37.5,broken-jump,59,58,C
G111,G111,1996,2848.6,42.7,deviation-mid,74,73,C
G112,G112,1085,1255.6,15.7,broken-jump,36,35,B
G201,G201,1964,1802.9,8.2,ok,36,35,A
G202,G202,1818,1867.6,2.7,ok,49,48,A
G203,G203,700,839.3,19.9,broken-jump,16,15,B
G204,G204,966,1090.8,12.9,broken-jump,28,27,B
G205,G205,2984,3328.5,11.5,ok,143,142,B
G206,G206,2324,2643.0,13.7,ok,100,99,B
G207,G207,3738,4820.1,28.9,deviation-mid,157,156,C
G208,G208,990,1678.9,69.6,deviation-large,50,49,X
G209,G209,3312,3914.0,18.2,ok,87,86,B
G210,G210,3047,2870.1,5.8,ok,162,161,A
G211,G211,1000,2614.3,161.4,broken-jump,71,70,X
G212,G212,1302,2733.5,109.9,deviation-large,99,98,X
G213,G213,2800,4472.4,59.7,deviation-large,92,91,X
G214,G214,3256,3123.9,4.1,ok,51,50,A
G215,G215,660,4460.8,575.9,broken-jump,52,51,X
G216,G216,970,3359.0,246.3,broken-jump,21,20,X
G217,G217,1079,2256.9,109.2,broken-jump,29,28,X
G218,G218,1067,1275.2,19.5,broken-jump,22,21,B
G219,G219,10065,9651.2,4.1,ok,72,71,A
G220,G220,2600,2764.6,6.3,broken-jump,104,103,A
G221,G221,558,714.9,28.1,broken-jump,20,19,C
G222,G222,333,1201.6,260.8,deviation-large,21,20,X
G223,G223,323,324.4,0.4,ok,25,24,A
G224,G224,309,302.7,2,ok,7,6,A
G225,G225,429,402.0,6.3,broken-jump,15,14,A
G227,G227,341,3811.7,1017.8,deviation-large,43,42,X
G228,G228,6800,6510.9,4.3,broken-jump,301,300,A
G229,G229,,1715.9,,no-official-km,39,38,C
G230,G230,,2564.7,,broken-jump,104,103,C
G231,G231,,984.4,,no-official-km,15,14,C
G232,G232,,928.9,,broken-jump,22,21,C
G233,G233,,2164.4,,broken-jump,61,60,C
G234,G234,,3777.7,,broken-jump,116,115,C
G235,G235,,2350.0,,no-official-km,108,107,C
G236,G236,,1310.1,,no-official-km,42,41,C
G237,G237,,1695.9,,no-official-km,72,71,C
G238,G238,,899.2,,no-official-km,36,35,C
G239,G239,,1124.5,,no-official-km,29,28,C
G240,G240,,2795.2,,broken-jump,127,126,C
G241,G241,,3582.2,,no-official-km,95,94,C
G242,G242,,3574.9,,no-official-km,125,124,C
G243,G243,,1901.3,,no-official-km,54,53,C
G244,G244,,1923.9,,no-official-km,56,55,C
G245,G245,,2147.9,,no-official-km,55,54,C
G246,G246,,1788.5,,no-official-km,55,54,C
G247,G247,,2059.8,,no-official-km,35,34,C
G248,G248,,2807.7,,no-official-km,52,51,C
G301,G301,1580,1621.2,2.6,ok,50,49,A
G302,G302,1000,1590.4,59,deviation-large,55,54,X
G303,G303,1000,1651.2,65.1,deviation-large,37,36,X
G304,G304,850,875.3,3,ok,23,22,A
G305,G305,700,1046.1,49.4,deviation-mid,21,20,C
G306,G306,500,1021.9,104.4,deviation-large,32,31,X
G307,G307,1350,2773.7,105.5,broken-jump,84,83,X
G308,G308,700,859.4,22.8,broken-jump,32,31,B
G309,G309,2200,2353.5,7,ok,64,63,A
G310,G310,1600,2843.1,77.7,deviation-large,130,129,X
G311,G311,700,1024.6,46.4,deviation-mid,69,68,C
G312,G312,4967,5103.9,2.8,broken-jump,157,156,A
G314,G314,1948,1924.4,1.2,ok,38,37,A
G315,G315,3063,3240.8,5.8,broken-jump,43,42,A
G316,G316,2915,3389.7,16.3,ok,134,133,B
G317,G317,2043,3202.3,56.7,deviation-large,15,14,X
G318,G318,5476,5346.6,2.4,broken-jump,114,113,A
G319,G319,2631,2629.3,0.1,ok,105,104,A
G320,G320,3695,3881.5,5,ok,149,148,A
G321,G321,2220,2321.7,4.6,ok,95,94,A
G322,G322,2300,2128.4,7.5,ok,67,66,A
G323,G323,2919,3117.9,6.8,ok,80,79,A
G324,G324,2800,2901.6,3.6,ok,124,123,A
G325,G325,900,1003.8,11.5,ok,49,48,B
G326,G326,1000,1619.5,62,deviation-large,63,62,X
G327,G327,500,1609.6,221.9,broken-jump,46,45,X
G328,G328,350,1219.9,248.5,deviation-large,51,50,X
G329,G329,250,1299.2,419.7,broken-jump,81,80,X
G330,G330,330,1008.2,205.5,deviation-large,54,53,X
G331,G331,9000,9372.9,4.1,ok,74,73,A
G332,G332,,1445.4,,no-official-km,18,17,C
G333,G333,,1324.8,,broken-jump,28,27,C
G334,G334,,1525.9,,broken-jump,23,22,C
G335,G335,,2728.6,,broken-jump,36,35,C
G336,G336,,920.6,,broken-jump,28,27,C
G337,G337,,832.0,,no-official-km,27,26,C
G338,G338,,2890.7,,no-official-km,62,61,C
G339,G339,,1040.7,,no-official-km,30,29,C
G340,G340,,1216.2,,no-official-km,37,36,C
G341,G341,,2158.9,,no-official-km,62,61,C
G342,G342,,1842.0,,broken-jump,76,75,C
G343,G343,,723.5,,broken-jump,18,17,C
G344,G344,,1664.0,,no-official-km,67,66,C
G345,G345,3800,4094.7,7.8,ok,85,84,A
G346,G346,2000,1600.5,20,ok,45,44,B
G347,G347,2500,3503.6,40.1,deviation-mid,75,74,C
G348,G348,2500,2853.6,14.1,ok,115,114,B
G349,G349,,2015.4,,no-official-km,10,9,C
G350,G350,,1380.6,,no-official-km,36,35,C
G351,G351,,3110.3,,no-official-km,105,104,C
G352,G352,,950.0,,no-official-km,22,21,C
G353,G353,,4163.9,,no-official-km,108,107,C
G354,G354,,882.5,,no-official-km,28,27,C
G355,G355,,1976.9,,no-official-km,71,70,C
G356,G356,,2196.0,,no-official-km,69,68,C
G357,G357,,3833.3,,no-official-km,78,77,C
G358,G358,,1389.5,,no-official-km,41,40,C
G359,G359,,1169.1,,no-official-km,33,32,C
G360,G360,,120.3,,no-official-km,2,1,C
G361,G361,,183.5,,no-official-km,8,7,C
G501,G501,,267.6,,broken-jump,1,0,C
G502,G502,,169.4,,no-official-km,1,0,C
G503,G503,,381.1,,no-official-km,4,3,C
G504,G504,,348.1,,no-official-km,2,1,C
G505,G505,,482.0,,no-official-km,14,13,C
G506,G506,,312.5,,no-official-km,17,16,C
G507,G507,,152.0,,no-official-km,3,2,C
G508,G508,,429.6,,no-official-km,12,11,C
G509,G509,,284.8,,broken-jump,20,19,C
G510,G510,,368.2,,no-official-km,9,8,C
G511,G511,,319.5,,no-official-km,7,6,C
G512,G512,,456.2,,no-official-km,12,11,C
G513,G513,,67.3,,broken-jump,1,0,C
G514,G514,,252.1,,broken-jump,11,10,C
G515,G515,,209.9,,no-official-km,11,10,C
G516,G516,,157.9,,broken-jump,5,4,C
G517,G517,,130.7,,no-official-km,4,3,C
G518,G518,,523.3,,no-official-km,18,17,C
G519,G519,,117.3,,no-official-km,2,1,C
G520,G520,,229.4,,no-official-km,20,19,C
G521,G521,,136.8,,no-official-km,12,11,C
G522,G522,,372.4,,no-official-km,7,6,C
G523,G523,,49.4,,no-official-km,6,5,C
G524,G524,,250.8,,no-official-km,9,8,C
G525,G525,,88.4,,no-official-km,4,3,C
G526,G526,,116.8,,no-official-km,10,9,C
G527,G527,,356.4,,no-official-km,21,20,C
G528,G528,,719.0,,no-official-km,14,13,C
G529,G529,,198.9,,no-official-km,5,4,C
G530,G530,,387.9,,no-official-km,15,14,C
G531,G531,,36.4,,no-official-km,2,1,C
G532,G532,,108.3,,no-official-km,5,4,C
G533,G533,,110.7,,no-official-km,8,7,C
G534,G534,,257.2,,no-official-km,5,4,C
G535,G535,,286.0,,no-official-km,11,10,C
G536,G536,,390.5,,no-official-km,16,15,C
G537,G537,,146.3,,no-official-km,3,2,C
G538,G538,,156.9,,no-official-km,10,9,C
G539,G539,,97.7,,no-official-km,10,9,C
G540,G540,,96.1,,no-official-km,2,1,C
G541,G541,,397.7,,no-official-km,2,1,C
G542,G542,,530.9,,no-official-km,24,23,C
G543,G543,,135.5,,no-official-km,3,2,C
G544,G544,,146.0,,no-official-km,2,1,C
G545,G545,,106.5,,no-official-km,1,0,C
G546,G546,,244.5,,no-official-km,6,5,C
G547,G547,,141.9,,no-official-km,8,7,C
G548,G548,,274.6,,no-official-km,3,2,C
G549,G549,,387.8,,no-official-km,5,4,C
G550,G550,,83.1,,no-official-km,1,0,C
G551,G551,,35.9,,no-official-km,4,3,C
G552,G552,,219.0,,no-official-km,6,5,C
G553,G553,,186.1,,no-official-km,5,4,C
G554,G554,,150.1,,no-official-km,3,2,C
G555,G555,,165.4,,no-official-km,2,1,C
G556,G556,,305.6,,no-official-km,13,12,C
G557,G557,,73.1,,no-official-km,1,0,C
G558,G558,,349.1,,no-official-km,1,0,C
G559,G559,,330.7,,no-official-km,2,1,C
G560,G560,,514.6,,no-official-km,6,5,C
G561,G561,,149.4,,broken-jump,1,0,C
G562,G562,,546.8,,broken-jump,3,2,C
G563,G563,,23.6,,no-official-km,1,0,C
G564,G564,,107.7,,no-official-km,2,1,C
G565,G565,,132.8,,no-official-km,2,1,C
G566,G566,,278.7,,no-official-km,11,10,C
G567,G567,,179.0,,no-official-km,2,1,C
G568,G568,,355.5,,no-official-km,6,5,C
G569,G569,,677.2,,broken-jump,11,10,C
G570,G570,,45.9,,no-official-km,5,4,C
G571,G571,,705.0,,broken-jump,5,4,C
G572,G572,,299.2,,broken-jump,1,0,C
G573,G573,,225.1,,no-official-km,1,0,C
G574,G574,,198.4,,no-official-km,1,0,C
G575,G575,,357.8,,broken-jump,17,16,C
G576,G576,,52.2,,no-official-km,1,0,C
G577,G577,,311.4,,no-official-km,5,4,C
G578,G578,,261.9,,no-official-km,4,3,C
G579,G579,,241.6,,no-official-km,1,0,C
G580,G580,,780.4,,no-official-km,9,8,C
G581,G581,,183.1,,no-official-km,2,1,C
G601,G601,,52.1,,no-official-km,2,1,C
G602,G602,,237.4,,broken-jump,4,3,C
G603,G603,,170.7,,no-official-km,1,0,C
G604,G604,,490.4,,no-official-km,2,1,C
G605,G605,,1535.6,,broken-jump,8,7,C
G606,G606,,278.1,,no-official-km,4,3,C
G607,G607,,169.9,,no-official-km,5,4,C
G608,G608,,452.2,,broken-jump,9,8,C
G609,G609,,10.6,,no-official-km,1,0,C
G610,G610,,11.2,,no-official-km,1,0,C
G611,G611,,47.5,,no-official-km,2,1,C
G612,G612,,95.4,,no-official-km,2,1,C
G613,G613,,,,no-geometry,0,0,
G614,G614,,,,no-geometry,0,0,
G615,G615,,,,no-geometry,0,0,
G616,G616,,,,no-geometry,0,0,
G617,G617,,,,no-geometry,0,0,
G618,G618,,,,no-geometry,0,0,
G619,G619,,287.4,,no-official-km,8,7,C
G620,G620,,,,no-geometry,0,0,
G621,G621,,302.6,,no-official-km,4,3,C
G622,G622,,,,no-geometry,0,0,
G623,G623,,,,no-geometry,0,0,
G624,G624,,,,no-geometry,0,0,
G625,G625,,306.4,,no-official-km,3,2,C
G626,G626,,505.0,,no-official-km,5,4,C
G627,G627,,1.5,,no-official-km,1,0,C
G628,G628,,,,no-geometry,0,0,
G629,G629,,198.6,,broken-jump,2,1,C
G630,G630,,,,no-geometry,0,0,
G631,G631,,41.0,,broken-jump,1,0,C
G632,G632,,,,no-geometry,0,0,
G633,G633,,69.4,,no-official-km,6,5,C
G634,G634,,74.1,,no-official-km,7,6,C
G635,G635,,223.5,,no-official-km,18,17,C
G636,G636,,,,no-geometry,0,0,
G637,G637,,,,no-geometry,0,0,
G638,G638,,6.2,,no-official-km,2,1,C
G639,G639,,,,no-geometry,0,0,
G640,G640,,45.8,,no-official-km,2,1,C
G641,G641,,,,no-geometry,0,0,
G642,G642,,,,no-geometry,0,0,
G643,G643,,30.8,,no-official-km,1,0,C
G644,G644,,12.9,,no-official-km,1,0,C
G645,G645,,12.9,,no-official-km,1,0,C
G646,G646,,3.7,,no-official-km,1,0,C
G647,G647,,,,no-geometry,0,0,
G648,G648,,,,no-geometry,0,0,
G649,G649,,,,no-geometry,0,0,
G650,G650,,,,no-geometry,0,0,
G651,G651,,171.0,,no-official-km,2,1,C
G652,G652,,151.1,,no-official-km,6,5,C
G653,G653,,288.7,,no-official-km,8,7,C
G654,G654,,,,no-geometry,0,0,
G655,G655,,,,no-geometry,0,0,
G656,G656,,,,no-geometry,0,0,
G657,G657,,,,no-geometry,0,0,
G658,G658,,,,no-geometry,0,0,
G659,G659,,,,no-geometry,0,0,
G660,G660,,,,no-geometry,0,0,
G661,G661,,95.0,,no-official-km,4,3,C
G662,G662,,374.0,,broken-jump,4,3,C
G663,G663,,272.9,,broken-jump,2,1,C
G664,G664,,254.0,,no-official-km,4,3,C
G665,G665,,133.1,,no-official-km,1,0,C
G666,G666,,56.5,,no-official-km,1,0,C
G667,G667,,83.3,,broken-jump,2,1,C
G668,G668,,,,no-geometry,0,0,
G669,G669,,,,no-geometry,0,0,
G670,G670,,,,no-geometry,0,0,
G671,G671,,,,no-geometry,0,0,
G672,G672,,139.5,,no-official-km,4,3,C
G673,G673,,31.4,,no-official-km,1,0,C
G674,G674,,102.5,,no-official-km,3,2,C
G675,G675,,32.7,,no-official-km,1,0,C
G676,G676,,872.3,,no-official-km,11,10,C
G677,G677,,746.3,,no-official-km,10,9,C
G678,G678,,521.3,,no-official-km,12,11,C
G679,G679,,,,no-geometry,0,0,
G680,G680,,,,no-geometry,0,0,
G681,G681,,209.5,,no-official-km,1,0,C
G682,G682,,,,no-geometry,0,0,
G683,G683,,,,no-geometry,0,0,
G684,G684,,209.7,,no-official-km,1,0,C
G685,G685,,,,no-geometry,0,0,
G686,G686,,14.3,,no-official-km,1,0,C
G687,G687,,,,no-geometry,0,0,
G688,G688,,299.3,,no-official-km,1,0,C
G689,G689,,,,no-geometry,0,0,
G690,G690,,,,no-geometry,0,0,
G691,G691,,35.0,,no-official-km,3,2,C
G692,G692,,223.6,,no-official-km,1,0,C
G693,G693,,,,no-geometry,0,0,
G694,G694,,98.5,,no-official-km,2,1,C
G695,G695,,3731.2,,no-official-km,12,11,C
G696,G696,,,,no-geometry,0,0,
G697,G697,,,,no-geometry,0,0,
G698,G698,,,,no-geometry,0,0,
G699,G699,,,,no-geometry,0,0,
G700,G700,,39.0,,no-official-km,4,3,C
G701,G701,,,,no-geometry,0,0,
G255,G255,,1.3,,no-official-km,1,0,C
G256,G256,,0.1,,no-official-km,1,0,C
G288,G288,,1.0,,no-official-km,1,0,C
G388,G388,,8.9,,no-official-km,1,0,C
G150,G150,,3.4,,no-official-km,1,0,C
G1,G1,1200,1270.5,5.9,ok,7,6,A
G0111,G0111,,402.2,,no-official-km,3,2,C
G0112,G0112,,,,no-geometry,0,0,
G0121,G0121,,315.6,,no-official-km,5,4,C
G0122,G0122,,,,no-geometry,0,0,
G2,G2,1210,1474.6,21.9,ok,19,18,B
G0211,G0211,,290.6,,no-official-km,2,1,C
G0212,G0212,,,,no-geometry,0,0,
G3,G3,2030,2202.0,8.5,ok,30,29,A
G0311,G0311,,100.0,,no-official-km,1,0,C
G0321,G0321,,1142.9,,no-official-km,12,11,C
G0322,G0322,,,,no-geometry,0,0,
G0323,G0323,,233.1,,no-official-km,3,2,C
G4,G4,2285,2522.4,10.4,ok,17,16,B
G0411,G0411,,105.5,,no-official-km,3,2,C
G0412,G0412,,168.5,,no-official-km,1,0,C
G0413,G0413,,,,no-geometry,0,0,
G0421,G0421,,1510.2,,no-official-km,10,9,C
G0422,G0422,,987.2,,no-official-km,5,4,C
G0423,G0423,,291.2,,no-official-km,1,0,C
G0424,G0424,,641.2,,no-official-km,3,2,C
G0425,G0425,,161.1,,no-official-km,3,2,C
G5,G5,2865,2952.4,3.1,ok,15,14,A
G0511,G0511,,92.5,,no-official-km,1,0,C
G0512,G0512,,120.4,,no-official-km,2,1,C
G0513,G0513,,,,no-geometry,0,0,
G6,G6,3710,3221.5,13.2,ok,29,28,B
G0611,G0611,,508.6,,no-official-km,6,5,C
G0612,G0612,,1731.5,,no-official-km,6,5,C
G0613,G0613,,1176.0,,no-official-km,4,3,C
G0615,G0615,,1017.3,,no-official-km,8,7,C
G0616,G0616,,155.8,,no-official-km,1,0,C
G7,G7,2768,2953.9,6.7,ok,12,11,A
G0711,G0711,,856.4,,no-official-km,1,0,C
G0712,G0712,,,,no-geometry,0,0,
G11,G11,1390,1571.0,13,ok,4,3,B
G1111,G1111,,375.4,,broken-jump,4,3,C
G1112,G1112,,445.6,,no-official-km,3,2,C
G1113,G1113,,268.2,,no-official-km,16,15,C
G1115,G1115,,388.1,,no-official-km,1,0,C
G1116,G1116,,177.8,,no-official-km,1,0,C
G1117,G1117,,222.3,,no-official-km,1,0,C
G1118,G1118,,,,no-geometry,0,0,
G1119,G1119,,,,no-geometry,0,0,
G1131,G1131,,53.8,,no-official-km,1,0,C
G15,G15,3710,3881.8,4.6,ok,29,28,A
G1511,G1511,470,490.4,4.3,ok,2,1,A
G1512,G1512,180,200.3,11.3,ok,2,1,B
G1513,G1513,,134.6,,no-official-km,1,0,C
G1514,G1514,,425.1,,no-official-km,4,3,C
G1515,G1515,,173.9,,no-official-km,1,0,C
G1516,G1516,,782.4,,no-official-km,14,13,C
G1517,G1517,,758.4,,no-official-km,6,5,C
G1518,G1518,,,,no-geometry,0,0,
G1519,G1519,,36.7,,no-official-km,1,0,C
G1521,G1521,,127.2,,no-official-km,2,1,C
G1522,G1522,,355.4,,no-official-km,4,3,C
G1523,G1523,,1406.3,,no-official-km,12,11,C
G1531,G1531,,,,no-geometry,0,0,
G1532,G1532,,341.6,,no-official-km,2,1,C
G1533,G1533,,,,no-geometry,0,0,
G1534,G1534,,,,no-geometry,0,0,
G1535,G1535,,36.2,,no-official-km,1,0,C
G1536,G1536,,,,no-geometry,0,0,
G25,G25,3585,3782.8,5.5,ok,20,19,A
G2511,G2511,,480.1,,no-official-km,6,5,C
G2512,G2512,,119.2,,no-official-km,1,0,C
G2513,G2513,200,190.9,4.5,ok,1,0,A
G2515,G2515,,,,no-geometry,0,0,
G2516,G2516,,694.2,,no-official-km,6,5,C
G2517,G2517,,251.3,,no-official-km,3,2,C
G2518,G2518,,417.0,,no-official-km,9,8,C
G2519,G2519,,,,no-geometry,0,0,
G2531,G2531,,,,no-geometry,0,0,
G35,G35,2100,2081.7,0.9,ok,17,16,A
G3511,G3511,,903.8,,no-official-km,11,10,C
G3512,G3512,,,,no-geometry,0,0,
G45,G45,3550,3694.3,4.1,ok,37,36,A
G4511,G4511,,148.1,,no-official-km,2,1,C
G4512,G4512,,646.9,,no-official-km,7,6,C
G4513,G4513,,258.8,,no-official-km,3,2,C
G4515,G4515,,197.5,,broken-jump,2,1,C
G55,G55,2685,2876.3,7.1,ok,14,13,A
G5511,G5511,,1501.3,,no-official-km,4,3,C
G5512,G5512,,135.6,,no-official-km,2,1,C
G5513,G5513,310,325.4,5,ok,2,1,A
G5515,G5515,,656.3,,no-official-km,5,4,C
G5516,G5516,,312.5,,no-official-km,4,3,C
G5517,G5517,,176.8,,no-official-km,2,1,C
G5518,G5518,,9.7,,no-official-km,1,0,C
G59,G59,2600,2419.0,7,ok,47,46,A
G5911,G5911,,,,no-geometry,0,0,
G5912,G5912,,,,no-geometry,0,0,
G65,G65,3010,3465.8,15.1,ok,13,12,B
G6511,G6511,,,,no-geometry,0,0,
G6512,G6512,,31.4,,no-official-km,1,0,C
G6517,G6517,,213.1,,no-official-km,2,1,C
G6521,G6521,,568.8,,no-official-km,5,4,C
G6522,G6522,,385.7,,no-official-km,3,2,C
G69,G69,2200,2490.3,13.2,ok,15,14,B
G6911,G6911,,389.8,,no-official-km,5,4,C
G75,G75,2650,2637.6,0.5,ok,12,11,A
G7511,G7511,,76.0,,no-official-km,1,0,C
G7512,G7512,,674.5,,no-official-km,4,3,C
G7521,G7521,,362.7,,broken-jump,4,3,C
G7522,G7522,,601.8,,no-official-km,2,1,C
G85,G85,1100,2366.2,115.1,deviation-large,12,11,X
G8511,G8511,,784.3,,no-official-km,1,0,C
G8512,G8512,,63.7,,no-official-km,1,0,C
G8513,G8513,,939.2,,no-official-km,3,2,C
G8515,G8515,,304.7,,no-official-km,3,2,C
G8516,G8516,,338.6,,no-official-km,1,0,C
G8517,G8517,,10.9,,no-official-km,3,2,C
G10,G10,1300,1550.4,19.3,ok,34,33,B
G1011,G1011,,591.0,,no-official-km,1,0,C
G1012,G1012,,218.3,,no-official-km,5,4,C
G1013,G1013,,466.8,,no-official-km,3,2,C
G1015,G1015,,694.4,,no-official-km,6,5,C
G1016,G1016,,,,no-geometry,0,0,
G1017,G1017,,,,no-geometry,0,0,
G12,G12,890,1065.9,19.8,ok,7,6,B
G1211,G1211,,578.6,,no-official-km,8,7,C
G1212,G1212,,393.7,,no-official-km,3,2,C
G1213,G1213,,31.0,,no-official-km,1,0,C
G1215,G1215,,14.4,,no-official-km,1,0,C
G1216,G1216,,,,no-geometry,0,0,
G1221,G1221,,492.3,,no-official-km,2,1,C
G16,G16,600,958.2,59.7,deviation-large,6,5,X
G1611,G1611,,199.5,,no-official-km,10,9,C
G1612,G1612,,,,no-geometry,0,0,
G18,G18,1800,1913.9,6.3,ok,10,9,A
G1811,G1811,300,327.9,9.3,ok,2,1,A
G1812,G1812,600,814.8,35.8,deviation-mid,3,2,C
G1813,G1813,,181.6,,no-official-km,1,0,C
G1815,G1815,,186.4,,no-official-km,2,1,C
G1816,G1816,,635.9,,no-official-km,9,8,C
G1817,G1817,,246.1,,no-official-km,4,3,C
G1818,G1818,,,,no-geometry,0,0,
G20,G20,1580,1727.7,9.3,ok,14,13,A
G2011,G2011,,111.0,,no-official-km,1,0,C
G2012,G2012,400,566.2,41.6,deviation-mid,6,5,C
G22,G22,1800,2028.0,12.7,ok,23,22,B
G2211,G2211,,427.3,,no-official-km,3,2,C
G30,G30,4395,5321.8,21.1,broken-jump,51,50,B
G3011,G3011,400,1093.2,173.3,deviation-large,3,2,X
G3012,G3012,,2290.7,,no-official-km,5,4,C
G3013,G3013,,103.9,,no-official-km,1,0,C
G3014,G3014,,702.0,,broken-jump,2,1,C
G3015,G3015,,219.6,,no-official-km,16,15,C
G3016,G3016,,83.0,,no-official-km,1,0,C
G3017,G3017,,128.3,,no-official-km,1,0,C
G3018,G3018,,47.3,,no-official-km,1,0,C
G3019,G3019,,13.2,,no-official-km,2,1,C
G3021,G3021,,100.5,,no-official-km,2,1,C
G3031,G3031,,332.9,,no-official-km,4,3,C
G3032,G3032,,165.4,,no-official-km,3,2,C
G3033,G3033,,,,no-geometry,0,0,
G3035,G3035,,,,no-geometry,0,0,
G3036,G3036,,93.6,,no-official-km,1,0,C
G36,G36,720,767.5,6.6,ok,5,4,A
G3611,G3611,,292.5,,no-official-km,2,1,C
G3612,G3612,,123.1,,no-official-km,1,0,C
G3613,G3613,,,,no-geometry,0,0,
G3615,G3615,,159.7,,no-official-km,2,1,C
G40,G40,1490,1572.2,5.5,ok,16,15,A
G4011,G4011,,108.0,,no-official-km,2,1,C
G4012,G4012,,755.6,,no-official-km,8,7,C
G4013,G4013,,196.0,,no-official-km,5,4,C
G4015,G4015,,77.4,,no-official-km,1,0,C
G42,G42,1960,2183.4,11.4,ok,23,22,B
G4211,G4211,60,149.1,148.5,deviation-large,4,3,X
G4212,G4212,,226.2,,no-official-km,1,0,C
G4213,G4213,,715.2,,no-official-km,11,10,C
G4215,G4215,450,516.3,14.7,ok,3,2,B
G4216,G4216,,757.0,,no-official-km,6,5,C
G4217,G4217,,335.3,,no-official-km,1,0,C
G4218,G4218,,863.8,,no-official-km,4,3,C
G4219,G4219,,98.8,,no-official-km,1,0,C
G4221,G4221,800,760.8,4.9,ok,7,6,A
G4222,G4222,,339.7,,no-official-km,3,2,C
G4223,G4223,,190.1,,no-official-km,4,3,C
G4231,G4231,,119.6,,no-official-km,1,0,C
G50,G50,1770,1961.0,10.8,ok,9,8,B
G5011,G5011,100,187.7,87.7,deviation-large,4,3,X
G5012,G5012,,500.3,,no-official-km,4,3,C
G5013,G5013,260,278.9,7.3,ok,4,3,A
G5015,G5015,,,,no-geometry,0,0,
G5016,G5016,,,,no-geometry,0,0,
G5021,G5021,,196.2,,no-official-km,1,0,C
G56,G56,3405,3233.8,5,ok,23,22,A
G5611,G5611,260,217.2,16.5,ok,1,0,B
G5612,G5612,,214.2,,no-official-km,3,2,C
G5613,G5613,,111.7,,no-official-km,1,0,C
G5615,G5615,,1230.3,,no-official-km,8,7,C
G5616,G5616,,,,no-geometry,0,0,
G5617,G5617,,63.1,,no-official-km,1,0,C
G5618,G5618,,176.9,,no-official-km,2,1,C
G5621,G5621,,385.8,,no-official-km,2,1,C
G60,G60,2730,2515.8,7.8,ok,14,13,A
G6011,G6011,,573.0,,no-official-km,8,7,C
G6012,G6012,,156.6,,no-official-km,3,2,C
G6021,G6021,,885.7,,no-official-km,5,4,C
G6022,G6022,,179.8,,no-official-km,1,0,C
G6023,G6023,,,,no-geometry,0,0,
G6025,G6025,,,,no-geometry,0,0,
G70,G70,2445,2546.4,4.1,ok,16,15,A
G7011,G7011,,809.5,,no-official-km,6,5,C
G7012,G7012,,180.2,,no-official-km,1,0,C
G7013,G7013,,99.6,,no-official-km,2,1,C
G7021,G7021,,510.1,,no-official-km,7,6,C
G72,G72,1500,1703.8,13.6,ok,20,19,B
G7211,G7211,180,280.5,55.8,deviation-large,1,0,X
G7212,G7212,,358.9,,no-official-km,3,2,C
G7221,G7221,,227.7,,no-official-km,4,3,C
G76,G76,2300,2402.5,4.5,ok,22,21,A
G7611,G7611,,691.9,,no-official-km,4,3,C
G7612,G7612,,259.3,,no-official-km,2,1,C
G78,G78,1800,1864.2,3.6,ok,13,12,A
G80,G80,1600,1499.5,6.3,ok,10,9,A
G8011,G8011,,256.6,,no-official-km,1,0,C
G8012,G8012,,367.3,,no-official-km,3,2,C
G8013,G8013,,37.5,,no-official-km,1,0,C
G91,G91,400,394.8,1.3,ok,1,0,A
G9111,G9111,,314.7,,no-official-km,5,4,C
G92,G92,450,280.6,37.6,deviation-mid,5,4,C
G9211,G9211,,73.6,,no-official-km,2,1,C
G9221,G9221,,194.9,,no-official-km,3,2,C
G93,G93,1200,1140.5,5,ok,4,3,A
G94,G94,200,527.7,163.9,deviation-large,10,9,X
G9411,G9411,,174.5,,no-official-km,2,1,C
G95,G95,900,828.3,8,ok,18,17,A
G9511,G9511,,135.8,,no-official-km,2,1,C
G98,G98,613,633.4,3.3,ok,1,0,A
G9811,G9811,,250.5,,no-official-km,1,0,C
G9812,G9812,,120.7,,no-official-km,3,2,C
G9813,G9813,,162.6,,no-official-km,1,0,C
G9901,G9901,,65.7,,broken-jump,1,0,C
G9902,G9902,,352.4,,no-official-km,1,0,C
G9903,G9903,,247.6,,no-official-km,2,1,C
G9904,G9904,,15.7,,no-official-km,1,0,C
G9905,G9905,,,,no-geometry,0,0,
G9906,G9906,,105.6,,no-official-km,2,1,C
G9907,G9907,,,,no-geometry,0,0,
G9908,G9908,,,,no-geometry,0,0,
G9909,G9909,,523.4,,no-official-km,1,0,C
G9910,G9910,,450.6,,no-official-km,1,0,C
G9911,G9911,,173.8,,no-official-km,2,1,C
G9912,G9912,,88.3,,no-official-km,2,1,C
G0401,G0401,,94.9,,no-official-km,5,4,C
G0601,G0601,,,,no-geometry,0,0,
G1501,G1501,,89.8,,no-official-km,8,7,C
G1503,G1503,,237.3,,no-official-km,4,3,C
G1504,G1504,,97.2,,no-official-km,1,0,C
G1505,G1505,,137.2,,no-official-km,7,6,C
G1508,G1508,,228.2,,no-official-km,1,0,C
G2501,G2501,,94.9,,no-official-km,6,5,C
G2502,G2502,,104.1,,broken-jump,4,3,C
G2503,G2503,,167.1,,no-official-km,1,0,C
G2504,G2504,,116.6,,no-official-km,2,1,C
G4501,G4501,,168.2,,broken-jump,5,4,C
G5901,G5901,,121.3,,no-official-km,1,0,C
G1001,G1001,,93.9,,no-official-km,1,0,C
G2001,G2001,,129.7,,no-official-km,5,4,C
G2002,G2002,,41.5,,no-official-km,1,0,C
G2003,G2003,,227.9,,no-official-km,5,4,C
G2004,G2004,,63.8,,no-official-km,4,3,C
G2201,G2201,,68.4,,no-official-km,1,0,C
G3001,G3001,,53.0,,no-official-km,2,1,C
G3002,G3002,,88.3,,no-official-km,1,0,C
G3003,G3003,,178.7,,no-official-km,1,0,C
G4001,G4001,,123.6,,no-official-km,1,0,C
G4201,G4201,,214.0,,no-official-km,2,1,C
G4202,G4202,,87.3,,no-official-km,1,0,C
G5001,G5001,,210.5,,no-official-km,1,0,C
G5601,G5601,,284.7,,no-official-km,2,1,C
G6001,G6001,,130.0,,no-official-km,2,1,C
G6002,G6002,,115.6,,no-official-km,1,0,C
G7201,G7201,,131.3,,no-official-km,1,0,C
G3531,G3531,,2.4,,no-official-km,1,0,C
G6026,G6026,,79.2,,no-official-km,1,0,C
G8311,G8311,,0.5,,no-official-km,1,0,C
G4521,G4521,,136.9,,no-official-km,1,0,C
G1202,G1202,,26.9,,no-official-km,2,1,C
G3022,G3022,,16.6,,no-official-km,1,0,C
G3023,G3023,,39.4,,no-official-km,1,0,C
G3024,G3024,,20.4,,no-official-km,2,1,C
G1502,G1502,,0.4,,no-official-km,1,0,C
G0521,G0521,,177.6,,no-official-km,2,1,C
G3300,G3300,,0.2,,no-official-km,1,0,C
安徽:X1,X1,,246.3,,no-official-km,19,18,C
安徽:X10,X10,,111.6,,no-official-km,14,13,C
安徽:X100,X100,,52.6,,no-official-km,2,1,C
安徽:X101,X101,,12.6,,broken-jump,2,1,C
安徽:X102,X102,,58.2,,no-official-km,3,2,C
安徽:X103,X103,,13.2,,no-official-km,3,2,C
安徽:X104,X104,,6.4,,no-official-km,2,1,C
安徽:X105,X105,,15.6,,no-official-km,2,1,C
安徽:X106,X106,,12.2,,no-official-km,2,1,C
安徽:X11,X11,,164.1,,no-official-km,11,10,C
安徽:X110,X110,,14.2,,no-official-km,1,0,C
安徽:X111,X111,,20.1,,no-official-km,2,1,C
安徽:X112,X112,,17.6,,no-official-km,2,1,C
安徽:X113,X113,,34.9,,no-official-km,5,4,C
安徽:X114,X114,,7.7,,no-official-km,2,1,C
安徽:X115,X115,,28.6,,no-official-km,2,1,C
安徽:X116,X116,,3.6,,no-official-km,1,0,C
安徽:X117,X117,,5.4,,no-official-km,1,0,C
安徽:X118,X118,,11.0,,no-official-km,1,0,C
安徽:X12,X12,,112.6,,no-official-km,13,12,C
安徽:X121,X121,,29.3,,no-official-km,1,0,C
安徽:X122,X122,,18.2,,no-official-km,2,1,C
安徽:X125,X125,,9.5,,no-official-km,1,0,C
安徽:X126,X126,,6.3,,no-official-km,1,0,C
安徽:X127,X127,,28.9,,no-official-km,2,1,C
安徽:X13,X13,,214.6,,no-official-km,13,12,C
安徽:X131,X131,,58.8,,no-official-km,3,2,C
安徽:X14,X14,,118.2,,no-official-km,15,14,C
安徽:X15,X15,,68.2,,no-official-km,5,4,C
安徽:X16,X16,,84.6,,no-official-km,10,9,C
安徽:X17,X17,,84.4,,no-official-km,9,8,C
安徽:X18,X18,,67.9,,no-official-km,10,9,C
安徽:X19,X19,,79.8,,broken-jump,8,7,C
安徽:X2,X2,,173.8,,no-official-km,14,13,C
安徽:X20,X20,,130.2,,no-official-km,13,12,C
安徽:X201,X201,,43.3,,no-official-km,4,3,C
安徽:X202,X202,,71.7,,no-official-km,8,7,C
安徽:X203,X203,,17.8,,no-official-km,4,3,C
安徽:X204,X204,,50.6,,no-official-km,8,7,C
安徽:X205,X205,,67.6,,broken-jump,7,6,C
安徽:X206,X206,,34.2,,no-official-km,4,3,C
安徽:X207,X207,,49.6,,no-official-km,3,2,C
安徽:X208,X208,,43.7,,no-official-km,5,4,C
安徽:X209,X209,,37.8,,no-official-km,1,0,C
安徽:X21,X21,,146.7,,no-official-km,12,11,C
安徽:X211,X211,,10.4,,no-official-km,1,0,C
安徽:X212,X212,,16.1,,no-official-km,2,1,C
安徽:X213,X213,,141.5,,no-official-km,7,6,C
安徽:X216,X216,,113.8,,broken-jump,1,0,C
安徽:X217,X217,,8.3,,no-official-km,2,1,C
安徽:X218,X218,,10.6,,no-official-km,1,0,C
安徽:X219,X219,,33.7,,no-official-km,3,2,C
安徽:X22,X22,,106.7,,broken-jump,13,12,C
安徽:X220,X220,,28.0,,no-official-km,2,1,C
安徽:X223,X223,,32.6,,no-official-km,3,2,C
安徽:X224,X224,,26.4,,no-official-km,3,2,C
安徽:X225,X225,,21.8,,no-official-km,2,1,C
安徽:X229,X229,,7.0,,no-official-km,1,0,C
安徽:X23,X23,,174.0,,broken-jump,15,14,C
安徽:X231,X231,,10.4,,no-official-km,1,0,C
安徽:X233,X233,,10.9,,no-official-km,2,1,C
安徽:X24,X24,,193.3,,no-official-km,12,11,C
安徽:X248,X248,,10.2,,no-official-km,1,0,C
安徽:X25,X25,,118.6,,broken-jump,5,4,C
安徽:X252,X252,,1.1,,no-official-km,1,0,C
安徽:X253,X253,,9.8,,no-official-km,2,1,C
安徽:X26,X26,,87.0,,no-official-km,8,7,C
安徽:X27,X27,,46.0,,no-official-km,8,7,C
安徽:X278,X278,,2.0,,no-official-km,1,0,C
安徽:X28,X28,,59.3,,no-official-km,7,6,C
安徽:X29,X29,,94.6,,no-official-km,10,9,C
安徽:X3,X3,,137.5,,no-official-km,13,12,C
安徽:X30,X30,,36.2,,no-official-km,4,3,C
安徽:X301,X301,,55.8,,no-official-km,3,2,C
安徽:X302,X302,,39.8,,no-official-km,4,3,C
安徽:X303,X303,,28.6,,no-official-km,3,2,C
安徽:X304,X304,,28.7,,no-official-km,6,5,C
安徽:X305,X305,,9.1,,no-official-km,1,0,C
安徽:X306,X306,,69.1,,no-official-km,8,7,C
安徽:X307,X307,,9.0,,no-official-km,1,0,C
安徽:X308,X308,,21.8,,no-official-km,1,0,C
安徽:X31,X31,,62.1,,no-official-km,4,3,C
安徽:X310,X310,,31.7,,no-official-km,5,4,C
安徽:X311,X311,,76.9,,broken-jump,5,4,C
安徽:X312,X312,,14.0,,no-official-km,3,2,C
安徽:X313,X313,,49.1,,no-official-km,3,2,C
安徽:X314,X314,,66.2,,no-official-km,4,3,C
安徽:X315,X315,,22.4,,no-official-km,1,0,C
安徽:X316,X316,,8.9,,no-official-km,1,0,C
安徽:X317,X317,,45.8,,no-official-km,4,3,C
安徽:X319,X319,,7.9,,no-official-km,1,0,C
安徽:X32,X32,,55.4,,no-official-km,4,3,C
安徽:X321,X321,,29.4,,no-official-km,3,2,C
安徽:X322,X322,,83.2,,no-official-km,6,5,C
安徽:X323,X323,,61.8,,no-official-km,5,4,C
安徽:X324,X324,,7.4,,no-official-km,1,0,C
安徽:X325,X325,,23.0,,no-official-km,3,2,C
安徽:X326,X326,,26.4,,no-official-km,4,3,C
安徽:X327,X327,,30.9,,no-official-km,4,3,C
安徽:X33,X33,,52.3,,no-official-km,3,2,C
安徽:X336,X336,,10.2,,no-official-km,2,1,C
安徽:X34,X34,,95.4,,no-official-km,5,4,C
安徽:X35,X35,,171.1,,no-official-km,9,8,C
安徽:X36,X36,,26.9,,no-official-km,4,3,C
安徽:X37,X37,,71.8,,no-official-km,6,5,C
安徽:X38,X38,,95.7,,broken-jump,10,9,C
安徽:X39,X39,,39.6,,no-official-km,3,2,C
安徽:X4,X4,,195.5,,no-official-km,13,12,C
安徽:X40,X40,,50.4,,broken-jump,2,1,C
安徽:X407,X407,,8.3,,no-official-km,1,0,C
安徽:X41,X41,,39.5,,no-official-km,5,4,C
安徽:X418,X418,,18.6,,no-official-km,2,1,C
安徽:X419,X419,,14.0,,no-official-km,2,1,C
安徽:X42,X42,,52.2,,no-official-km,5,4,C
安徽:X425,X425,,52.8,,no-official-km,4,3,C
安徽:X43,X43,,85.0,,no-official-km,9,8,C
安徽:X430,X430,,3.0,,no-official-km,1,0,C
安徽:X431,X431,,28.8,,no-official-km,1,0,C
安徽:X434,X434,,4.0,,no-official-km,1,0,C
安徽:X44,X44,,64.9,,no-official-km,9,8,C
安徽:X441,X441,,8.5,,no-official-km,1,0,C
安徽:X443,X443,,12.6,,no-official-km,1,0,C
安徽:X444,X444,,11.6,,no-official-km,3,2,C
安徽:X45,X45,,76.6,,broken-jump,6,5,C
安徽:X452,X452,,14.5,,no-official-km,1,0,C
安徽:X453,X453,,13.5,,no-official-km,1,0,C
安徽:X46,X46,,139.8,,no-official-km,8,7,C
安徽:X461,X461,,6.1,,no-official-km,1,0,C
安徽:X47,X47,,53.4,,no-official-km,3,2,C
安徽:X471,X471,,17.6,,no-official-km,1,0,C
安徽:X48,X48,,78.9,,no-official-km,5,4,C
安徽:X49,X49,,132.7,,no-official-km,11,10,C
安徽:X5,X5,,155.9,,no-official-km,14,13,C
安徽:X50,X50,,104.4,,no-official-km,6,5,C
安徽:X501,X501,,7.2,,no-official-km,3,2,C
安徽:X506,X506,,14.5,,no-official-km,1,0,C
安徽:X507,X507,,5.7,,no-official-km,1,0,C
安徽:X509,X509,,19.4,,no-official-km,2,1,C
安徽:X51,X51,,60.7,,no-official-km,5,4,C
安徽:X515,X515,,19.0,,no-official-km,2,1,C
安徽:X517,X517,,18.1,,no-official-km,3,2,C
安徽:X52,X52,,46.3,,no-official-km,5,4,C
安徽:X53,X53,,77.6,,no-official-km,7,6,C
安徽:X539,X539,,6.1,,no-official-km,1,0,C
安徽:X54,X54,,43.6,,no-official-km,5,4,C
安徽:X543,X543,,10.1,,no-official-km,1,0,C
安徽:X544,X544,,16.8,,no-official-km,1,0,C
安徽:X546,X546,,1.9,,no-official-km,1,0,C
安徽:X547,X547,,5.7,,no-official-km,2,1,C
安徽:X548,X548,,21.8,,no-official-km,2,1,C
安徽:X55,X55,,45.8,,no-official-km,8,7,C
安徽:X554,X554,,2.0,,no-official-km,1,0,C
安徽:X56,X56,,86.7,,broken-jump,7,6,C
安徽:X57,X57,,67.3,,no-official-km,7,6,C
安徽:X58,X58,,45.6,,no-official-km,6,5,C
安徽:X59,X59,,99.6,,no-official-km,9,8,C
安徽:X6,X6,,110.1,,no-official-km,14,13,C
安徽:X60,X60,,86.8,,no-official-km,7,6,C
安徽:X601,X601,,1.4,,no-official-km,1,0,C
安徽:X602,X602,,5.7,,no-official-km,1,0,C
安徽:X61,X61,,66.9,,no-official-km,1,0,C
安徽:X611,X611,,4.4,,no-official-km,1,0,C
安徽:X62,X62,,85.5,,broken-jump,9,8,C
安徽:X621,X621,,6.3,,no-official-km,1,0,C
安徽:X63,X63,,43.8,,no-official-km,3,2,C
安徽:X64,X64,,56.3,,no-official-km,6,5,C
安徽:X65,X65,,100.1,,no-official-km,4,3,C
安徽:X66,X66,,31.2,,no-official-km,3,2,C
安徽:X67,X67,,29.1,,no-official-km,3,2,C
安徽:X68,X68,,62.5,,no-official-km,7,6,C
安徽:X69,X69,,35.5,,broken-jump,2,1,C
安徽:X7,X7,,79.4,,no-official-km,6,5,C
安徽:X70,X70,,67.1,,no-official-km,8,7,C
安徽:X71,X71,,16.2,,no-official-km,1,0,C
安徽:X72,X72,,40.4,,broken-jump,3,2,C
安徽:X73,X73,,72.3,,no-official-km,6,5,C
安徽:X74,X74,,50.4,,no-official-km,4,3,C
安徽:X75,X75,,18.6,,no-official-km,2,1,C
安徽:X76,X76,,39.7,,no-official-km,2,1,C
安徽:X77,X77,,16.9,,no-official-km,1,0,C
安徽:X78,X78,,19.3,,no-official-km,3,2,C
安徽:X79,X79,,34.5,,no-official-km,2,1,C
安徽:X8,X8,,45.3,,no-official-km,8,7,C
安徽:X80,X80,,12.2,,no-official-km,1,0,C
安徽:X81,X81,,31.6,,no-official-km,3,2,C
安徽:X82,X82,,12.3,,no-official-km,2,1,C
安徽:X83,X83,,74.6,,no-official-km,2,1,C
安徽:X84,X84,,26.5,,no-official-km,1,0,C
安徽:X85,X85,,25.6,,no-official-km,3,2,C
安徽:X86,X86,,34.5,,no-official-km,2,1,C
安徽:X87,X87,,25.4,,no-official-km,3,2,C
安徽:X88,X88,,20.0,,no-official-km,2,1,C
安徽:X89,X89,,38.3,,no-official-km,1,0,C
安徽:X9,X9,,97.1,,broken-jump,9,8,C
安徽:X90,X90,,40.5,,no-official-km,3,2,C
安徽:X91,X91,,108.7,,no-official-km,6,5,C
安徽:X92,X92,,33.0,,no-official-km,3,2,C
安徽:X93,X93,,8.2,,no-official-km,1,0,C
安徽:X94,X94,,20.6,,no-official-km,2,1,C
安徽:X95,X95,,21.6,,no-official-km,2,1,C
安徽:X96,X96,,73.8,,no-official-km,2,1,C
安徽:X97,X97,,30.2,,no-official-km,1,0,C
安徽:X98,X98,,16.4,,no-official-km,2,1,C
安徽:X99,X99,,17.9,,no-official-km,2,1,C
北京:X1,X1,,78.2,,no-official-km,12,11,C
北京:X10,X10,,62.7,,no-official-km,13,12,C
北京:X105,X105,,9.1,,no-official-km,1,0,C
北京:X11,X11,,41.5,,broken-jump,9,8,C
北京:X12,X12,,47.9,,no-official-km,11,10,C
北京:X13,X13,,93.2,,no-official-km,8,7,C
北京:X14,X14,,52.5,,broken-jump,10,9,C
北京:X15,X15,,81.6,,no-official-km,6,5,C
北京:X16,X16,,39.1,,no-official-km,10,9,C
北京:X17,X17,,118.7,,no-official-km,15,14,C
北京:X18,X18,,62.8,,no-official-km,8,7,C
北京:X19,X19,,62.0,,no-official-km,10,9,C
北京:X2,X2,,186.3,,no-official-km,14,13,C
北京:X20,X20,,42.1,,no-official-km,10,9,C
北京:X201,X201,,22.7,,no-official-km,4,3,C
北京:X202,X202,,42.6,,no-official-km,4,3,C
北京:X203,X203,,68.2,,broken-jump,4,3,C
北京:X204,X204,,11.3,,broken-jump,1,0,C
北京:X206,X206,,7.0,,no-official-km,1,0,C
北京:X207,X207,,11.1,,no-official-km,1,0,C
北京:X209,X209,,17.5,,no-official-km,1,0,C
北京:X21,X21,,67.3,,no-official-km,7,6,C
北京:X210,X210,,29.6,,no-official-km,2,1,C
北京:X211,X211,,48.5,,no-official-km,3,2,C
北京:X212,X212,,11.9,,no-official-km,1,0,C
北京:X213,X213,,14.7,,no-official-km,1,0,C
北京:X214,X214,,8.4,,no-official-km,1,0,C
北京:X22,X22,,16.5,,no-official-km,3,2,C
北京:X23,X23,,26.6,,no-official-km,6,5,C
北京:X24,X24,,20.7,,no-official-km,7,6,C
北京:X25,X25,,24.9,,no-official-km,3,2,C
北京:X26,X26,,30.2,,no-official-km,3,2,C
北京:X27,X27,,8.3,,no-official-km,2,1,C
北京:X28,X28,,15.6,,no-official-km,3,2,C
北京:X29,X29,,25.7,,no-official-km,4,3,C
北京:X3,X3,,72.4,,no-official-km,10,9,C
北京:X30,X30,,42.5,,no-official-km,5,4,C
北京:X300,X300,,2.3,,no-official-km,2,1,C
北京:X301,X301,,15.9,,no-official-km,6,5,C
北京:X302,X302,,5.6,,no-official-km,2,1,C
北京:X305,X305,,58.1,,no-official-km,3,2,C
北京:X31,X31,,18.5,,no-official-km,6,5,C
北京:X32,X32,,48.0,,no-official-km,8,7,C
北京:X33,X33,,14.8,,no-official-km,3,2,C
北京:X34,X34,,24.1,,no-official-km,2,1,C
北京:X35,X35,,13.8,,no-official-km,2,1,C
北京:X36,X36,,11.9,,no-official-km,3,2,C
北京:X37,X37,,14.5,,no-official-km,3,2,C
北京:X38,X38,,16.5,,no-official-km,3,2,C
北京:X39,X39,,8.3,,no-official-km,2,1,C
北京:X4,X4,,118.0,,no-official-km,18,17,C
北京:X40,X40,,22.4,,no-official-km,6,5,C
北京:X404,X404,,1.6,,no-official-km,1,0,C
北京:X405,X405,,23.4,,no-official-km,2,1,C
北京:X42,X42,,51.4,,no-official-km,3,2,C
北京:X43,X43,,18.2,,no-official-km,3,2,C
北京:X44,X44,,6.4,,no-official-km,1,0,C
北京:X45,X45,,18.5,,no-official-km,1,0,C
北京:X47,X47,,9.3,,no-official-km,2,1,C
北京:X48,X48,,2.6,,no-official-km,1,0,C
北京:X5,X5,,82.8,,broken-jump,12,11,C
北京:X509,X509,,46.3,,no-official-km,2,1,C
北京:X516,X516,,17.2,,no-official-km,3,2,C
北京:X535,X535,,6.6,,no-official-km,2,1,C
北京:X536,X536,,6.1,,no-official-km,2,1,C
北京:X538,X538,,4.1,,no-official-km,1,0,C
北京:X554,X554,,5.4,,no-official-km,1,0,C
北京:X556,X556,,38.2,,no-official-km,1,0,C
北京:X56,X56,,4.5,,no-official-km,1,0,C
北京:X6,X6,,47.2,,no-official-km,8,7,C
北京:X7,X7,,99.5,,broken-jump,13,12,C
北京:X705,X705,,0.9,,no-official-km,1,0,C
北京:X706,X706,,3.3,,no-official-km,1,0,C
北京:X712,X712,,4.8,,no-official-km,1,0,C
北京:X751,X751,,6.6,,no-official-km,1,0,C
北京:X752,X752,,5.9,,no-official-km,2,1,C
北京:X8,X8,,89.8,,no-official-km,10,9,C
北京:X802,X802,,1.2,,no-official-km,1,0,C
北京:X806,X806,,6.7,,no-official-km,2,1,C
北京:X817,X817,,2.5,,no-official-km,1,0,C
北京:X9,X9,,87.2,,no-official-km,12,11,C
北京:X903,X903,,12.6,,no-official-km,4,3,C
北京:X906,X906,,3.4,,no-official-km,2,1,C
北京:X910,X910,,1.0,,no-official-km,1,0,C
北京:X912,X912,,0.4,,no-official-km,1,0,C
北京:X915,X915,,0.7,,no-official-km,1,0,C
北京:X917,X917,,4.6,,no-official-km,2,1,C
北京:X918,X918,,0.4,,no-official-km,1,0,C
北京:X927,X927,,3.1,,no-official-km,1,0,C
北京:X999,X999,,1.0,,no-official-km,1,0,C
重庆:X10,X10,,5.3,,no-official-km,4,3,C
重庆:X101,X101,,0.7,,no-official-km,1,0,C
重庆:X103,X103,,13.1,,no-official-km,1,0,C
重庆:X105,X105,,11.2,,no-official-km,1,0,C
重庆:X109,X109,,26.6,,no-official-km,1,0,C
重庆:X110,X110,,11.7,,no-official-km,1,0,C
重庆:X111,X111,,2.7,,no-official-km,1,0,C
重庆:X113,X113,,3.7,,no-official-km,1,0,C
重庆:X114,X114,,17.5,,no-official-km,2,1,C
重庆:X119,X119,,56.1,,no-official-km,4,3,C
重庆:X120,X120,,6.5,,no-official-km,1,0,C
重庆:X124,X124,,9.5,,no-official-km,2,1,C
重庆:X129,X129,,27.4,,no-official-km,2,1,C
重庆:X131,X131,,0.5,,no-official-km,1,0,C
重庆:X142,X142,,9.7,,no-official-km,1,0,C
重庆:X144,X144,,7.4,,no-official-km,1,0,C
重庆:X145,X145,,7.7,,no-official-km,1,0,C
重庆:X147,X147,,6.9,,no-official-km,1,0,C
重庆:X155,X155,,5.2,,no-official-km,1,0,C
重庆:X16,X16,,8.7,,no-official-km,1,0,C
重庆:X160,X160,,11.0,,no-official-km,1,0,C
重庆:X167,X167,,5.7,,no-official-km,1,0,C
重庆:X168,X168,,16.3,,no-official-km,3,2,C
重庆:X17,X17,,55.7,,no-official-km,1,0,C
重庆:X176,X176,,8.9,,no-official-km,2,1,C
重庆:X177,X177,,10.1,,no-official-km,2,1,C
重庆:X178,X178,,9.9,,no-official-km,1,0,C
重庆:X18,X18,,13.6,,no-official-km,2,1,C
重庆:X180,X180,,9.4,,no-official-km,1,0,C
重庆:X182,X182,,12.0,,no-official-km,2,1,C
重庆:X184,X184,,15.1,,no-official-km,1,0,C
重庆:X188,X188,,4.6,,no-official-km,1,0,C
重庆:X192,X192,,2.1,,no-official-km,2,1,C
重庆:X193,X193,,17.1,,no-official-km,2,1,C
重庆:X206,X206,,6.4,,no-official-km,1,0,C
重庆:X227,X227,,0.9,,no-official-km,1,0,C
重庆:X236,X236,,10.5,,no-official-km,2,1,C
重庆:X238,X238,,17.1,,no-official-km,3,2,C
重庆:X241,X241,,5.3,,no-official-km,1,0,C
重庆:X242,X242,,6.5,,no-official-km,1,0,C
重庆:X243,X243,,5.4,,no-official-km,2,1,C
重庆:X244,X244,,5.8,,no-official-km,1,0,C
重庆:X254,X254,,21.2,,no-official-km,1,0,C
重庆:X257,X257,,10.9,,no-official-km,1,0,C
重庆:X258,X258,,17.5,,no-official-km,1,0,C
重庆:X26,X26,,24.0,,no-official-km,1,0,C
重庆:X262,X262,,12.1,,no-official-km,1,0,C
重庆:X280,X280,,9.0,,no-official-km,1,0,C
重庆:X281,X281,,16.0,,no-official-km,1,0,C
重庆:X284,X284,,3.2,,no-official-km,1,0,C
重庆:X286,X286,,9.8,,no-official-km,1,0,C
重庆:X295,X295,,23.0,,no-official-km,1,0,C
重庆:X296,X296,,3.5,,no-official-km,1,0,C
重庆:X3,X3,,16.1,,no-official-km,1,0,C
重庆:X30,X30,,24.3,,no-official-km,1,0,C
重庆:X326,X326,,3.1,,no-official-km,1,0,C
重庆:X33,X33,,17.2,,no-official-km,2,1,C
重庆:X330,X330,,2.2,,no-official-km,1,0,C
重庆:X334,X334,,7.1,,no-official-km,2,1,C
重庆:X341,X341,,22.9,,no-official-km,2,1,C
重庆:X342,X342,,21.1,,no-official-km,1,0,C
重庆:X345,X345,,3.2,,no-official-km,1,0,C
重庆:X348,X348,,9.6,,no-official-km,1,0,C
重庆:X349,X349,,1.6,,no-official-km,1,0,C
重庆:X350,X350,,5.4,,no-official-km,1,0,C
重庆:X356,X356,,10.2,,no-official-km,1,0,C
重庆:X357,X357,,9.3,,no-official-km,1,0,C
重庆:X359,X359,,17.8,,no-official-km,1,0,C
重庆:X360,X360,,33.4,,no-official-km,4,3,C
重庆:X371,X371,,18.3,,no-official-km,1,0,C
重庆:X373,X373,,8.0,,no-official-km,1,0,C
重庆:X382,X382,,6.9,,no-official-km,1,0,C
重庆:X383,X383,,15.5,,no-official-km,4,3,C
重庆:X385,X385,,11.0,,no-official-km,1,0,C
重庆:X392,X392,,0.2,,no-official-km,1,0,C
重庆:X405,X405,,8.3,,no-official-km,1,0,C
重庆:X42,X42,,12.3,,no-official-km,2,1,C
重庆:X428,X428,,5.0,,no-official-km,1,0,C
重庆:X431,X431,,10.8,,no-official-km,3,2,C
重庆:X432,X432,,7.1,,no-official-km,1,0,C
重庆:X433,X433,,0.1,,no-official-km,1,0,C
重庆:X437,X437,,14.2,,no-official-km,1,0,C
重庆:X438,X438,,12.0,,no-official-km,1,0,C
重庆:X440,X440,,8.9,,no-official-km,1,0,C
重庆:X45,X45,,33.6,,no-official-km,3,2,C
重庆:X46,X46,,45.7,,no-official-km,1,0,C
重庆:X47,X47,,15.9,,no-official-km,1,0,C
重庆:X49,X49,,6.3,,no-official-km,3,2,C
重庆:X508,X508,,8.1,,no-official-km,1,0,C
重庆:X510,X510,,3.8,,no-official-km,1,0,C
重庆:X513,X513,,10.7,,no-official-km,1,0,C
重庆:X536,X536,,58.7,,no-official-km,1,0,C
重庆:X542,X542,,2.4,,no-official-km,1,0,C
重庆:X544,X544,,5.8,,no-official-km,1,0,C
重庆:X549,X549,,25.6,,no-official-km,2,1,C
重庆:X55,X55,,57.7,,no-official-km,4,3,C
重庆:X550,X550,,34.6,,no-official-km,2,1,C
重庆:X551,X551,,14.4,,no-official-km,3,2,C
重庆:X552,X552,,45.6,,no-official-km,1,0,C
重庆:X553,X553,,43.0,,no-official-km,1,0,C
重庆:X554,X554,,16.9,,no-official-km,1,0,C
重庆:X56,X56,,6.7,,no-official-km,1,0,C
重庆:X567,X567,,11.6,,no-official-km,1,0,C
重庆:X57,X57,,12.1,,no-official-km,2,1,C
重庆:X570,X570,,9.6,,no-official-km,1,0,C
重庆:X571,X571,,7.7,,no-official-km,1,0,C
重庆:X576,X576,,18.3,,no-official-km,2,1,C
重庆:X58,X58,,10.2,,no-official-km,1,0,C
重庆:X580,X580,,5.2,,no-official-km,2,1,C
重庆:X583,X583,,22.9,,no-official-km,2,1,C
重庆:X584,X584,,15.5,,no-official-km,1,0,C
重庆:X59,X59,,11.8,,no-official-km,1,0,C
重庆:X591,X591,,12.1,,no-official-km,2,1,C
重庆:X594,X594,,7.7,,no-official-km,1,0,C
重庆:X595,X595,,13.7,,no-official-km,1,0,C
重庆:X596,X596,,7.8,,no-official-km,1,0,C
重庆:X597,X597,,2.1,,no-official-km,2,1,C
重庆:X60,X60,,6.9,,no-official-km,2,1,C
重庆:X61,X61,,23.8,,no-official-km,4,3,C
重庆:X615,X615,,1.6,,no-official-km,1,0,C
重庆:X617,X617,,28.6,,no-official-km,2,1,C
重庆:X62,X62,,57.7,,no-official-km,6,5,C
重庆:X63,X63,,52.0,,no-official-km,2,1,C
重庆:X632,X632,,13.2,,no-official-km,1,0,C
重庆:X64,X64,,25.2,,no-official-km,1,0,C
重庆:X645,X645,,6.6,,no-official-km,1,0,C
重庆:X646,X646,,1.6,,no-official-km,1,0,C
重庆:X656,X656,,5.0,,no-official-km,1,0,C
重庆:X66,X66,,6.9,,no-official-km,1,0,C
重庆:X665,X665,,30.6,,no-official-km,2,1,C
重庆:X678,X678,,4.8,,no-official-km,2,1,C
重庆:X692,X692,,11.7,,no-official-km,1,0,C
重庆:X694,X694,,4.7,,no-official-km,1,0,C
重庆:X695,X695,,2.0,,no-official-km,1,0,C
重庆:X7,X7,,29.3,,no-official-km,2,1,C
重庆:X705,X705,,7.9,,no-official-km,1,0,C
重庆:X729,X729,,4.9,,no-official-km,1,0,C
重庆:X730,X730,,8.0,,no-official-km,3,2,C
重庆:X750,X750,,14.1,,no-official-km,1,0,C
重庆:X753,X753,,22.2,,no-official-km,3,2,C
重庆:X754,X754,,5.9,,no-official-km,1,0,C
重庆:X755,X755,,2.4,,no-official-km,1,0,C
重庆:X760,X760,,6.8,,no-official-km,1,0,C
重庆:X761,X761,,5.2,,no-official-km,1,0,C
重庆:X765,X765,,8.9,,no-official-km,2,1,C
重庆:X766,X766,,8.1,,no-official-km,2,1,C
重庆:X767,X767,,4.0,,no-official-km,1,0,C
重庆:X768,X768,,3.9,,no-official-km,1,0,C
重庆:X769,X769,,18.8,,no-official-km,1,0,C
重庆:X770,X770,,7.1,,no-official-km,1,0,C
重庆:X778,X778,,22.3,,no-official-km,2,1,C
重庆:X779,X779,,6.9,,no-official-km,1,0,C
重庆:X786,X786,,3.0,,no-official-km,1,0,C
重庆:X788,X788,,53.4,,no-official-km,1,0,C
重庆:X794,X794,,19.1,,no-official-km,3,2,C
重庆:X795,X795,,17.6,,no-official-km,1,0,C
重庆:X797,X797,,6.5,,no-official-km,1,0,C
重庆:X798,X798,,4.9,,no-official-km,1,0,C
重庆:X8,X8,,36.8,,no-official-km,1,0,C
重庆:X805,X805,,16.4,,no-official-km,1,0,C
重庆:X81,X81,,1.5,,no-official-km,2,1,C
重庆:X810,X810,,4.7,,no-official-km,1,0,C
重庆:X812,X812,,16.3,,no-official-km,3,2,C
重庆:X82,X82,,50.5,,no-official-km,1,0,C
重庆:X824,X824,,0.9,,no-official-km,1,0,C
重庆:X833,X833,,3.1,,no-official-km,2,1,C
重庆:X838,X838,,3.8,,no-official-km,1,0,C
重庆:X847,X847,,1.3,,no-official-km,1,0,C
重庆:X853,X853,,14.0,,no-official-km,2,1,C
重庆:X857,X857,,10.7,,no-official-km,1,0,C
重庆:X858,X858,,8.4,,no-official-km,1,0,C
重庆:X866,X866,,11.4,,no-official-km,2,1,C
重庆:X874,X874,,14.7,,no-official-km,1,0,C
重庆:X88,X88,,9.6,,no-official-km,3,2,C
重庆:X881,X881,,11.9,,no-official-km,1,0,C
重庆:X89,X89,,11.3,,no-official-km,1,0,C
重庆:X9,X9,,6.2,,no-official-km,2,1,C
重庆:X90,X90,,4.8,,no-official-km,1,0,C
重庆:X91,X91,,17.0,,no-official-km,1,0,C
重庆:X92,X92,,15.9,,no-official-km,1,0,C
重庆:X93,X93,,0.6,,no-official-km,1,0,C
重庆:X96,X96,,5.4,,no-official-km,1,0,C
重庆:X97,X97,,4.7,,no-official-km,1,0,C
重庆:X98,X98,,0.5,,no-official-km,1,0,C
重庆:X99,X99,,,,no-geometry,0,0,
重庆:X990,X990,,28.7,,no-official-km,4,3,C
福建:X111,X111,,22.7,,no-official-km,2,1,C
福建:X112,X112,,24.8,,no-official-km,2,1,C
福建:X113,X113,,32.8,,no-official-km,1,0,C
福建:X114,X114,,48.6,,no-official-km,2,1,C
福建:X115,X115,,29.1,,no-official-km,4,3,C
福建:X116,X116,,8.0,,no-official-km,2,1,C
福建:X117,X117,,18.9,,no-official-km,4,3,C
福建:X118,X118,,9.0,,no-official-km,1,0,C
福建:X123,X123,,44.8,,no-official-km,2,1,C
福建:X124,X124,,22.0,,no-official-km,1,0,C
福建:X125,X125,,57.0,,no-official-km,2,1,C
福建:X126,X126,,18.9,,no-official-km,1,0,C
福建:X127,X127,,31.0,,no-official-km,1,0,C
福建:X131,X131,,22.4,,no-official-km,2,1,C
福建:X132,X132,,7.6,,no-official-km,1,0,C
福建:X133,X133,,41.2,,no-official-km,2,1,C
福建:X135,X135,,41.6,,no-official-km,2,1,C
福建:X141,X141,,33.1,,no-official-km,1,0,C
福建:X142,X142,,16.8,,no-official-km,1,0,C
福建:X143,X143,,65.4,,no-official-km,3,2,C
福建:X146,X146,,6.6,,no-official-km,1,0,C
福建:X148,X148,,53.1,,no-official-km,1,0,C
福建:X153,X153,,5.6,,no-official-km,2,1,C
福建:X154,X154,,6.6,,no-official-km,1,0,C
福建:X161,X161,,6.6,,no-official-km,2,1,C
福建:X162,X162,,14.3,,no-official-km,5,4,C
福建:X163,X163,,11.1,,no-official-km,2,1,C
福建:X164,X164,,11.5,,no-official-km,2,1,C
福建:X171,X171,,16.0,,no-official-km,1,0,C
福建:X173,X173,,27.0,,no-official-km,1,0,C
福建:X174,X174,,22.2,,no-official-km,1,0,C
福建:X175,X175,,26.5,,no-official-km,1,0,C
福建:X176,X176,,37.1,,no-official-km,3,2,C
福建:X177,X177,,8.2,,no-official-km,1,0,C
福建:X178,X178,,17.3,,no-official-km,1,0,C
福建:X181,X181,,81.6,,no-official-km,3,2,C
福建:X182,X182,,44.7,,no-official-km,3,2,C
福建:X183,X183,,31.8,,no-official-km,1,0,C
福建:X192,X192,,11.1,,no-official-km,1,0,C
福建:X193,X193,,67.0,,no-official-km,2,1,C
福建:X194,X194,,49.6,,no-official-km,2,1,C
福建:X195,X195,,8.1,,no-official-km,1,0,C
福建:X197,X197,,28.4,,no-official-km,1,0,C
福建:X209,X209,,8.5,,no-official-km,1,0,C
福建:X211,X211,,52.4,,no-official-km,2,1,C
福建:X212,X212,,10.4,,no-official-km,1,0,C
福建:X214,X214,,22.8,,no-official-km,3,2,C
福建:X22,X22,,8.1,,no-official-km,1,0,C
福建:X221,X221,,21.2,,no-official-km,1,0,C
福建:X222,X222,,10.6,,no-official-km,1,0,C
福建:X223,X223,,39.6,,no-official-km,1,0,C
福建:X224,X224,,16.1,,no-official-km,1,0,C
福建:X231,X231,,57.8,,no-official-km,3,2,C
福建:X233,X233,,30.9,,no-official-km,2,1,C
福建:X241,X241,,24.7,,no-official-km,1,0,C
福建:X281,X281,,20.1,,no-official-km,1,0,C
福建:X304,X304,,46.6,,no-official-km,1,0,C
福建:X305,X305,,24.3,,no-official-km,2,1,C
福建:X307,X307,,5.2,,no-official-km,1,0,C
福建:X308,X308,,11.8,,no-official-km,1,0,C
福建:X309,X309,,19.1,,no-official-km,1,0,C
福建:X310,X310,,9.7,,no-official-km,2,1,C
福建:X313,X313,,9.1,,no-official-km,2,1,C
福建:X315,X315,,16.0,,no-official-km,1,0,C
福建:X318,X318,,15.6,,no-official-km,1,0,C
福建:X322,X322,,6.1,,no-official-km,4,3,C
福建:X323,X323,,10.0,,no-official-km,1,0,C
福建:X328,X328,,40.7,,no-official-km,3,2,C
福建:X329,X329,,28.1,,no-official-km,4,3,C
福建:X330,X330,,13.9,,no-official-km,1,0,C
福建:X332,X332,,49.6,,no-official-km,4,3,C
福建:X3332,X3332,,1.0,,no-official-km,1,0,C
福建:X334,X334,,5.9,,no-official-km,1,0,C
福建:X339,X339,,28.1,,no-official-km,2,1,C
福建:X340,X340,,20.0,,no-official-km,2,1,C
福建:X341,X341,,66.9,,no-official-km,4,3,C
福建:X342,X342,,4.4,,no-official-km,1,0,C
福建:X346,X346,,40.9,,no-official-km,5,4,C
福建:X347,X347,,25.0,,no-official-km,1,0,C
福建:X348,X348,,19.5,,no-official-km,2,1,C
福建:X349,X349,,5.4,,no-official-km,1,0,C
福建:X350,X350,,11.4,,no-official-km,2,1,C
福建:X351,X351,,21.5,,no-official-km,2,1,C
福建:X352,X352,,5.7,,no-official-km,1,0,C
福建:X353,X353,,52.4,,no-official-km,1,0,C
福建:X354,X354,,37.6,,no-official-km,3,2,C
福建:X361,X361,,72.8,,no-official-km,3,2,C
福建:X401,X401,,34.1,,no-official-km,1,0,C
福建:X402,X402,,18.2,,no-official-km,3,2,C
福建:X411,X411,,25.9,,no-official-km,2,1,C
福建:X413,X413,,17.7,,no-official-km,1,0,C
福建:X414,X414,,18.1,,no-official-km,3,2,C
福建:X415,X415,,9.4,,no-official-km,3,2,C
福建:X416,X416,,26.5,,no-official-km,3,2,C
福建:X418,X418,,14.0,,no-official-km,1,0,C
福建:X421,X421,,23.8,,no-official-km,3,2,C
福建:X422,X422,,24.4,,no-official-km,3,2,C
福建:X423,X423,,9.2,,no-official-km,3,2,C
福建:X424,X424,,4.7,,no-official-km,3,2,C
福建:X426,X426,,14.3,,no-official-km,3,2,C
福建:X428,X428,,2.5,,no-official-km,1,0,C
福建:X431,X431,,5.9,,no-official-km,1,0,C
福建:X434,X434,,5.8,,no-official-km,2,1,C
福建:X435,X435,,4.8,,no-official-km,1,0,C
福建:X436,X436,,8.2,,no-official-km,1,0,C
福建:X437,X437,,2.3,,no-official-km,1,0,C
福建:X444,X444,,17.4,,no-official-km,3,2,C
福建:X445,X445,,5.0,,no-official-km,2,1,C
福建:X446,X446,,8.2,,no-official-km,1,0,C
福建:X448,X448,,5.2,,no-official-km,1,0,C
福建:X449,X449,,4.0,,no-official-km,1,0,C
福建:X45,X45,,6.3,,no-official-km,2,1,C
福建:X450,X450,,8.5,,no-official-km,1,0,C
福建:X454,X454,,18.0,,no-official-km,1,0,C
福建:X472,X472,,26.7,,no-official-km,3,2,C
福建:X479,X479,,6.9,,no-official-km,2,1,C
福建:X494,X494,,11.1,,no-official-km,1,0,C
福建:X502,X502,,16.0,,no-official-km,1,0,C
福建:X503,X503,,11.0,,no-official-km,1,0,C
福建:X510,X510,,9.6,,no-official-km,2,1,C
福建:X511,X511,,5.3,,no-official-km,1,0,C
福建:X512,X512,,4.9,,no-official-km,2,1,C
福建:X515,X515,,13.9,,no-official-km,1,0,C
福建:X516,X516,,7.3,,no-official-km,2,1,C
福建:X518,X518,,0.4,,no-official-km,1,0,C
福建:X519,X519,,1.2,,no-official-km,1,0,C
福建:X524,X524,,22.4,,no-official-km,1,0,C
福建:X531,X531,,10.5,,no-official-km,1,0,C
福建:X532,X532,,24.5,,no-official-km,3,2,C
福建:X533,X533,,28.0,,no-official-km,2,1,C
福建:X535,X535,,5.4,,no-official-km,1,0,C
福建:X542,X542,,12.8,,no-official-km,2,1,C
福建:X544,X544,,16.7,,no-official-km,1,0,C
福建:X545,X545,,4.8,,no-official-km,1,0,C
福建:X550,X550,,38.8,,no-official-km,1,0,C
福建:X553,X553,,11.0,,no-official-km,1,0,C
福建:X559,X559,,19.5,,no-official-km,1,0,C
福建:X561,X561,,16.2,,no-official-km,4,3,C
福建:X570,X570,,54.3,,no-official-km,2,1,C
福建:X571,X571,,15.8,,no-official-km,2,1,C
福建:X572,X572,,9.3,,no-official-km,1,0,C
福建:X573,X573,,66.2,,no-official-km,3,2,C
福建:X574,X574,,20.2,,no-official-km,1,0,C
福建:X575,X575,,20.8,,no-official-km,1,0,C
福建:X577,X577,,13.4,,no-official-km,1,0,C
福建:X579,X579,,19.1,,no-official-km,1,0,C
福建:X580,X580,,53.4,,no-official-km,2,1,C
福建:X582,X582,,10.5,,no-official-km,1,0,C
福建:X583,X583,,40.2,,no-official-km,2,1,C
福建:X584,X584,,13.1,,no-official-km,1,0,C
福建:X585,X585,,43.6,,no-official-km,5,4,C
福建:X591,X591,,48.6,,no-official-km,2,1,C
福建:X592,X592,,22.4,,no-official-km,2,1,C
福建:X593,X593,,29.4,,no-official-km,3,2,C
福建:X601,X601,,31.2,,no-official-km,1,0,C
福建:X602,X602,,6.6,,no-official-km,1,0,C
福建:X604,X604,,66.5,,no-official-km,2,1,C
福建:X605,X605,,9.3,,no-official-km,1,0,C
福建:X606,X606,,64.6,,no-official-km,1,0,C
福建:X607,X607,,5.4,,no-official-km,1,0,C
福建:X609,X609,,2.1,,no-official-km,3,2,C
福建:X610,X610,,11.3,,no-official-km,1,0,C
福建:X611,X611,,28.6,,no-official-km,1,0,C
福建:X613,X613,,57.2,,no-official-km,1,0,C
福建:X614,X614,,5.0,,no-official-km,1,0,C
福建:X620,X620,,15.4,,no-official-km,1,0,C
福建:X621,X621,,1.1,,no-official-km,1,0,C
福建:X625,X625,,66.4,,no-official-km,1,0,C
福建:X630,X630,,27.2,,no-official-km,2,1,C
福建:X632,X632,,18.3,,no-official-km,1,0,C
福建:X633,X633,,8.4,,no-official-km,1,0,C
福建:X634,X634,,26.4,,no-official-km,3,2,C
福建:X636,X636,,22.5,,no-official-km,1,0,C
福建:X641,X641,,37.3,,no-official-km,1,0,C
福建:X642,X642,,36.6,,no-official-km,2,1,C
福建:X644,X644,,25.4,,no-official-km,1,0,C
福建:X645,X645,,17.3,,no-official-km,1,0,C
福建:X647,X647,,47.4,,no-official-km,3,2,C
福建:X650,X650,,25.0,,no-official-km,1,0,C
福建:X651,X651,,93.9,,no-official-km,1,0,C
福建:X653,X653,,8.4,,no-official-km,1,0,C
福建:X654,X654,,19.2,,no-official-km,1,0,C
福建:X655,X655,,7.4,,no-official-km,1,0,C
福建:X660,X660,,52.5,,no-official-km,1,0,C
福建:X661,X661,,37.7,,no-official-km,2,1,C
福建:X663,X663,,27.8,,no-official-km,1,0,C
福建:X665,X665,,5.9,,no-official-km,1,0,C
福建:X670,X670,,34.4,,no-official-km,1,0,C
福建:X671,X671,,51.6,,no-official-km,4,3,C
福建:X702,X702,,10.7,,no-official-km,1,0,C
福建:X708,X708,,20.5,,no-official-km,1,0,C
福建:X711,X711,,34.6,,no-official-km,2,1,C
福建:X721,X721,,2.8,,no-official-km,1,0,C
福建:X723,X723,,37.1,,no-official-km,4,3,C
福建:X727,X727,,24.6,,no-official-km,1,0,C
福建:X728,X728,,16.5,,no-official-km,1,0,C
福建:X731,X731,,9.0,,no-official-km,1,0,C
福建:X732,X732,,22.7,,no-official-km,1,0,C
福建:X733,X733,,53.5,,no-official-km,3,2,C
福建:X734,X734,,31.7,,no-official-km,1,0,C
福建:X735,X735,,38.5,,no-official-km,2,1,C
福建:X739,X739,,10.4,,no-official-km,1,0,C
福建:X743,X743,,14.7,,no-official-km,1,0,C
福建:X747,X747,,41.7,,no-official-km,3,2,C
福建:X748,X748,,17.9,,no-official-km,1,0,C
福建:X751,X751,,61.9,,no-official-km,1,0,C
福建:X753,X753,,9.3,,no-official-km,1,0,C
福建:X761,X761,,28.7,,no-official-km,1,0,C
福建:X762,X762,,59.3,,no-official-km,2,1,C
福建:X763,X763,,39.2,,no-official-km,1,0,C
福建:X768,X768,,3.1,,no-official-km,1,0,C
福建:X774,X774,,13.7,,no-official-km,2,1,C
福建:X781,X781,,32.4,,no-official-km,1,0,C
福建:X786,X786,,15.0,,no-official-km,2,1,C
福建:X789,X789,,19.4,,no-official-km,1,0,C
福建:X793,X793,,9.4,,no-official-km,1,0,C
福建:X795,X795,,21.1,,no-official-km,1,0,C
福建:X796,X796,,33.1,,no-official-km,1,0,C
福建:X80,X80,,12.8,,no-official-km,1,0,C
福建:X801,X801,,45.9,,no-official-km,1,0,C
福建:X805,X805,,25.8,,no-official-km,2,1,C
福建:X807,X807,,28.4,,no-official-km,2,1,C
福建:X808,X808,,15.5,,no-official-km,2,1,C
福建:X809,X809,,116.8,,no-official-km,3,2,C
福建:X814,X814,,5.1,,no-official-km,1,0,C
福建:X817,X817,,11.4,,no-official-km,2,1,C
福建:X819,X819,,51.3,,no-official-km,3,2,C
福建:X820,X820,,14.0,,no-official-km,1,0,C
福建:X823,X823,,51.3,,no-official-km,3,2,C
福建:X824,X824,,17.7,,no-official-km,1,0,C
福建:X825,X825,,97.4,,no-official-km,2,1,C
福建:X826,X826,,25.8,,no-official-km,1,0,C
福建:X829,X829,,71.6,,no-official-km,2,1,C
福建:X830,X830,,23.1,,no-official-km,1,0,C
福建:X831,X831,,45.0,,no-official-km,1,0,C
福建:X832,X832,,16.6,,no-official-km,2,1,C
福建:X842,X842,,21.8,,no-official-km,1,0,C
福建:X847,X847,,16.2,,no-official-km,1,0,C
福建:X852,X852,,28.4,,no-official-km,2,1,C
福建:X853,X853,,16.5,,no-official-km,1,0,C
福建:X861,X861,,31.5,,no-official-km,3,2,C
福建:X866,X866,,2.9,,no-official-km,1,0,C
福建:X867,X867,,14.1,,no-official-km,2,1,C
福建:X871,X871,,25.9,,no-official-km,1,0,C
福建:X877,X877,,49.9,,no-official-km,1,0,C
福建:X885,X885,,16.5,,no-official-km,1,0,C
福建:X887,X887,,7.2,,no-official-km,1,0,C
福建:X891,X891,,5.8,,no-official-km,2,1,C
福建:X892,X892,,28.0,,no-official-km,1,0,C
福建:X895,X895,,15.8,,no-official-km,1,0,C
福建:X896,X896,,9.0,,no-official-km,1,0,C
福建:X901,X901,,122.7,,no-official-km,7,6,C
福建:X902,X902,,61.2,,no-official-km,3,2,C
福建:X905,X905,,3.0,,no-official-km,1,0,C
福建:X906,X906,,1.3,,no-official-km,2,1,C
福建:X907,X907,,25.7,,no-official-km,1,0,C
福建:X909,X909,,4.6,,no-official-km,1,0,C
福建:X910,X910,,2.5,,no-official-km,1,0,C
福建:X911,X911,,16.0,,no-official-km,1,0,C
福建:X912,X912,,19.9,,no-official-km,1,0,C
福建:X913,X913,,9.9,,no-official-km,3,2,C
福建:X914,X914,,7.3,,no-official-km,1,0,C
福建:X915,X915,,43.3,,no-official-km,3,2,C
福建:X916,X916,,6.9,,no-official-km,1,0,C
福建:X917,X917,,18.2,,no-official-km,1,0,C
福建:X918,X918,,9.4,,no-official-km,1,0,C
福建:X921,X921,,52.7,,no-official-km,2,1,C
福建:X922,X922,,86.5,,no-official-km,2,1,C
福建:X923,X923,,21.7,,no-official-km,2,1,C
福建:X924,X924,,23.8,,no-official-km,1,0,C
福建:X925,X925,,1.2,,no-official-km,1,0,C
福建:X926,X926,,15.4,,no-official-km,1,0,C
福建:X927,X927,,20.9,,no-official-km,1,0,C
福建:X931,X931,,23.9,,no-official-km,1,0,C
福建:X932,X932,,2.8,,no-official-km,2,1,C
福建:X941,X941,,14.3,,no-official-km,1,0,C
福建:X942,X942,,29.9,,no-official-km,2,1,C
福建:X943,X943,,6.2,,no-official-km,1,0,C
福建:X944,X944,,86.4,,no-official-km,10,9,C
福建:X945,X945,,109.8,,no-official-km,5,4,C
福建:X946,X946,,80.4,,no-official-km,4,3,C
福建:X951,X951,,29.8,,no-official-km,1,0,C
福建:X952,X952,,67.2,,no-official-km,4,3,C
福建:X953,X953,,39.6,,no-official-km,3,2,C
福建:X954,X954,,39.5,,no-official-km,2,1,C
福建:X955,X955,,19.0,,no-official-km,1,0,C
福建:X956,X956,,8.7,,no-official-km,1,0,C
福建:X957,X957,,16.8,,no-official-km,1,0,C
福建:X961,X961,,20.3,,no-official-km,2,1,C
福建:X962,X962,,52.1,,no-official-km,2,1,C
福建:X963,X963,,21.9,,no-official-km,1,0,C
福建:X964,X964,,50.1,,no-official-km,3,2,C
福建:X965,X965,,2.6,,no-official-km,1,0,C
福建:X970,X970,,11.3,,no-official-km,1,0,C
福建:X971,X971,,26.9,,no-official-km,3,2,C
福建:X972,X972,,38.3,,no-official-km,3,2,C
福建:X973,X973,,60.4,,no-official-km,3,2,C
福建:X974,X974,,49.7,,no-official-km,2,1,C
福建:X975,X975,,4.9,,no-official-km,1,0,C
福建:X976,X976,,51.5,,no-official-km,2,1,C
福建:X977,X977,,44.1,,no-official-km,7,6,C
福建:X981,X981,,29.4,,no-official-km,5,4,C
福建:X982,X982,,25.9,,no-official-km,2,1,C
福建:X983,X983,,46.5,,no-official-km,4,3,C
福建:X984,X984,,55.4,,no-official-km,5,4,C
福建:X985,X985,,11.6,,no-official-km,4,3,C
福建:X986,X986,,1.3,,no-official-km,1,0,C
福建:X987,X987,,15.5,,no-official-km,1,0,C
福建:X988,X988,,3.0,,no-official-km,1,0,C
甘肃:X100,X100,,21.8,,no-official-km,2,1,C
甘肃:X101,X101,,23.1,,no-official-km,1,0,C
甘肃:X102,X102,,15.0,,no-official-km,1,0,C
甘肃:X103,X103,,41.5,,no-official-km,2,1,C
甘肃:X104,X104,,28.3,,no-official-km,1,0,C
甘肃:X106,X106,,38.9,,no-official-km,1,0,C
甘肃:X107,X107,,28.6,,no-official-km,1,0,C
甘肃:X108,X108,,7.8,,no-official-km,1,0,C
甘肃:X109,X109,,11.6,,no-official-km,1,0,C
甘肃:X111,X111,,30.3,,no-official-km,1,0,C
甘肃:X12,X12,,13.3,,no-official-km,2,1,C
甘肃:X123,X123,,49.1,,no-official-km,1,0,C
甘肃:X126,X126,,19.3,,no-official-km,1,0,C
甘肃:X127,X127,,22.0,,no-official-km,2,1,C
甘肃:X128,X128,,25.7,,no-official-km,3,2,C
甘肃:X129,X129,,28.6,,no-official-km,3,2,C
甘肃:X130,X130,,32.1,,no-official-km,1,0,C
甘肃:X131,X131,,18.3,,no-official-km,2,1,C
甘肃:X138,X138,,26.2,,no-official-km,1,0,C
甘肃:X139,X139,,19.0,,no-official-km,1,0,C
甘肃:X162,X162,,8.9,,no-official-km,2,1,C
甘肃:X18,X18,,71.2,,no-official-km,2,1,C
甘肃:X19,X19,,10.0,,no-official-km,1,0,C
甘肃:X2,X2,,45.5,,no-official-km,1,0,C
甘肃:X20,X20,,24.6,,no-official-km,2,1,C
甘肃:X201,X201,,11.7,,no-official-km,4,3,C
甘肃:X202,X202,,29.3,,no-official-km,1,0,C
甘肃:X203,X203,,12.8,,no-official-km,1,0,C
甘肃:X210,X210,,40.9,,broken-jump,1,0,C
甘肃:X211,X211,,34.7,,no-official-km,2,1,C
甘肃:X212,X212,,58.2,,broken-jump,3,2,C
甘肃:X213,X213,,2.8,,no-official-km,1,0,C
甘肃:X214,X214,,8.2,,no-official-km,1,0,C
甘肃:X215,X215,,16.6,,no-official-km,1,0,C
甘肃:X220,X220,,17.6,,no-official-km,1,0,C
甘肃:X221,X221,,25.6,,no-official-km,1,0,C
甘肃:X222,X222,,25.6,,no-official-km,2,1,C
甘肃:X225,X225,,21.5,,no-official-km,1,0,C
甘肃:X226,X226,,50.6,,no-official-km,1,0,C
甘肃:X227,X227,,12.8,,no-official-km,1,0,C
甘肃:X229,X229,,5.0,,no-official-km,2,1,C
甘肃:X240,X240,,9.3,,no-official-km,1,0,C
甘肃:X241,X241,,16.1,,no-official-km,1,0,C
甘肃:X251,X251,,22.5,,broken-jump,1,0,C
甘肃:X253,X253,,32.1,,no-official-km,1,0,C
甘肃:X254,X254,,11.1,,no-official-km,1,0,C
甘肃:X255,X255,,20.4,,broken-jump,1,0,C
甘肃:X258,X258,,35.7,,no-official-km,1,0,C
甘肃:X266,X266,,69.5,,no-official-km,2,1,C
甘肃:X271,X271,,19.5,,no-official-km,1,0,C
甘肃:X272,X272,,65.5,,broken-jump,1,0,C
甘肃:X275,X275,,20.9,,no-official-km,1,0,C
甘肃:X280,X280,,29.9,,no-official-km,1,0,C
甘肃:X3,X3,,5.1,,no-official-km,2,1,C
甘肃:X301,X301,,17.9,,no-official-km,3,2,C
甘肃:X302,X302,,24.7,,no-official-km,1,0,C
甘肃:X307,X307,,19.1,,no-official-km,1,0,C
甘肃:X309,X309,,10.8,,no-official-km,1,0,C
甘肃:X314,X314,,25.4,,no-official-km,1,0,C
甘肃:X315,X315,,68.5,,no-official-km,1,0,C
甘肃:X318,X318,,4.2,,no-official-km,1,0,C
甘肃:X320,X320,,8.3,,no-official-km,1,0,C
甘肃:X322,X322,,23.4,,no-official-km,2,1,C
甘肃:X323,X323,,29.8,,no-official-km,1,0,C
甘肃:X324,X324,,125.2,,no-official-km,2,1,C
甘肃:X325,X325,,61.8,,no-official-km,2,1,C
甘肃:X326,X326,,36.1,,no-official-km,1,0,C
甘肃:X327,X327,,76.6,,broken-jump,3,2,C
甘肃:X329,X329,,25.7,,no-official-km,1,0,C
甘肃:X330,X330,,18.3,,no-official-km,1,0,C
甘肃:X331,X331,,45.1,,no-official-km,1,0,C
甘肃:X332,X332,,3.7,,no-official-km,1,0,C
甘肃:X333,X333,,52.6,,no-official-km,2,1,C
甘肃:X337,X337,,42.4,,no-official-km,1,0,C
甘肃:X338,X338,,19.0,,no-official-km,1,0,C
甘肃:X339,X339,,24.9,,no-official-km,1,0,C
甘肃:X341,X341,,25.7,,no-official-km,1,0,C
甘肃:X362,X362,,89.3,,no-official-km,2,1,C
甘肃:X363,X363,,4.1,,no-official-km,1,0,C
甘肃:X364,X364,,7.4,,no-official-km,1,0,C
甘肃:X365,X365,,28.5,,no-official-km,1,0,C
甘肃:X367,X367,,15.6,,no-official-km,2,1,C
甘肃:X370,X370,,15.6,,no-official-km,2,1,C
甘肃:X371,X371,,20.1,,no-official-km,2,1,C
甘肃:X372,X372,,15.7,,no-official-km,1,0,C
甘肃:X374,X374,,19.6,,no-official-km,2,1,C
甘肃:X375,X375,,1.6,,no-official-km,1,0,C
甘肃:X379,X379,,48.4,,no-official-km,2,1,C
甘肃:X381,X381,,40.7,,no-official-km,3,2,C
甘肃:X384,X384,,26.3,,no-official-km,2,1,C
甘肃:X4,X4,,49.6,,no-official-km,3,2,C
甘肃:X402,X402,,11.7,,no-official-km,1,0,C
甘肃:X407,X407,,18.8,,no-official-km,1,0,C
甘肃:X414,X414,,30.0,,no-official-km,1,0,C
甘肃:X419,X419,,35.2,,no-official-km,1,0,C
甘肃:X423,X423,,10.8,,no-official-km,1,0,C
甘肃:X424,X424,,19.6,,no-official-km,1,0,C
甘肃:X426,X426,,34.1,,no-official-km,1,0,C
甘肃:X428,X428,,19.3,,no-official-km,1,0,C
甘肃:X43,X43,,28.8,,no-official-km,1,0,C
甘肃:X433,X433,,55.1,,no-official-km,1,0,C
甘肃:X44,X44,,19.8,,no-official-km,1,0,C
甘肃:X441,X441,,55.5,,no-official-km,2,1,C
甘肃:X442,X442,,42.5,,no-official-km,2,1,C
甘肃:X444,X444,,33.1,,no-official-km,1,0,C
甘肃:X445,X445,,12.9,,no-official-km,2,1,C
甘肃:X446,X446,,11.9,,no-official-km,1,0,C
甘肃:X447,X447,,68.1,,no-official-km,2,1,C
甘肃:X448,X448,,13.5,,no-official-km,1,0,C
甘肃:X45,X45,,10.5,,no-official-km,1,0,C
甘肃:X451,X451,,14.4,,no-official-km,1,0,C
甘肃:X454,X454,,22.0,,no-official-km,1,0,C
甘肃:X457,X457,,7.3,,no-official-km,1,0,C
甘肃:X459,X459,,6.5,,no-official-km,1,0,C
甘肃:X46,X46,,6.8,,no-official-km,1,0,C
甘肃:X461,X461,,36.1,,no-official-km,1,0,C
甘肃:X462,X462,,77.1,,no-official-km,1,0,C
甘肃:X481,X481,,31.0,,no-official-km,2,1,C
甘肃:X482,X482,,46.7,,no-official-km,2,1,C
甘肃:X486,X486,,18.7,,no-official-km,1,0,C
甘肃:X49,X49,,54.9,,no-official-km,1,0,C
甘肃:X492,X492,,43.7,,no-official-km,1,0,C
甘肃:X495,X495,,22.7,,no-official-km,1,0,C
甘肃:X496,X496,,65.9,,no-official-km,1,0,C
甘肃:X502,X502,,26.0,,no-official-km,1,0,C
甘肃:X503,X503,,8.0,,no-official-km,1,0,C
甘肃:X51,X51,,37.0,,no-official-km,1,0,C
甘肃:X510,X510,,22.8,,no-official-km,1,0,C
甘肃:X512,X512,,59.9,,no-official-km,1,0,C
甘肃:X519,X519,,0.7,,no-official-km,1,0,C
甘肃:X520,X520,,29.2,,no-official-km,2,1,C
甘肃:X522,X522,,20.1,,no-official-km,1,0,C
甘肃:X53,X53,,37.8,,no-official-km,3,2,C
甘肃:X531,X531,,26.8,,no-official-km,4,3,C
甘肃:X532,X532,,16.7,,no-official-km,1,0,C
甘肃:X54,X54,,56.7,,no-official-km,2,1,C
甘肃:X55,X55,,16.8,,no-official-km,1,0,C
甘肃:X56,X56,,24.4,,no-official-km,1,0,C
甘肃:X57,X57,,21.4,,no-official-km,2,1,C
甘肃:X58,X58,,4.7,,no-official-km,1,0,C
甘肃:X6,X6,,11.1,,no-official-km,1,0,C
甘肃:X60,X60,,27.5,,no-official-km,1,0,C
甘肃:X622,X622,,60.8,,no-official-km,2,1,C
甘肃:X67,X67,,33.3,,no-official-km,2,1,C
甘肃:X7,X7,,21.3,,no-official-km,1,0,C
甘肃:X740,X740,,14.0,,no-official-km,2,1,C
甘肃:X746,X746,,18.8,,no-official-km,1,0,C
甘肃:X76,X76,,77.4,,no-official-km,2,1,C
甘肃:X79,X79,,48.1,,no-official-km,2,1,C
甘肃:X80,X80,,13.8,,no-official-km,1,0,C
甘肃:X802,X802,,62.2,,no-official-km,2,1,C
甘肃:X82,X82,,23.2,,no-official-km,1,0,C
甘肃:X83,X83,,69.4,,no-official-km,1,0,C
甘肃:X84,X84,,21.0,,no-official-km,1,0,C
甘肃:X85,X85,,32.9,,no-official-km,2,1,C
甘肃:X87,X87,,71.4,,no-official-km,2,1,C
甘肃:X88,X88,,43.3,,no-official-km,2,1,C
甘肃:X89,X89,,27.8,,no-official-km,1,0,C
甘肃:X9,X9,,50.1,,no-official-km,2,1,C
甘肃:X90,X90,,16.6,,no-official-km,1,0,C
甘肃:X93,X93,,61.4,,no-official-km,2,1,C
甘肃:X94,X94,,26.9,,no-official-km,2,1,C
甘肃:X95,X95,,3.2,,no-official-km,2,1,C
甘肃:X97,X97,,3.2,,no-official-km,1,0,C
甘肃:X98,X98,,66.3,,no-official-km,2,1,C
广东:X10,X10,,24.1,,no-official-km,2,1,C
广东:X100,X100,,1.2,,no-official-km,1,0,C
广东:X101,X101,,30.5,,no-official-km,1,0,C
广东:X103,X103,,10.0,,no-official-km,1,0,C
广东:X112,X112,,3.5,,no-official-km,1,0,C
广东:X114,X114,,6.2,,no-official-km,2,1,C
广东:X117,X117,,15.6,,no-official-km,2,1,C
广东:X121,X121,,15.5,,no-official-km,4,3,C
广东:X124,X124,,19.2,,no-official-km,2,1,C
广东:X125,X125,,4.2,,no-official-km,1,0,C
广东:X127,X127,,9.1,,no-official-km,1,0,C
广东:X128,X128,,8.2,,no-official-km,1,0,C
广东:X129,X129,,34.0,,no-official-km,1,0,C
广东:X13,X13,,2.0,,no-official-km,1,0,C
广东:X131,X131,,7.9,,no-official-km,1,0,C
广东:X132,X132,,13.1,,no-official-km,1,0,C
广东:X133,X133,,14.8,,no-official-km,1,0,C
广东:X134,X134,,24.8,,no-official-km,1,0,C
广东:X136,X136,,1.7,,no-official-km,1,0,C
广东:X138,X138,,10.6,,no-official-km,1,0,C
广东:X140,X140,,9.0,,no-official-km,1,0,C
广东:X141,X141,,7.5,,no-official-km,2,1,C
广东:X15,X15,,19.6,,no-official-km,3,2,C
广东:X151,X151,,2.4,,no-official-km,2,1,C
广东:X152,X152,,7.6,,no-official-km,2,1,C
广东:X153,X153,,0.4,,no-official-km,1,0,C
广东:X154,X154,,37.6,,no-official-km,1,0,C
广东:X155,X155,,29.2,,no-official-km,2,1,C
广东:X157,X157,,1.2,,no-official-km,1,0,C
广东:X158,X158,,35.6,,no-official-km,1,0,C
广东:X159,X159,,1.8,,no-official-km,1,0,C
广东:X16,X16,,7.7,,no-official-km,1,0,C
广东:X160,X160,,0.1,,no-official-km,1,0,C
广东:X161,X161,,27.5,,no-official-km,1,0,C
广东:X162,X162,,27.5,,no-official-km,1,0,C
广东:X163,X163,,19.3,,no-official-km,3,2,C
广东:X167,X167,,3.8,,no-official-km,2,1,C
广东:X169,X169,,20.8,,no-official-km,2,1,C
广东:X17,X17,,1.7,,no-official-km,2,1,C
广东:X170,X170,,25.6,,no-official-km,1,0,C
广东:X171,X171,,0.1,,no-official-km,1,0,C
广东:X172,X172,,6.7,,no-official-km,1,0,C
广东:X173,X173,,50.5,,no-official-km,2,1,C
广东:X174,X174,,4.9,,no-official-km,1,0,C
广东:X178,X178,,4.7,,no-official-km,1,0,C
广东:X18,X18,,8.9,,no-official-km,2,1,C
广东:X180,X180,,10.0,,no-official-km,1,0,C
广东:X182,X182,,6.1,,no-official-km,1,0,C
广东:X185,X185,,22.6,,no-official-km,2,1,C
广东:X186,X186,,23.5,,no-official-km,1,0,C
广东:X192,X192,,28.7,,no-official-km,1,0,C
广东:X193,X193,,11.7,,no-official-km,2,1,C
广东:X194,X194,,3.8,,no-official-km,1,0,C
广东:X195,X195,,60.9,,no-official-km,8,7,C
广东:X197,X197,,4.2,,no-official-km,1,0,C
广东:X199,X199,,42.4,,no-official-km,5,4,C
广东:X20,X20,,23.7,,no-official-km,2,1,C
广东:X200,X200,,12.9,,no-official-km,4,3,C
广东:X201,X201,,8.3,,no-official-km,1,0,C
广东:X202,X202,,12.1,,no-official-km,2,1,C
广东:X203,X203,,2.6,,no-official-km,1,0,C
广东:X204,X204,,19.5,,no-official-km,5,4,C
广东:X205,X205,,22.8,,no-official-km,1,0,C
广东:X206,X206,,34.8,,no-official-km,4,3,C
广东:X207,X207,,19.4,,broken-jump,6,5,C
广东:X208,X208,,11.1,,no-official-km,2,1,C
广东:X209,X209,,9.8,,no-official-km,1,0,C
广东:X21,X21,,3.9,,no-official-km,1,0,C
广东:X210,X210,,56.4,,no-official-km,2,1,C
广东:X211,X211,,16.0,,no-official-km,2,1,C
广东:X212,X212,,5.2,,no-official-km,2,1,C
广东:X213,X213,,39.4,,no-official-km,1,0,C
广东:X214,X214,,15.6,,no-official-km,1,0,C
广东:X215,X215,,22.1,,no-official-km,3,2,C
广东:X216,X216,,30.4,,no-official-km,3,2,C
广东:X217,X217,,12.9,,no-official-km,4,3,C
广东:X218,X218,,55.2,,no-official-km,2,1,C
广东:X219,X219,,21.1,,no-official-km,1,0,C
广东:X22,X22,,8.1,,no-official-km,1,0,C
广东:X220,X220,,19.4,,no-official-km,2,1,C
广东:X222,X222,,27.3,,no-official-km,2,1,C
广东:X223,X223,,18.8,,no-official-km,4,3,C
广东:X225,X225,,20.1,,no-official-km,1,0,C
广东:X226,X226,,12.1,,no-official-km,1,0,C
广东:X227,X227,,15.1,,no-official-km,1,0,C
广东:X229,X229,,25.3,,no-official-km,1,0,C
广东:X23,X23,,3.0,,no-official-km,2,1,C
广东:X231,X231,,35.4,,no-official-km,3,2,C
广东:X232,X232,,8.2,,no-official-km,2,1,C
广东:X233,X233,,29.3,,no-official-km,4,3,C
广东:X235,X235,,31.6,,no-official-km,2,1,C
广东:X236,X236,,39.5,,no-official-km,4,3,C
广东:X239,X239,,16.4,,no-official-km,2,1,C
广东:X240,X240,,17.9,,broken-jump,2,1,C
广东:X241,X241,,26.5,,no-official-km,5,4,C
广东:X242,X242,,14.7,,no-official-km,3,2,C
广东:X243,X243,,15.5,,no-official-km,5,4,C
广东:X244,X244,,14.1,,no-official-km,2,1,C
广东:X248,X248,,22.7,,no-official-km,6,5,C
广东:X25,X25,,3.6,,no-official-km,2,1,C
广东:X250,X250,,2.9,,no-official-km,1,0,C
广东:X251,X251,,26.7,,no-official-km,6,5,C
广东:X252,X252,,38.5,,no-official-km,5,4,C
广东:X253,X253,,35.0,,no-official-km,3,2,C
广东:X254,X254,,14.5,,no-official-km,3,2,C
广东:X255,X255,,8.7,,no-official-km,2,1,C
广东:X256,X256,,29.9,,no-official-km,3,2,C
广东:X257,X257,,10.3,,no-official-km,2,1,C
广东:X258,X258,,9.6,,no-official-km,2,1,C
广东:X259,X259,,14.8,,no-official-km,1,0,C
广东:X26,X26,,25.9,,no-official-km,5,4,C
广东:X260,X260,,16.3,,no-official-km,3,2,C
广东:X262,X262,,34.0,,no-official-km,2,1,C
广东:X263,X263,,4.8,,no-official-km,1,0,C
广东:X264,X264,,25.5,,no-official-km,6,5,C
广东:X265,X265,,17.6,,no-official-km,3,2,C
广东:X266,X266,,4.4,,no-official-km,1,0,C
广东:X267,X267,,5.2,,no-official-km,2,1,C
广东:X268,X268,,6.4,,no-official-km,1,0,C
广东:X27,X27,,37.0,,no-official-km,1,0,C
广东:X270,X270,,6.0,,no-official-km,2,1,C
广东:X271,X271,,22.9,,no-official-km,2,1,C
广东:X272,X272,,6.6,,no-official-km,1,0,C
广东:X274,X274,,9.4,,no-official-km,1,0,C
广东:X28,X28,,25.5,,no-official-km,2,1,C
广东:X280,X280,,14.2,,no-official-km,1,0,C
广东:X281,X281,,15.9,,no-official-km,4,3,C
广东:X282,X282,,5.0,,no-official-km,1,0,C
广东:X284,X284,,24.0,,no-official-km,6,5,C
广东:X285,X285,,14.8,,no-official-km,1,0,C
广东:X286,X286,,25.3,,no-official-km,2,1,C
广东:X288,X288,,22.6,,no-official-km,1,0,C
广东:X289,X289,,4.8,,no-official-km,3,2,C
广东:X29,X29,,13.1,,no-official-km,1,0,C
广东:X290,X290,,15.3,,no-official-km,2,1,C
广东:X291,X291,,2.9,,no-official-km,1,0,C
广东:X292,X292,,13.1,,no-official-km,1,0,C
广东:X293,X293,,16.8,,no-official-km,1,0,C
广东:X295,X295,,1.2,,no-official-km,1,0,C
广东:X297,X297,,17.2,,no-official-km,8,7,C
广东:X298,X298,,20.8,,no-official-km,4,3,C
广东:X299,X299,,7.7,,no-official-km,1,0,C
广东:X3,X3,,30.1,,no-official-km,2,1,C
广东:X30,X30,,8.3,,no-official-km,1,0,C
广东:X300,X300,,15.1,,no-official-km,3,2,C
广东:X301,X301,,6.4,,no-official-km,1,0,C
广东:X302,X302,,15.5,,no-official-km,1,0,C
广东:X303,X303,,15.9,,broken-jump,1,0,C
广东:X304,X304,,18.2,,no-official-km,5,4,C
广东:X307,X307,,15.5,,no-official-km,2,1,C
广东:X308,X308,,24.0,,no-official-km,3,2,C
广东:X31,X31,,20.5,,no-official-km,2,1,C
广东:X310,X310,,12.4,,no-official-km,2,1,C
广东:X311,X311,,1.0,,no-official-km,1,0,C
广东:X312,X312,,11.5,,no-official-km,3,2,C
广东:X313,X313,,10.6,,no-official-km,1,0,C
广东:X314,X314,,20.1,,no-official-km,2,1,C
广东:X315,X315,,0.3,,no-official-km,1,0,C
广东:X317,X317,,29.6,,no-official-km,4,3,C
广东:X319,X319,,1.3,,no-official-km,1,0,C
广东:X32,X32,,1.3,,no-official-km,1,0,C
广东:X320,X320,,28.1,,no-official-km,1,0,C
广东:X321,X321,,30.0,,no-official-km,1,0,C
广东:X323,X323,,6.2,,no-official-km,1,0,C
广东:X324,X324,,26.3,,no-official-km,1,0,C
广东:X326,X326,,52.2,,no-official-km,1,0,C
广东:X327,X327,,23.4,,no-official-km,1,0,C
广东:X328,X328,,5.8,,no-official-km,1,0,C
广东:X330,X330,,3.1,,no-official-km,1,0,C
广东:X332,X332,,14.3,,no-official-km,1,0,C
广东:X336,X336,,8.9,,no-official-km,1,0,C
广东:X337,X337,,14.6,,no-official-km,3,2,C
广东:X338,X338,,14.7,,no-official-km,1,0,C
广东:X339,X339,,6.0,,no-official-km,1,0,C
广东:X341,X341,,19.6,,no-official-km,1,0,C
广东:X342,X342,,15.4,,no-official-km,1,0,C
广东:X343,X343,,23.4,,no-official-km,2,1,C
广东:X344,X344,,16.5,,no-official-km,2,1,C
广东:X345,X345,,24.7,,no-official-km,2,1,C
广东:X346,X346,,10.1,,no-official-km,1,0,C
广东:X348,X348,,50.8,,no-official-km,1,0,C
广东:X349,X349,,15.8,,no-official-km,2,1,C
广东:X35,X35,,3.5,,no-official-km,1,0,C
广东:X350,X350,,37.4,,no-official-km,1,0,C
广东:X352,X352,,16.7,,no-official-km,1,0,C
广东:X353,X353,,17.3,,no-official-km,1,0,C
广东:X355,X355,,10.7,,no-official-km,1,0,C
广东:X356,X356,,11.0,,no-official-km,1,0,C
广东:X357,X357,,15.0,,no-official-km,2,1,C
广东:X358,X358,,25.5,,no-official-km,2,1,C
广东:X359,X359,,9.6,,no-official-km,1,0,C
广东:X36,X36,,1.1,,no-official-km,1,0,C
广东:X360,X360,,13.1,,no-official-km,1,0,C
广东:X361,X361,,25.5,,no-official-km,2,1,C
广东:X362,X362,,10.2,,no-official-km,1,0,C
广东:X363,X363,,9.4,,no-official-km,1,0,C
广东:X366,X366,,73.1,,no-official-km,1,0,C
广东:X367,X367,,30.1,,no-official-km,1,0,C
广东:X368,X368,,33.0,,no-official-km,1,0,C
广东:X369,X369,,19.2,,no-official-km,1,0,C
广东:X370,X370,,7.6,,no-official-km,1,0,C
广东:X371,X371,,31.0,,no-official-km,3,2,C
广东:X372,X372,,3.6,,no-official-km,1,0,C
广东:X373,X373,,7.1,,no-official-km,2,1,C
广东:X374,X374,,15.4,,no-official-km,2,1,C
广东:X375,X375,,6.2,,no-official-km,1,0,C
广东:X376,X376,,20.0,,no-official-km,2,1,C
广东:X377,X377,,33.1,,no-official-km,3,2,C
广东:X379,X379,,17.2,,no-official-km,2,1,C
广东:X38,X38,,16.9,,no-official-km,2,1,C
广东:X381,X381,,0.8,,no-official-km,1,0,C
广东:X384,X384,,18.2,,no-official-km,1,0,C
广东:X385,X385,,17.5,,no-official-km,1,0,C
广东:X386,X386,,0.5,,no-official-km,1,0,C
广东:X387,X387,,25.1,,no-official-km,1,0,C
广东:X389,X389,,14.7,,no-official-km,1,0,C
广东:X39,X39,,2.0,,no-official-km,1,0,C
广东:X390,X390,,3.7,,no-official-km,1,0,C
广东:X391,X391,,27.9,,no-official-km,1,0,C
广东:X392,X392,,15.9,,no-official-km,2,1,C
广东:X393,X393,,20.3,,no-official-km,2,1,C
广东:X394,X394,,12.2,,no-official-km,1,0,C
广东:X395,X395,,11.7,,no-official-km,1,0,C
广东:X397,X397,,10.3,,no-official-km,1,0,C
广东:X398,X398,,3.1,,no-official-km,1,0,C
广东:X399,X399,,4.7,,no-official-km,2,1,C
广东:X4,X4,,2.1,,no-official-km,1,0,C
广东:X40,X40,,1.1,,no-official-km,2,1,C
广东:X400,X400,,25.1,,no-official-km,2,1,C
广东:X401,X401,,25.8,,no-official-km,1,0,C
广东:X402,X402,,10.9,,no-official-km,2,1,C
广东:X404,X404,,18.8,,no-official-km,1,0,C
广东:X405,X405,,29.8,,no-official-km,6,5,C
广东:X407,X407,,8.7,,no-official-km,2,1,C
广东:X408,X408,,6.8,,no-official-km,1,0,C
广东:X409,X409,,69.4,,no-official-km,2,1,C
广东:X41,X41,,28.8,,no-official-km,2,1,C
广东:X410,X410,,33.5,,no-official-km,3,2,C
广东:X411,X411,,16.5,,no-official-km,1,0,C
广东:X413,X413,,31.0,,no-official-km,2,1,C
广东:X414,X414,,45.8,,no-official-km,3,2,C
广东:X415,X415,,35.4,,no-official-km,3,2,C
广东:X416,X416,,21.6,,no-official-km,2,1,C
广东:X417,X417,,12.6,,no-official-km,1,0,C
广东:X418,X418,,28.8,,no-official-km,1,0,C
广东:X419,X419,,10.1,,no-official-km,1,0,C
广东:X420,X420,,0.1,,no-official-km,1,0,C
广东:X421,X421,,25.7,,no-official-km,3,2,C
广东:X422,X422,,16.8,,no-official-km,1,0,C
广东:X423,X423,,7.4,,no-official-km,1,0,C
广东:X424,X424,,19.0,,no-official-km,1,0,C
广东:X425,X425,,7.7,,no-official-km,2,1,C
广东:X426,X426,,12.0,,no-official-km,1,0,C
广东:X427,X427,,32.3,,no-official-km,6,5,C
广东:X428,X428,,19.5,,no-official-km,1,0,C
广东:X429,X429,,13.7,,no-official-km,3,2,C
广东:X430,X430,,11.2,,no-official-km,1,0,C
广东:X432,X432,,1.6,,no-official-km,2,1,C
广东:X433,X433,,8.5,,no-official-km,1,0,C
广东:X434,X434,,33.5,,no-official-km,4,3,C
广东:X435,X435,,38.8,,no-official-km,2,1,C
广东:X436,X436,,25.3,,no-official-km,1,0,C
广东:X437,X437,,9.8,,no-official-km,3,2,C
广东:X438,X438,,10.2,,no-official-km,1,0,C
广东:X439,X439,,11.4,,no-official-km,4,3,C
广东:X44,X44,,5.1,,no-official-km,2,1,C
广东:X440,X440,,29.6,,no-official-km,2,1,C
广东:X441,X441,,26.8,,no-official-km,2,1,C
广东:X442,X442,,8.1,,no-official-km,1,0,C
广东:X443,X443,,60.2,,no-official-km,3,2,C
广东:X444,X444,,9.5,,no-official-km,1,0,C
广东:X445,X445,,19.2,,no-official-km,3,2,C
广东:X446,X446,,19.3,,no-official-km,1,0,C
广东:X447,X447,,19.0,,no-official-km,2,1,C
广东:X448,X448,,3.7,,no-official-km,1,0,C
广东:X449,X449,,13.6,,no-official-km,1,0,C
广东:X45,X45,,9.4,,no-official-km,3,2,C
广东:X451,X451,,2.9,,no-official-km,1,0,C
广东:X453,X453,,21.2,,no-official-km,1,0,C
广东:X454,X454,,20.2,,no-official-km,1,0,C
广东:X455,X455,,23.2,,no-official-km,2,1,C
广东:X456,X456,,5.2,,no-official-km,1,0,C
广东:X459,X459,,7.2,,no-official-km,2,1,C
广东:X46,X46,,4.7,,no-official-km,2,1,C
广东:X463,X463,,3.7,,no-official-km,1,0,C
广东:X465,X465,,38.0,,no-official-km,1,0,C
广东:X467,X467,,0.6,,no-official-km,1,0,C
广东:X468,X468,,18.3,,no-official-km,1,0,C
广东:X469,X469,,8.9,,no-official-km,1,0,C
广东:X47,X47,,13.6,,no-official-km,2,1,C
广东:X470,X470,,33.6,,no-official-km,2,1,C
广东:X472,X472,,24.5,,no-official-km,1,0,C
广东:X473,X473,,20.5,,no-official-km,1,0,C
广东:X474,X474,,5.0,,no-official-km,1,0,C
广东:X476,X476,,17.8,,no-official-km,1,0,C
广东:X477,X477,,0.8,,no-official-km,1,0,C
广东:X478,X478,,7.8,,no-official-km,1,0,C
广东:X479,X479,,22.2,,no-official-km,2,1,C
广东:X48,X48,,5.7,,no-official-km,1,0,C
广东:X481,X481,,28.9,,no-official-km,1,0,C
广东:X482,X482,,5.1,,no-official-km,1,0,C
广东:X483,X483,,11.5,,no-official-km,3,2,C
广东:X484,X484,,10.9,,no-official-km,2,1,C
广东:X486,X486,,2.9,,no-official-km,1,0,C
广东:X487,X487,,5.2,,no-official-km,1,0,C
广东:X488,X488,,4.7,,no-official-km,1,0,C
广东:X489,X489,,5.0,,no-official-km,1,0,C
广东:X491,X491,,5.4,,no-official-km,3,2,C
广东:X494,X494,,15.0,,no-official-km,3,2,C
广东:X496,X496,,11.0,,no-official-km,3,2,C
广东:X497,X497,,9.4,,no-official-km,2,1,C
广东:X499,X499,,16.4,,no-official-km,1,0,C
广东:X5,X5,,19.8,,no-official-km,2,1,C
广东:X501,X501,,0.7,,no-official-km,2,1,C
广东:X502,X502,,3.7,,no-official-km,1,0,C
广东:X503,X503,,35.0,,no-official-km,6,5,C
广东:X504,X504,,18.0,,no-official-km,1,0,C
广东:X505,X505,,0.7,,no-official-km,1,0,C
广东:X506,X506,,10.7,,no-official-km,2,1,C
广东:X507,X507,,21.1,,no-official-km,2,1,C
广东:X508,X508,,4.2,,no-official-km,2,1,C
广东:X509,X509,,14.3,,no-official-km,3,2,C
广东:X51,X51,,3.6,,no-official-km,3,2,C
广东:X511,X511,,3.7,,no-official-km,1,0,C
广东:X512,X512,,55.5,,no-official-km,8,7,C
广东:X513,X513,,10.3,,no-official-km,2,1,C
广东:X514,X514,,11.8,,no-official-km,7,6,C
广东:X515,X515,,9.1,,no-official-km,3,2,C
广东:X517,X517,,0.0,,no-official-km,1,0,C
广东:X518,X518,,18.7,,no-official-km,5,4,C
广东:X519,X519,,16.8,,no-official-km,3,2,C
广东:X520,X520,,5.6,,no-official-km,1,0,C
广东:X521,X521,,19.1,,no-official-km,1,0,C
广东:X522,X522,,3.7,,no-official-km,1,0,C
广东:X523,X523,,4.3,,no-official-km,1,0,C
广东:X524,X524,,40.3,,no-official-km,2,1,C
广东:X525,X525,,21.2,,no-official-km,1,0,C
广东:X526,X526,,5.3,,no-official-km,3,2,C
广东:X527,X527,,2.7,,no-official-km,1,0,C
广东:X529,X529,,3.0,,no-official-km,1,0,C
广东:X53,X53,,9.6,,no-official-km,1,0,C
广东:X530,X530,,15.9,,no-official-km,2,1,C
广东:X532,X532,,15.7,,no-official-km,5,4,C
广东:X533,X533,,16.6,,no-official-km,5,4,C
广东:X534,X534,,6.4,,no-official-km,1,0,C
广东:X536,X536,,0.3,,no-official-km,1,0,C
广东:X537,X537,,21.7,,no-official-km,5,4,C
广东:X538,X538,,10.8,,no-official-km,1,0,C
广东:X539,X539,,24.1,,no-official-km,3,2,C
广东:X540,X540,,27.9,,no-official-km,4,3,C
广东:X541,X541,,22.6,,no-official-km,3,2,C
广东:X542,X542,,8.2,,no-official-km,1,0,C
广东:X543,X543,,17.0,,no-official-km,1,0,C
广东:X544,X544,,,,no-geometry,0,0,
广东:X545,X545,,4.1,,no-official-km,1,0,C
广东:X552,X552,,10.4,,no-official-km,1,0,C
广东:X553,X553,,6.6,,no-official-km,1,0,C
广东:X556,X556,,17.9,,no-official-km,1,0,C
广东:X557,X557,,7.1,,no-official-km,2,1,C
广东:X558,X558,,6.2,,no-official-km,1,0,C
广东:X559,X559,,18.5,,no-official-km,2,1,C
广东:X560,X560,,13.4,,no-official-km,5,4,C
广东:X561,X561,,32.5,,no-official-km,6,5,C
广东:X57,X57,,3.2,,no-official-km,1,0,C
广东:X572,X572,,21.3,,no-official-km,1,0,C
广东:X573,X573,,12.4,,no-official-km,1,0,C
广东:X575,X575,,16.7,,no-official-km,5,4,C
广东:X576,X576,,6.7,,no-official-km,1,0,C
广东:X577,X577,,8.5,,no-official-km,2,1,C
广东:X580,X580,,14.3,,no-official-km,1,0,C
广东:X581,X581,,8.8,,no-official-km,1,0,C
广东:X582,X582,,44.7,,no-official-km,8,7,C
广东:X584,X584,,26.3,,no-official-km,4,3,C
广东:X587,X587,,10.1,,no-official-km,1,0,C
广东:X588,X588,,12.7,,no-official-km,1,0,C
广东:X589,X589,,23.2,,no-official-km,5,4,C
广东:X590,X590,,0.3,,no-official-km,1,0,C
广东:X592,X592,,21.8,,no-official-km,3,2,C
广东:X593,X593,,0.1,,no-official-km,1,0,C
广东:X594,X594,,11.3,,no-official-km,1,0,C
广东:X595,X595,,24.2,,no-official-km,2,1,C
广东:X596,X596,,9.4,,no-official-km,1,0,C
广东:X597,X597,,4.5,,no-official-km,1,0,C
广东:X598,X598,,15.8,,no-official-km,1,0,C
广东:X599,X599,,0.2,,no-official-km,1,0,C
广东:X6,X6,,20.1,,no-official-km,1,0,C
广东:X600,X600,,43.7,,no-official-km,2,1,C
广东:X601,X601,,,,no-geometry,0,0,
广东:X603,X603,,55.8,,no-official-km,2,1,C
广东:X605,X605,,1.6,,no-official-km,1,0,C
广东:X606,X606,,3.7,,no-official-km,2,1,C
广东:X607,X607,,6.4,,no-official-km,1,0,C
广东:X608,X608,,5.7,,no-official-km,2,1,C
广东:X609,X609,,8.9,,no-official-km,2,1,C
广东:X61,X61,,6.0,,no-official-km,1,0,C
广东:X610,X610,,11.0,,no-official-km,1,0,C
广东:X612,X612,,13.2,,no-official-km,1,0,C
广东:X613,X613,,6.7,,no-official-km,1,0,C
广东:X614,X614,,14.9,,no-official-km,1,0,C
广东:X615,X615,,41.6,,no-official-km,2,1,C
广东:X616,X616,,44.1,,no-official-km,1,0,C
广东:X620,X620,,24.7,,no-official-km,1,0,C
广东:X621,X621,,8.2,,no-official-km,1,0,C
广东:X622,X622,,6.0,,no-official-km,2,1,C
广东:X623,X623,,19.4,,no-official-km,1,0,C
广东:X624,X624,,9.2,,no-official-km,1,0,C
广东:X625,X625,,10.7,,no-official-km,1,0,C
广东:X626,X626,,8.0,,no-official-km,1,0,C
广东:X627,X627,,36.0,,no-official-km,1,0,C
广东:X628,X628,,0.2,,no-official-km,1,0,C
广东:X629,X629,,56.7,,no-official-km,2,1,C
广东:X63,X63,,19.8,,no-official-km,3,2,C
广东:X630,X630,,17.9,,no-official-km,2,1,C
广东:X633,X633,,21.8,,no-official-km,1,0,C
广东:X634,X634,,12.4,,no-official-km,2,1,C
广东:X635,X635,,4.3,,no-official-km,1,0,C
广东:X636,X636,,17.3,,no-official-km,2,1,C
广东:X637,X637,,16.0,,no-official-km,2,1,C
广东:X639,X639,,11.7,,no-official-km,1,0,C
广东:X64,X64,,6.2,,no-official-km,2,1,C
广东:X640,X640,,20.4,,no-official-km,2,1,C
广东:X641,X641,,23.0,,no-official-km,1,0,C
广东:X642,X642,,11.0,,no-official-km,2,1,C
广东:X643,X643,,24.8,,no-official-km,1,0,C
广东:X645,X645,,14.6,,no-official-km,1,0,C
广东:X647,X647,,4.5,,no-official-km,1,0,C
广东:X648,X648,,4.8,,no-official-km,1,0,C
广东:X650,X650,,26.9,,no-official-km,1,0,C
广东:X651,X651,,26.4,,no-official-km,1,0,C
广东:X655,X655,,7.7,,no-official-km,1,0,C
广东:X656,X656,,6.8,,no-official-km,1,0,C
广东:X657,X657,,11.2,,no-official-km,1,0,C
广东:X658,X658,,7.1,,no-official-km,1,0,C
广东:X659,X659,,11.2,,no-official-km,2,1,C
广东:X663,X663,,11.6,,no-official-km,1,0,C
广东:X664,X664,,3.1,,no-official-km,1,0,C
广东:X666,X666,,16.6,,no-official-km,1,0,C
广东:X667,X667,,21.2,,no-official-km,2,1,C
广东:X668,X668,,16.3,,no-official-km,1,0,C
广东:X669,X669,,14.9,,no-official-km,1,0,C
广东:X670,X670,,11.9,,no-official-km,3,2,C
广东:X674,X674,,13.4,,no-official-km,1,0,C
广东:X675,X675,,8.7,,no-official-km,1,0,C
广东:X677,X677,,22.7,,no-official-km,1,0,C
广东:X679,X679,,23.1,,no-official-km,1,0,C
广东:X680,X680,,35.7,,no-official-km,1,0,C
广东:X681,X681,,5.2,,no-official-km,1,0,C
广东:X682,X682,,10.2,,no-official-km,1,0,C
广东:X683,X683,,16.6,,no-official-km,1,0,C
广东:X684,X684,,8.9,,no-official-km,2,1,C
广东:X685,X685,,18.3,,no-official-km,1,0,C
广东:X687,X687,,22.2,,no-official-km,1,0,C
广东:X688,X688,,10.2,,no-official-km,1,0,C
广东:X690,X690,,46.4,,no-official-km,2,1,C
广东:X694,X694,,5.0,,no-official-km,1,0,C
广东:X696,X696,,34.2,,no-official-km,1,0,C
广东:X697,X697,,28.2,,no-official-km,2,1,C
广东:X699,X699,,4.5,,no-official-km,2,1,C
广东:X7,X7,,2.6,,no-official-km,1,0,C
广东:X700,X700,,7.5,,no-official-km,1,0,C
广东:X701,X701,,18.2,,no-official-km,1,0,C
广东:X704,X704,,11.5,,no-official-km,1,0,C
广东:X705,X705,,3.9,,no-official-km,1,0,C
广东:X706,X706,,9.5,,no-official-km,2,1,C
广东:X72,X72,,32.4,,no-official-km,1,0,C
广东:X725,X725,,4.9,,no-official-km,1,0,C
广东:X727,X727,,21.7,,no-official-km,3,2,C
广东:X729,X729,,6.7,,no-official-km,2,1,C
广东:X73,X73,,9.4,,no-official-km,1,0,C
广东:X746,X746,,4.1,,no-official-km,1,0,C
广东:X748,X748,,11.0,,no-official-km,1,0,C
广东:X75,X75,,41.3,,no-official-km,4,3,C
广东:X751,X751,,16.2,,no-official-km,2,1,C
广东:X752,X752,,9.8,,no-official-km,1,0,C
广东:X753,X753,,12.7,,no-official-km,2,1,C
广东:X760,X760,,4.5,,no-official-km,1,0,C
广东:X761,X761,,12.3,,no-official-km,1,0,C
广东:X762,X762,,8.1,,no-official-km,2,1,C
广东:X763,X763,,4.1,,no-official-km,1,0,C
广东:X764,X764,,9.6,,no-official-km,2,1,C
广东:X765,X765,,14.2,,no-official-km,2,1,C
广东:X766,X766,,1.1,,no-official-km,1,0,C
广东:X767,X767,,21.1,,broken-jump,2,1,C
广东:X769,X769,,24.4,,no-official-km,4,3,C
广东:X779,X779,,1.1,,no-official-km,1,0,C
广东:X78,X78,,15.3,,no-official-km,3,2,C
广东:X780,X780,,8.8,,no-official-km,4,3,C
广东:X793,X793,,14.4,,no-official-km,1,0,C
广东:X796,X796,,14.0,,no-official-km,1,0,C
广东:X797,X797,,9.6,,no-official-km,1,0,C
广东:X8,X8,,2.3,,no-official-km,1,0,C
广东:X80,X80,,16.0,,no-official-km,2,1,C
广东:X800,X800,,13.7,,no-official-km,1,0,C
广东:X801,X801,,6.0,,no-official-km,1,0,C
广东:X803,X803,,40.3,,no-official-km,4,3,C
广东:X804,X804,,39.5,,no-official-km,5,4,C
广东:X805,X805,,20.1,,no-official-km,2,1,C
广东:X806,X806,,3.8,,no-official-km,2,1,C
广东:X807,X807,,3.2,,no-official-km,1,0,C
广东:X808,X808,,15.8,,no-official-km,1,0,C
广东:X809,X809,,1.2,,no-official-km,1,0,C
广东:X811,X811,,16.5,,no-official-km,1,0,C
广东:X815,X815,,14.4,,no-official-km,1,0,C
广东:X816,X816,,41.1,,no-official-km,3,2,C
广东:X817,X817,,11.7,,no-official-km,1,0,C
广东:X819,X819,,11.7,,no-official-km,3,2,C
广东:X82,X82,,6.9,,no-official-km,1,0,C
广东:X820,X820,,6.5,,no-official-km,1,0,C
广东:X828,X828,,7.7,,no-official-km,1,0,C
广东:X829,X829,,4.8,,no-official-km,1,0,C
广东:X83,X83,,24.9,,no-official-km,2,1,C
广东:X830,X830,,22.6,,no-official-km,2,1,C
广东:X831,X831,,12.5,,no-official-km,1,0,C
广东:X832,X832,,4.3,,no-official-km,2,1,C
广东:X834,X834,,12.8,,no-official-km,1,0,C
广东:X835,X835,,29.1,,no-official-km,3,2,C
广东:X836,X836,,0.8,,no-official-km,1,0,C
广东:X837,X837,,5.5,,no-official-km,1,0,C
广东:X838,X838,,2.2,,no-official-km,1,0,C
广东:X839,X839,,9.1,,no-official-km,1,0,C
广东:X84,X84,,10.2,,no-official-km,1,0,C
广东:X841,X841,,4.8,,no-official-km,3,2,C
广东:X843,X843,,3.0,,no-official-km,1,0,C
广东:X844,X844,,18.0,,no-official-km,4,3,C
广东:X845,X845,,14.7,,no-official-km,2,1,C
广东:X846,X846,,28.4,,no-official-km,1,0,C
广东:X847,X847,,2.0,,no-official-km,2,1,C
广东:X848,X848,,14.3,,no-official-km,1,0,C
广东:X849,X849,,3.8,,no-official-km,1,0,C
广东:X850,X850,,27.0,,no-official-km,3,2,C
广东:X851,X851,,0.4,,no-official-km,1,0,C
广东:X853,X853,,7.9,,no-official-km,1,0,C
广东:X857,X857,,8.5,,no-official-km,2,1,C
广东:X86,X86,,7.8,,no-official-km,1,0,C
广东:X860,X860,,18.1,,no-official-km,3,2,C
广东:X861,X861,,13.1,,no-official-km,1,0,C
广东:X864,X864,,9.6,,no-official-km,3,2,C
广东:X865,X865,,14.8,,no-official-km,1,0,C
广东:X867,X867,,34.8,,no-official-km,4,3,C
广东:X868,X868,,4.4,,no-official-km,1,0,C
广东:X87,X87,,1.1,,no-official-km,1,0,C
广东:X870,X870,,19.5,,no-official-km,2,1,C
广东:X871,X871,,14.8,,no-official-km,2,1,C
广东:X872,X872,,3.6,,no-official-km,1,0,C
广东:X873,X873,,26.5,,no-official-km,3,2,C
广东:X874,X874,,21.2,,no-official-km,1,0,C
广东:X877,X877,,3.6,,no-official-km,1,0,C
广东:X878,X878,,6.7,,no-official-km,5,4,C
广东:X879,X879,,20.5,,no-official-km,2,1,C
广东:X88,X88,,9.6,,broken-jump,1,0,C
广东:X880,X880,,33.2,,no-official-km,9,8,C
广东:X883,X883,,12.5,,no-official-km,4,3,C
广东:X885,X885,,1.9,,no-official-km,1,0,C
广东:X886,X886,,14.5,,no-official-km,3,2,C
广东:X9,X9,,4.3,,no-official-km,1,0,C
广东:X92,X92,,7.5,,no-official-km,2,1,C
广东:X927,X927,,5.9,,no-official-km,2,1,C
广东:X933,X933,,10.6,,no-official-km,3,2,C
广东:X934,X934,,23.6,,no-official-km,1,0,C
广东:X935,X935,,11.7,,no-official-km,1,0,C
广东:X936,X936,,14.7,,no-official-km,2,1,C
广东:X938,X938,,10.5,,no-official-km,2,1,C
广东:X939,X939,,11.0,,no-official-km,2,1,C
广东:X940,X940,,20.3,,no-official-km,1,0,C
广东:X942,X942,,5.1,,no-official-km,1,0,C
广东:X943,X943,,11.4,,no-official-km,1,0,C
广东:X946,X946,,8.7,,no-official-km,1,0,C
广东:X947,X947,,20.0,,no-official-km,1,0,C
广东:X948,X948,,21.7,,no-official-km,2,1,C
广东:X949,X949,,0.7,,no-official-km,1,0,C
广东:X950,X950,,36.3,,no-official-km,1,0,C
广东:X951,X951,,18.4,,no-official-km,1,0,C
广东:X952,X952,,9.9,,no-official-km,1,0,C
广东:X953,X953,,13.2,,no-official-km,1,0,C
广东:X954,X954,,11.0,,no-official-km,2,1,C
广东:X955,X955,,25.4,,no-official-km,1,0,C
广东:X957,X957,,8.0,,no-official-km,1,0,C
广东:X958,X958,,27.6,,no-official-km,5,4,C
广东:X959,X959,,7.3,,no-official-km,1,0,C
广东:X96,X96,,5.1,,no-official-km,1,0,C
广东:X960,X960,,14.2,,no-official-km,2,1,C
广东:X962,X962,,17.9,,no-official-km,2,1,C
广东:X963,X963,,3.0,,no-official-km,1,0,C
广东:X964,X964,,1.6,,no-official-km,1,0,C
广东:X965,X965,,9.4,,no-official-km,1,0,C
广东:X966,X966,,3.1,,no-official-km,1,0,C
广东:X968,X968,,24.0,,no-official-km,2,1,C
广东:X969,X969,,4.1,,no-official-km,2,1,C
广东:X97,X97,,17.9,,no-official-km,1,0,C
广东:X970,X970,,11.3,,no-official-km,1,0,C
广东:X971,X971,,17.4,,no-official-km,3,2,C
广东:X972,X972,,39.6,,no-official-km,2,1,C
广东:X973,X973,,5.7,,no-official-km,4,3,C
广东:X976,X976,,13.2,,no-official-km,3,2,C
广东:X981,X981,,4.4,,no-official-km,2,1,C
广东:X985,X985,,2.1,,no-official-km,1,0,C
广东:X99,X99,,4.7,,no-official-km,2,1,C
广西:X1,X1,,18.5,,no-official-km,2,1,C
广西:X10,X10,,13.1,,no-official-km,2,1,C
广西:X102,X102,,25.0,,no-official-km,1,0,C
广西:X103,X103,,11.7,,no-official-km,1,0,C
广西:X104,X104,,0.8,,no-official-km,1,0,C
广西:X105,X105,,9.1,,no-official-km,1,0,C
广西:X106,X106,,21.4,,no-official-km,2,1,C
广西:X107,X107,,28.4,,no-official-km,1,0,C
广西:X108,X108,,8.1,,no-official-km,1,0,C
广西:X109,X109,,25.6,,no-official-km,2,1,C
广西:X11,X11,,15.4,,no-official-km,1,0,C
广西:X111,X111,,26.5,,no-official-km,1,0,C
广西:X112,X112,,8.1,,no-official-km,2,1,C
广西:X114,X114,,29.1,,no-official-km,2,1,C
广西:X115,X115,,19.8,,no-official-km,1,0,C
广西:X116,X116,,7.4,,no-official-km,1,0,C
广西:X117,X117,,8.6,,no-official-km,3,2,C
广西:X12,X12,,7.9,,no-official-km,2,1,C
广西:X121,X121,,38.1,,no-official-km,2,1,C
广西:X122,X122,,36.2,,no-official-km,1,0,C
广西:X123,X123,,9.8,,no-official-km,2,1,C
广西:X125,X125,,6.3,,no-official-km,1,0,C
广西:X126,X126,,17.3,,no-official-km,1,0,C
广西:X127,X127,,17.6,,no-official-km,1,0,C
广西:X129,X129,,8.1,,no-official-km,1,0,C
广西:X130,X130,,25.2,,no-official-km,1,0,C
广西:X132,X132,,9.4,,no-official-km,1,0,C
广西:X134,X134,,16.0,,no-official-km,1,0,C
广西:X135,X135,,21.1,,no-official-km,1,0,C
广西:X137,X137,,39.9,,no-official-km,1,0,C
广西:X138,X138,,7.2,,no-official-km,2,1,C
广西:X139,X139,,17.0,,no-official-km,1,0,C
广西:X14,X14,,14.1,,no-official-km,1,0,C
广西:X142,X142,,22.2,,no-official-km,1,0,C
广西:X143,X143,,72.0,,no-official-km,3,2,C
广西:X144,X144,,16.3,,no-official-km,5,4,C
广西:X146,X146,,23.1,,no-official-km,1,0,C
广西:X147,X147,,48.4,,no-official-km,6,5,C
广西:X148,X148,,25.2,,no-official-km,1,0,C
广西:X149,X149,,46.9,,no-official-km,2,1,C
广西:X15,X15,,26.0,,no-official-km,1,0,C
广西:X150,X150,,51.0,,no-official-km,2,1,C
广西:X151,X151,,9.7,,no-official-km,3,2,C
广西:X154,X154,,8.0,,no-official-km,1,0,C
广西:X155,X155,,14.5,,no-official-km,1,0,C
广西:X156,X156,,13.0,,no-official-km,2,1,C
广西:X158,X158,,12.8,,no-official-km,1,0,C
广西:X159,X159,,29.7,,no-official-km,2,1,C
广西:X16,X16,,1.0,,no-official-km,1,0,C
广西:X164,X164,,8.2,,no-official-km,1,0,C
广西:X165,X165,,37.3,,no-official-km,1,0,C
广西:X167,X167,,38.3,,no-official-km,1,0,C
广西:X168,X168,,29.5,,no-official-km,1,0,C
广西:X17,X17,,12.2,,no-official-km,1,0,C
广西:X172,X172,,8.7,,no-official-km,1,0,C
广西:X174,X174,,17.8,,no-official-km,1,0,C
广西:X176,X176,,5.1,,no-official-km,1,0,C
广西:X18,X18,,6.6,,no-official-km,1,0,C
广西:X181,X181,,1.3,,no-official-km,2,1,C
广西:X183,X183,,13.3,,no-official-km,2,1,C
广西:X186,X186,,6.0,,no-official-km,2,1,C
广西:X187,X187,,27.3,,no-official-km,1,0,C
广西:X188,X188,,10.0,,no-official-km,1,0,C
广西:X189,X189,,21.9,,no-official-km,1,0,C
广西:X190,X190,,8.4,,no-official-km,1,0,C
广西:X191,X191,,4.8,,no-official-km,1,0,C
广西:X193,X193,,22.8,,no-official-km,1,0,C
广西:X194,X194,,24.3,,no-official-km,2,1,C
广西:X195,X195,,33.5,,no-official-km,2,1,C
广西:X196,X196,,18.7,,no-official-km,1,0,C
广西:X199,X199,,9.1,,no-official-km,1,0,C
广西:X20,X20,,7.5,,no-official-km,1,0,C
广西:X201,X201,,23.2,,no-official-km,1,0,C
广西:X202,X202,,2.6,,no-official-km,1,0,C
广西:X203,X203,,44.9,,no-official-km,7,6,C
广西:X207,X207,,3.7,,no-official-km,1,0,C
广西:X208,X208,,6.5,,no-official-km,1,0,C
广西:X21,X21,,30.9,,no-official-km,2,1,C
广西:X211,X211,,31.5,,no-official-km,1,0,C
广西:X217,X217,,9.4,,no-official-km,1,0,C
广西:X22,X22,,47.2,,no-official-km,1,0,C
广西:X221,X221,,11.6,,no-official-km,1,0,C
广西:X223,X223,,3.2,,no-official-km,1,0,C
广西:X224,X224,,12.7,,no-official-km,2,1,C
广西:X226,X226,,34.4,,no-official-km,3,2,C
广西:X228,X228,,6.2,,no-official-km,1,0,C
广西:X229,X229,,8.8,,no-official-km,1,0,C
广西:X23,X23,,19.0,,no-official-km,1,0,C
广西:X230,X230,,18.1,,no-official-km,1,0,C
广西:X231,X231,,10.5,,no-official-km,1,0,C
广西:X232,X232,,31.6,,no-official-km,1,0,C
广西:X234,X234,,34.3,,no-official-km,2,1,C
广西:X235,X235,,9.4,,no-official-km,1,0,C
广西:X237,X237,,6.0,,no-official-km,1,0,C
广西:X238,X238,,5.2,,no-official-km,1,0,C
广西:X24,X24,,1.7,,no-official-km,1,0,C
广西:X240,X240,,7.7,,no-official-km,1,0,C
广西:X241,X241,,0.5,,no-official-km,1,0,C
广西:X242,X242,,34.1,,no-official-km,1,0,C
广西:X25,X25,,48.6,,no-official-km,1,0,C
广西:X253,X253,,22.8,,no-official-km,1,0,C
广西:X254,X254,,15.5,,no-official-km,2,1,C
广西:X255,X255,,48.9,,no-official-km,2,1,C
广西:X256,X256,,1.3,,no-official-km,1,0,C
广西:X26,X26,,10.6,,no-official-km,2,1,C
广西:X260,X260,,40.5,,no-official-km,2,1,C
广西:X263,X263,,20.4,,no-official-km,1,0,C
广西:X264,X264,,9.7,,no-official-km,1,0,C
广西:X267,X267,,31.1,,no-official-km,2,1,C
广西:X269,X269,,17.1,,no-official-km,1,0,C
广西:X27,X27,,81.5,,no-official-km,1,0,C
广西:X270,X270,,14.7,,no-official-km,1,0,C
广西:X271,X271,,12.3,,no-official-km,1,0,C
广西:X274,X274,,11.5,,no-official-km,1,0,C
广西:X278,X278,,14.2,,no-official-km,1,0,C
广西:X28,X28,,65.1,,no-official-km,4,3,C
广西:X288,X288,,19.7,,no-official-km,1,0,C
广西:X29,X29,,17.5,,no-official-km,1,0,C
广西:X292,X292,,27.0,,no-official-km,3,2,C
广西:X295,X295,,14.8,,no-official-km,1,0,C
广西:X298,X298,,32.5,,no-official-km,1,0,C
广西:X299,X299,,24.3,,no-official-km,1,0,C
广西:X3,X3,,14.0,,no-official-km,2,1,C
广西:X30,X30,,11.3,,no-official-km,1,0,C
广西:X300,X300,,21.0,,no-official-km,1,0,C
广西:X301,X301,,22.1,,no-official-km,1,0,C
广西:X303,X303,,13.8,,no-official-km,1,0,C
广西:X304,X304,,21.4,,no-official-km,2,1,C
广西:X306,X306,,9.9,,no-official-km,1,0,C
广西:X309,X309,,1.6,,no-official-km,1,0,C
广西:X31,X31,,2.6,,no-official-km,1,0,C
广西:X311,X311,,12.7,,no-official-km,1,0,C
广西:X315,X315,,50.3,,no-official-km,1,0,C
广西:X32,X32,,14.6,,no-official-km,1,0,C
广西:X321,X321,,13.3,,no-official-km,1,0,C
广西:X330,X330,,19.8,,no-official-km,1,0,C
广西:X332,X332,,23.1,,no-official-km,1,0,C
广西:X335,X335,,5.1,,no-official-km,1,0,C
广西:X337,X337,,22.6,,no-official-km,1,0,C
广西:X338,X338,,29.3,,no-official-km,1,0,C
广西:X34,X34,,100.4,,no-official-km,4,3,C
广西:X340,X340,,14.5,,no-official-km,1,0,C
广西:X341,X341,,77.3,,no-official-km,1,0,C
广西:X342,X342,,11.5,,no-official-km,2,1,C
广西:X344,X344,,32.9,,no-official-km,1,0,C
广西:X345,X345,,9.1,,no-official-km,3,2,C
广西:X346,X346,,45.9,,no-official-km,1,0,C
广西:X348,X348,,60.3,,no-official-km,4,3,C
广西:X349,X349,,13.4,,no-official-km,1,0,C
广西:X35,X35,,6.3,,no-official-km,1,0,C
广西:X350,X350,,2.5,,no-official-km,1,0,C
广西:X351,X351,,13.6,,no-official-km,1,0,C
广西:X352,X352,,19.8,,no-official-km,2,1,C
广西:X353,X353,,32.9,,no-official-km,1,0,C
广西:X356,X356,,44.2,,no-official-km,2,1,C
广西:X357,X357,,26.6,,no-official-km,1,0,C
广西:X358,X358,,29.5,,no-official-km,2,1,C
广西:X359,X359,,23.0,,no-official-km,1,0,C
广西:X36,X36,,16.8,,no-official-km,1,0,C
广西:X360,X360,,11.2,,no-official-km,1,0,C
广西:X361,X361,,20.1,,no-official-km,1,0,C
广西:X364,X364,,14.6,,no-official-km,1,0,C
广西:X368,X368,,11.0,,no-official-km,1,0,C
广西:X369,X369,,22.6,,no-official-km,1,0,C
广西:X37,X37,,19.9,,no-official-km,1,0,C
广西:X371,X371,,19.7,,no-official-km,1,0,C
广西:X372,X372,,7.7,,no-official-km,1,0,C
广西:X374,X374,,8.5,,no-official-km,3,2,C
广西:X375,X375,,44.5,,no-official-km,2,1,C
广西:X376,X376,,20.6,,no-official-km,3,2,C
广西:X377,X377,,3.5,,no-official-km,1,0,C
广西:X378,X378,,26.2,,no-official-km,1,0,C
广西:X38,X38,,11.8,,no-official-km,1,0,C
广西:X380,X380,,20.5,,no-official-km,1,0,C
广西:X383,X383,,6.8,,no-official-km,1,0,C
广西:X384,X384,,8.7,,no-official-km,1,0,C
广西:X385,X385,,18.0,,no-official-km,1,0,C
广西:X387,X387,,4.0,,no-official-km,1,0,C
广西:X39,X39,,22.0,,no-official-km,2,1,C
广西:X397,X397,,14.1,,no-official-km,1,0,C
广西:X4,X4,,9.1,,no-official-km,1,0,C
广西:X40,X40,,7.6,,no-official-km,1,0,C
广西:X400,X400,,24.6,,no-official-km,1,0,C
广西:X401,X401,,37.3,,no-official-km,1,0,C
广西:X402,X402,,23.5,,no-official-km,4,3,C
广西:X403,X403,,22.1,,no-official-km,1,0,C
广西:X405,X405,,4.5,,no-official-km,1,0,C
广西:X406,X406,,31.7,,no-official-km,2,1,C
广西:X407,X407,,27.3,,no-official-km,1,0,C
广西:X408,X408,,21.9,,no-official-km,1,0,C
广西:X41,X41,,13.3,,no-official-km,1,0,C
广西:X410,X410,,29.5,,no-official-km,1,0,C
广西:X414,X414,,23.0,,no-official-km,2,1,C
广西:X417,X417,,21.3,,no-official-km,1,0,C
广西:X418,X418,,2.6,,no-official-km,1,0,C
广西:X419,X419,,5.2,,no-official-km,1,0,C
广西:X42,X42,,26.4,,no-official-km,2,1,C
广西:X420,X420,,69.8,,no-official-km,4,3,C
广西:X423,X423,,14.0,,no-official-km,1,0,C
广西:X425,X425,,23.6,,no-official-km,1,0,C
广西:X427,X427,,1.1,,no-official-km,1,0,C
广西:X428,X428,,21.0,,no-official-km,1,0,C
广西:X43,X43,,23.7,,no-official-km,1,0,C
广西:X432,X432,,4.8,,no-official-km,1,0,C
广西:X433,X433,,12.7,,no-official-km,1,0,C
广西:X434,X434,,3.6,,no-official-km,1,0,C
广西:X435,X435,,7.6,,no-official-km,1,0,C
广西:X44,X44,,12.7,,no-official-km,2,1,C
广西:X441,X441,,85.5,,no-official-km,2,1,C
广西:X445,X445,,21.9,,no-official-km,1,0,C
广西:X446,X446,,2.0,,no-official-km,1,0,C
广西:X447,X447,,17.0,,no-official-km,1,0,C
广西:X45,X45,,22.0,,no-official-km,1,0,C
广西:X453,X453,,11.8,,no-official-km,1,0,C
广西:X454,X454,,14.3,,no-official-km,1,0,C
广西:X456,X456,,26.7,,no-official-km,1,0,C
广西:X457,X457,,6.4,,no-official-km,1,0,C
广西:X458,X458,,16.3,,no-official-km,2,1,C
广西:X461,X461,,13.0,,no-official-km,3,2,C
广西:X462,X462,,19.0,,no-official-km,1,0,C
广西:X470,X470,,30.8,,no-official-km,2,1,C
广西:X471,X471,,0.6,,no-official-km,1,0,C
广西:X472,X472,,11.8,,no-official-km,4,3,C
广西:X473,X473,,8.0,,no-official-km,2,1,C
广西:X474,X474,,17.3,,no-official-km,1,0,C
广西:X477,X477,,37.5,,no-official-km,2,1,C
广西:X479,X479,,21.2,,no-official-km,3,2,C
广西:X480,X480,,25.1,,no-official-km,1,0,C
广西:X482,X482,,24.9,,no-official-km,2,1,C
广西:X484,X484,,13.6,,no-official-km,1,0,C
广西:X485,X485,,19.1,,no-official-km,1,0,C
广西:X486,X486,,22.3,,no-official-km,1,0,C
广西:X489,X489,,16.8,,no-official-km,3,2,C
广西:X494,X494,,16.3,,no-official-km,1,0,C
广西:X495,X495,,15.6,,no-official-km,1,0,C
广西:X497,X497,,23.3,,no-official-km,2,1,C
广西:X5,X5,,10.3,,no-official-km,1,0,C
广西:X500,X500,,8.5,,no-official-km,1,0,C
广西:X502,X502,,24.3,,no-official-km,2,1,C
广西:X503,X503,,21.6,,no-official-km,2,1,C
广西:X505,X505,,5.1,,no-official-km,1,0,C
广西:X506,X506,,27.1,,no-official-km,1,0,C
广西:X507,X507,,34.2,,no-official-km,1,0,C
广西:X508,X508,,22.4,,no-official-km,1,0,C
广西:X509,X509,,62.9,,no-official-km,1,0,C
广西:X513,X513,,11.5,,no-official-km,1,0,C
广西:X514,X514,,45.4,,no-official-km,1,0,C
广西:X515,X515,,28.4,,no-official-km,1,0,C
广西:X518,X518,,5.1,,no-official-km,1,0,C
广西:X52,X52,,38.7,,no-official-km,1,0,C
广西:X522,X522,,20.7,,no-official-km,2,1,C
广西:X523,X523,,12.5,,no-official-km,1,0,C
广西:X525,X525,,19.2,,no-official-km,2,1,C
广西:X528,X528,,1.2,,no-official-km,1,0,C
广西:X529,X529,,8.4,,no-official-km,1,0,C
广西:X531,X531,,14.6,,no-official-km,1,0,C
广西:X532,X532,,4.8,,no-official-km,1,0,C
广西:X533,X533,,26.7,,no-official-km,1,0,C
广西:X537,X537,,17.4,,no-official-km,1,0,C
广西:X539,X539,,9.3,,no-official-km,1,0,C
广西:X54,X54,,1.5,,no-official-km,1,0,C
广西:X542,X542,,59.1,,no-official-km,2,1,C
广西:X546,X546,,34.9,,no-official-km,1,0,C
广西:X547,X547,,4.2,,no-official-km,1,0,C
广西:X548,X548,,12.0,,no-official-km,1,0,C
广西:X549,X549,,3.2,,no-official-km,1,0,C
广西:X55,X55,,23.8,,no-official-km,1,0,C
广西:X550,X550,,30.1,,no-official-km,1,0,C
广西:X551,X551,,8.5,,no-official-km,1,0,C
广西:X552,X552,,4.6,,no-official-km,1,0,C
广西:X553,X553,,11.1,,no-official-km,1,0,C
广西:X554,X554,,3.6,,no-official-km,1,0,C
广西:X557,X557,,24.0,,no-official-km,1,0,C
广西:X558,X558,,26.6,,no-official-km,3,2,C
广西:X559,X559,,18.9,,no-official-km,1,0,C
广西:X56,X56,,20.8,,no-official-km,2,1,C
广西:X561,X561,,5.7,,no-official-km,2,1,C
广西:X562,X562,,12.6,,no-official-km,1,0,C
广西:X563,X563,,3.6,,no-official-km,1,0,C
广西:X564,X564,,34.3,,no-official-km,2,1,C
广西:X565,X565,,23.2,,no-official-km,1,0,C
广西:X568,X568,,16.0,,no-official-km,1,0,C
广西:X569,X569,,11.9,,no-official-km,1,0,C
广西:X57,X57,,4.9,,no-official-km,1,0,C
广西:X570,X570,,8.5,,no-official-km,1,0,C
广西:X571,X571,,2.8,,no-official-km,1,0,C
广西:X578,X578,,57.7,,no-official-km,1,0,C
广西:X579,X579,,22.3,,no-official-km,1,0,C
广西:X58,X58,,8.6,,no-official-km,1,0,C
广西:X580,X580,,11.5,,no-official-km,1,0,C
广西:X581,X581,,21.1,,no-official-km,1,0,C
广西:X582,X582,,5.1,,no-official-km,1,0,C
广西:X585,X585,,16.1,,no-official-km,1,0,C
广西:X586,X586,,18.8,,no-official-km,1,0,C
广西:X587,X587,,22.8,,no-official-km,1,0,C
广西:X59,X59,,20.3,,no-official-km,2,1,C
广西:X595,X595,,6.4,,no-official-km,1,0,C
广西:X597,X597,,18.8,,no-official-km,1,0,C
广西:X6,X6,,16.3,,no-official-km,1,0,C
广西:X600,X600,,33.4,,no-official-km,3,2,C
广西:X603,X603,,3.2,,no-official-km,1,0,C
广西:X605,X605,,22.0,,no-official-km,2,1,C
广西:X610,X610,,8.0,,no-official-km,1,0,C
广西:X613,X613,,34.6,,no-official-km,1,0,C
广西:X614,X614,,0.5,,no-official-km,1,0,C
广西:X616,X616,,30.3,,no-official-km,2,1,C
广西:X617,X617,,8.5,,no-official-km,1,0,C
广西:X619,X619,,2.7,,no-official-km,4,3,C
广西:X620,X620,,36.2,,no-official-km,2,1,C
广西:X624,X624,,0.8,,no-official-km,1,0,C
广西:X626,X626,,35.6,,no-official-km,1,0,C
广西:X629,X629,,70.6,,no-official-km,2,1,C
广西:X630,X630,,23.1,,no-official-km,1,0,C
广西:X631,X631,,11.6,,no-official-km,3,2,C
广西:X632,X632,,66.4,,no-official-km,4,3,C
广西:X634,X634,,25.9,,no-official-km,1,0,C
广西:X635,X635,,10.4,,no-official-km,2,1,C
广西:X636,X636,,14.0,,no-official-km,1,0,C
广西:X64,X64,,30.0,,no-official-km,4,3,C
广西:X640,X640,,66.7,,no-official-km,2,1,C
广西:X643,X643,,57.8,,no-official-km,2,1,C
广西:X644,X644,,35.4,,no-official-km,2,1,C
广西:X645,X645,,31.9,,no-official-km,2,1,C
广西:X648,X648,,15.4,,no-official-km,1,0,C
广西:X650,X650,,18.5,,no-official-km,1,0,C
广西:X651,X651,,12.7,,no-official-km,1,0,C
广西:X652,X652,,47.4,,no-official-km,1,0,C
广西:X654,X654,,25.8,,no-official-km,1,0,C
广西:X655,X655,,31.1,,no-official-km,1,0,C
广西:X656,X656,,32.3,,no-official-km,1,0,C
广西:X660,X660,,5.4,,no-official-km,1,0,C
广西:X662,X662,,8.9,,no-official-km,1,0,C
广西:X671,X671,,7.4,,no-official-km,1,0,C
广西:X674,X674,,22.5,,no-official-km,1,0,C
广西:X677,X677,,62.4,,no-official-km,2,1,C
广西:X68,X68,,16.8,,no-official-km,1,0,C
广西:X683,X683,,25.0,,no-official-km,1,0,C
广西:X692,X692,,34.4,,no-official-km,1,0,C
广西:X693,X693,,12.4,,no-official-km,1,0,C
广西:X695,X695,,20.2,,no-official-km,1,0,C
广西:X696,X696,,49.1,,no-official-km,3,2,C
广西:X697,X697,,24.9,,no-official-km,2,1,C
广西:X698,X698,,64.1,,no-official-km,1,0,C
广西:X699,X699,,49.9,,no-official-km,2,1,C
广西:X7,X7,,5.4,,no-official-km,1,0,C
广西:X702,X702,,38.1,,no-official-km,6,5,C
广西:X704,X704,,11.4,,no-official-km,1,0,C
广西:X706,X706,,37.2,,no-official-km,1,0,C
广西:X707,X707,,17.4,,no-official-km,1,0,C
广西:X71,X71,,2.3,,no-official-km,1,0,C
广西:X711,X711,,12.7,,no-official-km,1,0,C
广西:X712,X712,,31.8,,no-official-km,2,1,C
广西:X713,X713,,29.3,,no-official-km,1,0,C
广西:X714,X714,,38.9,,no-official-km,2,1,C
广西:X716,X716,,16.5,,no-official-km,1,0,C
广西:X717,X717,,16.9,,no-official-km,1,0,C
广西:X72,X72,,13.1,,no-official-km,2,1,C
广西:X720,X720,,0.1,,no-official-km,1,0,C
广西:X721,X721,,3.7,,no-official-km,1,0,C
广西:X722,X722,,20.8,,no-official-km,1,0,C
广西:X723,X723,,20.2,,no-official-km,2,1,C
广西:X728,X728,,9.9,,no-official-km,1,0,C
广西:X732,X732,,11.0,,no-official-km,2,1,C
广西:X735,X735,,11.3,,no-official-km,1,0,C
广西:X737,X737,,29.2,,no-official-km,1,0,C
广西:X738,X738,,10.2,,no-official-km,1,0,C
广西:X740,X740,,154.1,,no-official-km,1,0,C
广西:X741,X741,,4.5,,no-official-km,1,0,C
广西:X743,X743,,33.3,,no-official-km,1,0,C
广西:X745,X745,,5.3,,no-official-km,1,0,C
广西:X746,X746,,2.3,,no-official-km,1,0,C
广西:X748,X748,,13.4,,no-official-km,2,1,C
广西:X75,X75,,9.7,,no-official-km,1,0,C
广西:X750,X750,,9.4,,no-official-km,1,0,C
广西:X751,X751,,31.7,,no-official-km,1,0,C
广西:X752,X752,,64.3,,no-official-km,1,0,C
广西:X753,X753,,4.3,,no-official-km,1,0,C
广西:X757,X757,,24.1,,no-official-km,2,1,C
广西:X758,X758,,50.3,,no-official-km,1,0,C
广西:X759,X759,,23.2,,no-official-km,1,0,C
广西:X76,X76,,22.2,,no-official-km,2,1,C
广西:X760,X760,,18.4,,no-official-km,1,0,C
广西:X761,X761,,23.7,,no-official-km,1,0,C
广西:X763,X763,,18.8,,no-official-km,4,3,C
广西:X764,X764,,4.6,,no-official-km,1,0,C
广西:X769,X769,,12.8,,no-official-km,1,0,C
广西:X77,X77,,25.8,,no-official-km,1,0,C
广西:X772,X772,,52.9,,no-official-km,1,0,C
广西:X773,X773,,7.3,,no-official-km,1,0,C
广西:X774,X774,,13.0,,no-official-km,1,0,C
广西:X775,X775,,48.2,,no-official-km,1,0,C
广西:X777,X777,,19.1,,no-official-km,1,0,C
广西:X779,X779,,22.4,,no-official-km,1,0,C
广西:X78,X78,,37.6,,no-official-km,1,0,C
广西:X782,X782,,10.5,,no-official-km,1,0,C
广西:X783,X783,,11.3,,no-official-km,1,0,C
广西:X784,X784,,10.5,,no-official-km,1,0,C
广西:X786,X786,,42.2,,no-official-km,2,1,C
广西:X787,X787,,26.5,,no-official-km,1,0,C
广西:X788,X788,,22.8,,no-official-km,1,0,C
广西:X79,X79,,7.7,,no-official-km,1,0,C
广西:X790,X790,,61.3,,no-official-km,1,0,C
广西:X791,X791,,14.3,,no-official-km,1,0,C
广西:X792,X792,,18.6,,no-official-km,1,0,C
广西:X793,X793,,13.8,,no-official-km,1,0,C
广西:X794,X794,,104.7,,no-official-km,1,0,C
广西:X795,X795,,8.6,,no-official-km,2,1,C
广西:X796,X796,,9.0,,no-official-km,1,0,C
广西:X798,X798,,90.3,,no-official-km,1,0,C
广西:X799,X799,,32.7,,no-official-km,4,3,C
广西:X8,X8,,4.0,,no-official-km,1,0,C
广西:X80,X80,,15.9,,no-official-km,3,2,C
广西:X800,X800,,82.3,,no-official-km,1,0,C
广西:X801,X801,,20.4,,no-official-km,1,0,C
广西:X803,X803,,44.5,,no-official-km,1,0,C
广西:X805,X805,,19.2,,no-official-km,1,0,C
广西:X806,X806,,64.0,,no-official-km,1,0,C
广西:X807,X807,,52.0,,no-official-km,3,2,C
广西:X808,X808,,55.2,,no-official-km,1,0,C
广西:X809,X809,,31.0,,no-official-km,2,1,C
广西:X81,X81,,26.9,,no-official-km,1,0,C
广西:X812,X812,,42.6,,no-official-km,1,0,C
广西:X814,X814,,90.1,,no-official-km,2,1,C
广西:X816,X816,,18.9,,no-official-km,3,2,C
广西:X819,X819,,12.8,,no-official-km,1,0,C
广西:X82,X82,,7.8,,no-official-km,1,0,C
广西:X822,X822,,20.5,,no-official-km,1,0,C
广西:X825,X825,,26.4,,no-official-km,1,0,C
广西:X83,X83,,22.6,,no-official-km,3,2,C
广西:X834,X834,,15.3,,no-official-km,2,1,C
广西:X84,X84,,4.6,,no-official-km,1,0,C
广西:X843,X843,,24.1,,no-official-km,1,0,C
广西:X844,X844,,26.1,,no-official-km,1,0,C
广西:X845,X845,,47.0,,no-official-km,1,0,C
广西:X846,X846,,5.0,,no-official-km,1,0,C
广西:X848,X848,,4.7,,no-official-km,1,0,C
广西:X849,X849,,13.6,,no-official-km,1,0,C
广西:X85,X85,,4.8,,no-official-km,1,0,C
广西:X850,X850,,18.3,,no-official-km,2,1,C
广西:X851,X851,,90.3,,no-official-km,2,1,C
广西:X855,X855,,10.2,,no-official-km,1,0,C
广西:X86,X86,,30.6,,no-official-km,3,2,C
广西:X861,X861,,42.6,,no-official-km,1,0,C
广西:X862,X862,,12.9,,no-official-km,1,0,C
广西:X866,X866,,1.3,,no-official-km,1,0,C
广西:X867,X867,,40.3,,no-official-km,3,2,C
广西:X868,X868,,26.8,,no-official-km,2,1,C
广西:X869,X869,,1.4,,no-official-km,1,0,C
广西:X870,X870,,13.9,,no-official-km,2,1,C
广西:X873,X873,,3.3,,no-official-km,1,0,C
广西:X874,X874,,23.6,,no-official-km,1,0,C
广西:X880,X880,,63.4,,no-official-km,1,0,C
广西:X882,X882,,9.9,,no-official-km,1,0,C
广西:X883,X883,,7.1,,no-official-km,1,0,C
广西:X884,X884,,29.0,,no-official-km,2,1,C
广西:X885,X885,,48.5,,no-official-km,6,5,C
广西:X886,X886,,7.7,,no-official-km,1,0,C
广西:X888,X888,,28.3,,no-official-km,1,0,C
广西:X889,X889,,11.5,,no-official-km,1,0,C
广西:X89,X89,,5.6,,no-official-km,1,0,C
广西:X890,X890,,3.5,,no-official-km,1,0,C
广西:X891,X891,,1.2,,no-official-km,1,0,C
广西:X894,X894,,61.2,,no-official-km,1,0,C
广西:X895,X895,,16.8,,no-official-km,1,0,C
广西:X896,X896,,12.5,,no-official-km,1,0,C
广西:X898,X898,,75.0,,no-official-km,1,0,C
广西:X899,X899,,84.4,,no-official-km,1,0,C
广西:X900,X900,,22.6,,no-official-km,2,1,C
广西:X901,X901,,44.5,,no-official-km,1,0,C
广西:X902,X902,,16.0,,no-official-km,2,1,C
广西:X903,X903,,16.7,,no-official-km,1,0,C
广西:X904,X904,,29.1,,no-official-km,1,0,C
广西:X905,X905,,58.1,,no-official-km,2,1,C
广西:X906,X906,,78.6,,no-official-km,1,0,C
广西:X91,X91,,19.8,,no-official-km,2,1,C
广西:X912,X912,,50.0,,no-official-km,1,0,C
广西:X914,X914,,16.1,,no-official-km,1,0,C
广西:X915,X915,,42.7,,no-official-km,2,1,C
广西:X916,X916,,31.5,,no-official-km,1,0,C
广西:X917,X917,,47.1,,no-official-km,1,0,C
广西:X920,X920,,11.4,,no-official-km,1,0,C
广西:X921,X921,,51.6,,no-official-km,1,0,C
广西:X922,X922,,46.6,,no-official-km,1,0,C
广西:X924,X924,,41.3,,no-official-km,1,0,C
广西:X926,X926,,9.2,,no-official-km,1,0,C
广西:X927,X927,,35.6,,no-official-km,2,1,C
广西:X928,X928,,5.9,,no-official-km,2,1,C
广西:X930,X930,,69.5,,no-official-km,1,0,C
广西:X932,X932,,16.4,,no-official-km,1,0,C
广西:X933,X933,,14.3,,no-official-km,1,0,C
广西:X94,X94,,1.3,,no-official-km,1,0,C
广西:X944,X944,,13.6,,no-official-km,1,0,C
广西:X945,X945,,25.6,,no-official-km,1,0,C
广西:X946,X946,,21.0,,no-official-km,1,0,C
广西:X947,X947,,16.2,,no-official-km,3,2,C
广西:X948,X948,,5.8,,no-official-km,1,0,C
广西:X95,X95,,11.9,,no-official-km,2,1,C
广西:X954,X954,,4.3,,no-official-km,1,0,C
广西:X955,X955,,5.6,,no-official-km,1,0,C
广西:X956,X956,,53.2,,no-official-km,1,0,C
广西:X959,X959,,29.6,,no-official-km,1,0,C
广西:X96,X96,,29.5,,no-official-km,3,2,C
广西:X960,X960,,38.5,,no-official-km,1,0,C
广西:X961,X961,,34.8,,no-official-km,1,0,C
广西:X962,X962,,4.0,,no-official-km,2,1,C
广西:X963,X963,,0.8,,no-official-km,1,0,C
广西:X97,X97,,0.7,,no-official-km,1,0,C
广西:X970,X970,,15.1,,no-official-km,1,0,C
广西:X972,X972,,11.7,,no-official-km,2,1,C
广西:X973,X973,,27.9,,no-official-km,1,0,C
广西:X974,X974,,29.1,,no-official-km,1,0,C
广西:X976,X976,,27.7,,no-official-km,1,0,C
广西:X979,X979,,23.7,,no-official-km,1,0,C
广西:X98,X98,,23.7,,no-official-km,1,0,C
广西:X991,X991,,36.0,,no-official-km,1,0,C
广西:X997,X997,,12.9,,no-official-km,1,0,C
贵州:X1,X1,,59.9,,no-official-km,3,2,C
贵州:X10,X10,,60.0,,no-official-km,7,6,C
贵州:X100,X100,,32.1,,no-official-km,4,3,C
贵州:X101,X101,,29.8,,no-official-km,1,0,C
贵州:X102,X102,,18.3,,no-official-km,3,2,C
贵州:X103,X103,,8.6,,no-official-km,1,0,C
贵州:X104,X104,,3.9,,no-official-km,1,0,C
贵州:X107,X107,,4.0,,no-official-km,1,0,C
贵州:X108,X108,,14.0,,no-official-km,3,2,C
贵州:X109,X109,,12.7,,no-official-km,1,0,C
贵州:X11,X11,,92.9,,no-official-km,1,0,C
贵州:X110,X110,,23.3,,no-official-km,4,3,C
贵州:X112,X112,,13.3,,no-official-km,2,1,C
贵州:X114,X114,,29.7,,no-official-km,1,0,C
贵州:X115,X115,,18.7,,no-official-km,2,1,C
贵州:X116,X116,,9.9,,no-official-km,1,0,C
贵州:X117,X117,,14.1,,no-official-km,2,1,C
贵州:X12,X12,,31.4,,no-official-km,2,1,C
贵州:X120,X120,,16.0,,no-official-km,2,1,C
贵州:X121,X121,,7.8,,no-official-km,1,0,C
贵州:X122,X122,,0.6,,no-official-km,1,0,C
贵州:X124,X124,,10.8,,no-official-km,1,0,C
贵州:X125,X125,,9.5,,no-official-km,2,1,C
贵州:X126,X126,,5.1,,no-official-km,1,0,C
贵州:X127,X127,,4.4,,no-official-km,1,0,C
贵州:X128,X128,,7.6,,no-official-km,1,0,C
贵州:X129,X129,,81.5,,no-official-km,3,2,C
贵州:X13,X13,,67.0,,no-official-km,1,0,C
贵州:X130,X130,,14.8,,no-official-km,2,1,C
贵州:X132,X132,,88.7,,no-official-km,4,3,C
贵州:X133,X133,,14.9,,no-official-km,1,0,C
贵州:X135,X135,,8.4,,no-official-km,1,0,C
贵州:X136,X136,,18.6,,no-official-km,1,0,C
贵州:X138,X138,,3.1,,no-official-km,2,1,C
贵州:X139,X139,,10.6,,no-official-km,2,1,C
贵州:X14,X14,,69.5,,no-official-km,2,1,C
贵州:X140,X140,,11.7,,no-official-km,3,2,C
贵州:X142,X142,,12.5,,no-official-km,2,1,C
贵州:X143,X143,,9.0,,no-official-km,1,0,C
贵州:X146,X146,,7.0,,no-official-km,1,0,C
贵州:X147,X147,,27.7,,no-official-km,3,2,C
贵州:X148,X148,,11.1,,no-official-km,2,1,C
贵州:X15,X15,,14.7,,no-official-km,1,0,C
贵州:X150,X150,,2.0,,no-official-km,1,0,C
贵州:X151,X151,,6.0,,no-official-km,1,0,C
贵州:X152,X152,,5.4,,no-official-km,1,0,C
贵州:X153,X153,,6.8,,no-official-km,1,0,C
贵州:X155,X155,,12.0,,no-official-km,2,1,C
贵州:X157,X157,,8.4,,no-official-km,1,0,C
贵州:X158,X158,,12.9,,no-official-km,2,1,C
贵州:X159,X159,,18.3,,no-official-km,1,0,C
贵州:X16,X16,,67.9,,no-official-km,1,0,C
贵州:X162,X162,,36.4,,no-official-km,1,0,C
贵州:X163,X163,,8.7,,no-official-km,1,0,C
贵州:X165,X165,,12.4,,no-official-km,1,0,C
贵州:X167,X167,,31.5,,no-official-km,1,0,C
贵州:X168,X168,,7.9,,no-official-km,2,1,C
贵州:X17,X17,,69.9,,no-official-km,2,1,C
贵州:X171,X171,,10.5,,no-official-km,1,0,C
贵州:X172,X172,,24.8,,no-official-km,2,1,C
贵州:X173,X173,,11.7,,no-official-km,1,0,C
贵州:X176,X176,,34.5,,no-official-km,1,0,C
贵州:X177,X177,,4.3,,no-official-km,1,0,C
贵州:X178,X178,,21.4,,no-official-km,3,2,C
贵州:X179,X179,,39.5,,no-official-km,2,1,C
贵州:X18,X18,,71.9,,no-official-km,2,1,C
贵州:X180,X180,,15.3,,no-official-km,1,0,C
贵州:X181,X181,,6.7,,no-official-km,1,0,C
贵州:X184,X184,,52.1,,no-official-km,2,1,C
贵州:X185,X185,,26.3,,no-official-km,2,1,C
贵州:X186,X186,,38.5,,no-official-km,2,1,C
贵州:X187,X187,,20.3,,no-official-km,1,0,C
贵州:X188,X188,,19.4,,no-official-km,2,1,C
贵州:X19,X19,,66.3,,no-official-km,2,1,C
贵州:X190,X190,,14.4,,no-official-km,1,0,C
贵州:X191,X191,,6.3,,no-official-km,1,0,C
贵州:X192,X192,,33.9,,no-official-km,4,3,C
贵州:X193,X193,,21.8,,no-official-km,1,0,C
贵州:X194,X194,,11.0,,no-official-km,1,0,C
贵州:X195,X195,,12.8,,no-official-km,1,0,C
贵州:X196,X196,,36.4,,no-official-km,1,0,C
贵州:X197,X197,,14.8,,no-official-km,1,0,C
贵州:X2,X2,,72.6,,no-official-km,4,3,C
贵州:X20,X20,,24.3,,no-official-km,1,0,C
贵州:X202,X202,,71.6,,no-official-km,3,2,C
贵州:X204,X204,,9.5,,no-official-km,1,0,C
贵州:X21,X21,,33.7,,no-official-km,4,3,C
贵州:X210,X210,,9.5,,no-official-km,1,0,C
贵州:X212,X212,,20.8,,no-official-km,1,0,C
贵州:X213,X213,,17.3,,no-official-km,1,0,C
贵州:X216,X216,,26.2,,no-official-km,1,0,C
贵州:X218,X218,,3.5,,no-official-km,1,0,C
贵州:X22,X22,,45.9,,no-official-km,2,1,C
贵州:X220,X220,,27.5,,no-official-km,1,0,C
贵州:X224,X224,,11.1,,no-official-km,1,0,C
贵州:X228,X228,,8.1,,no-official-km,2,1,C
贵州:X229,X229,,3.1,,no-official-km,1,0,C
贵州:X23,X23,,47.2,,no-official-km,2,1,C
贵州:X230,X230,,122.6,,no-official-km,4,3,C
贵州:X232,X232,,115.9,,no-official-km,2,1,C
贵州:X235,X235,,52.0,,no-official-km,3,2,C
贵州:X236,X236,,9.6,,no-official-km,1,0,C
贵州:X239,X239,,28.9,,no-official-km,1,0,C
贵州:X241,X241,,18.8,,no-official-km,3,2,C
贵州:X242,X242,,7.6,,no-official-km,1,0,C
贵州:X243,X243,,6.0,,no-official-km,2,1,C
贵州:X244,X244,,48.6,,no-official-km,1,0,C
贵州:X245,X245,,12.3,,no-official-km,1,0,C
贵州:X246,X246,,32.4,,no-official-km,5,4,C
贵州:X247,X247,,17.3,,no-official-km,1,0,C
贵州:X249,X249,,18.6,,no-official-km,3,2,C
贵州:X25,X25,,15.6,,no-official-km,1,0,C
贵州:X252,X252,,16.9,,no-official-km,1,0,C
贵州:X253,X253,,6.7,,no-official-km,1,0,C
贵州:X254,X254,,21.2,,no-official-km,1,0,C
贵州:X258,X258,,26.4,,no-official-km,1,0,C
贵州:X263,X263,,24.4,,no-official-km,1,0,C
贵州:X265,X265,,30.9,,no-official-km,2,1,C
贵州:X286,X286,,14.5,,no-official-km,1,0,C
贵州:X298,X298,,15.5,,no-official-km,1,0,C
贵州:X3,X3,,78.5,,no-official-km,3,2,C
贵州:X301,X301,,23.2,,no-official-km,2,1,C
贵州:X302,X302,,6.8,,no-official-km,1,0,C
贵州:X303,X303,,22.5,,no-official-km,3,2,C
贵州:X304,X304,,6.1,,no-official-km,2,1,C
贵州:X305,X305,,6.7,,no-official-km,2,1,C
贵州:X306,X306,,16.5,,no-official-km,1,0,C
贵州:X307,X307,,31.9,,no-official-km,1,0,C
贵州:X308,X308,,0.1,,no-official-km,1,0,C
贵州:X309,X309,,16.1,,no-official-km,1,0,C
贵州:X310,X310,,15.3,,no-official-km,1,0,C
贵州:X311,X311,,3.0,,no-official-km,1,0,C
贵州:X312,X312,,4.2,,no-official-km,2,1,C
贵州:X314,X314,,69.5,,no-official-km,1,0,C
贵州:X316,X316,,23.0,,no-official-km,1,0,C
贵州:X318,X318,,8.4,,no-official-km,2,1,C
贵州:X320,X320,,104.2,,no-official-km,7,6,C
贵州:X323,X323,,23.7,,no-official-km,1,0,C
贵州:X324,X324,,35.8,,no-official-km,4,3,C
贵州:X326,X326,,21.6,,no-official-km,2,1,C
贵州:X328,X328,,31.2,,no-official-km,2,1,C
贵州:X330,X330,,8.2,,no-official-km,2,1,C
贵州:X334,X334,,21.2,,no-official-km,2,1,C
贵州:X336,X336,,53.9,,no-official-km,2,1,C
贵州:X34,X34,,13.0,,no-official-km,1,0,C
贵州:X340,X340,,32.9,,no-official-km,1,0,C
贵州:X342,X342,,13.1,,no-official-km,1,0,C
贵州:X344,X344,,69.3,,no-official-km,2,1,C
贵州:X346,X346,,12.9,,no-official-km,1,0,C
贵州:X348,X348,,8.8,,no-official-km,1,0,C
贵州:X35,X35,,8.8,,no-official-km,1,0,C
贵州:X350,X350,,91.3,,no-official-km,8,7,C
贵州:X351,X351,,10.7,,no-official-km,1,0,C
贵州:X352,X352,,42.4,,no-official-km,1,0,C
贵州:X354,X354,,53.4,,no-official-km,1,0,C
贵州:X356,X356,,50.0,,no-official-km,1,0,C
贵州:X358,X358,,26.4,,no-official-km,1,0,C
贵州:X359,X359,,17.8,,no-official-km,1,0,C
贵州:X360,X360,,82.9,,no-official-km,2,1,C
贵州:X362,X362,,44.1,,no-official-km,1,0,C
贵州:X364,X364,,0.2,,no-official-km,1,0,C
贵州:X366,X366,,103.2,,no-official-km,1,0,C
贵州:X368,X368,,24.7,,no-official-km,1,0,C
贵州:X37,X37,,14.8,,no-official-km,1,0,C
贵州:X370,X370,,16.4,,no-official-km,1,0,C
贵州:X374,X374,,35.5,,no-official-km,2,1,C
贵州:X380,X380,,30.1,,no-official-km,3,2,C
贵州:X386,X386,,9.6,,no-official-km,1,0,C
贵州:X388,X388,,86.4,,no-official-km,3,2,C
贵州:X390,X390,,28.4,,no-official-km,1,0,C
贵州:X394,X394,,0.9,,no-official-km,1,0,C
贵州:X397,X397,,2.9,,no-official-km,1,0,C
贵州:X4,X4,,184.2,,no-official-km,4,3,C
贵州:X400,X400,,15.1,,no-official-km,3,2,C
贵州:X402,X402,,18.2,,no-official-km,2,1,C
贵州:X404,X404,,30.1,,no-official-km,1,0,C
贵州:X406,X406,,22.9,,no-official-km,1,0,C
贵州:X414,X414,,15.5,,no-official-km,1,0,C
贵州:X416,X416,,21.3,,no-official-km,1,0,C
贵州:X418,X418,,20.6,,no-official-km,1,0,C
贵州:X422,X422,,8.4,,no-official-km,1,0,C
贵州:X424,X424,,14.7,,no-official-km,1,0,C
贵州:X426,X426,,13.6,,no-official-km,3,2,C
贵州:X428,X428,,16.2,,no-official-km,1,0,C
贵州:X432,X432,,25.6,,no-official-km,1,0,C
贵州:X434,X434,,3.8,,no-official-km,1,0,C
贵州:X436,X436,,47.3,,no-official-km,5,4,C
贵州:X450,X450,,16.7,,no-official-km,1,0,C
贵州:X452,X452,,12.6,,no-official-km,1,0,C
贵州:X453,X453,,9.1,,no-official-km,1,0,C
贵州:X457,X457,,17.3,,no-official-km,1,0,C
贵州:X458,X458,,35.5,,no-official-km,1,0,C
贵州:X46,X46,,16.2,,no-official-km,1,0,C
贵州:X460,X460,,18.5,,no-official-km,1,0,C
贵州:X462,X462,,8.4,,no-official-km,1,0,C
贵州:X464,X464,,64.9,,no-official-km,2,1,C
贵州:X470,X470,,11.3,,no-official-km,2,1,C
贵州:X472,X472,,28.4,,no-official-km,1,0,C
贵州:X474,X474,,23.3,,no-official-km,1,0,C
贵州:X475,X475,,32.0,,no-official-km,2,1,C
贵州:X476,X476,,5.3,,no-official-km,1,0,C
贵州:X478,X478,,15.1,,no-official-km,1,0,C
贵州:X486,X486,,38.8,,no-official-km,1,0,C
贵州:X49,X49,,7.9,,no-official-km,1,0,C
贵州:X5,X5,,52.1,,no-official-km,2,1,C
贵州:X500,X500,,29.7,,no-official-km,3,2,C
贵州:X502,X502,,40.5,,no-official-km,1,0,C
贵州:X504,X504,,15.8,,no-official-km,1,0,C
贵州:X506,X506,,16.6,,no-official-km,1,0,C
贵州:X508,X508,,15.7,,no-official-km,1,0,C
贵州:X51,X51,,15.7,,no-official-km,3,2,C
贵州:X510,X510,,9.2,,no-official-km,1,0,C
贵州:X514,X514,,6.5,,no-official-km,1,0,C
贵州:X52,X52,,11.5,,no-official-km,1,0,C
贵州:X520,X520,,7.5,,no-official-km,1,0,C
贵州:X522,X522,,10.6,,no-official-km,1,0,C
贵州:X524,X524,,14.7,,no-official-km,1,0,C
贵州:X526,X526,,45.8,,no-official-km,1,0,C
贵州:X528,X528,,33.8,,no-official-km,1,0,C
贵州:X53,X53,,38.6,,no-official-km,2,1,C
贵州:X530,X530,,16.1,,no-official-km,2,1,C
贵州:X532,X532,,57.4,,no-official-km,3,2,C
贵州:X536,X536,,61.4,,no-official-km,1,0,C
贵州:X540,X540,,85.0,,no-official-km,6,5,C
贵州:X542,X542,,46.9,,no-official-km,2,1,C
贵州:X544,X544,,38.8,,no-official-km,1,0,C
贵州:X546,X546,,32.6,,no-official-km,2,1,C
贵州:X549,X549,,19.1,,no-official-km,2,1,C
贵州:X55,X55,,31.5,,no-official-km,1,0,C
贵州:X550,X550,,25.8,,no-official-km,1,0,C
贵州:X553,X553,,24.4,,no-official-km,1,0,C
贵州:X558,X558,,18.7,,no-official-km,1,0,C
贵州:X560,X560,,24.6,,no-official-km,1,0,C
贵州:X564,X564,,9.8,,no-official-km,1,0,C
贵州:X567,X567,,22.8,,no-official-km,1,0,C
贵州:X57,X57,,11.2,,no-official-km,3,2,C
贵州:X572,X572,,11.8,,no-official-km,1,0,C
贵州:X576,X576,,11.9,,no-official-km,1,0,C
贵州:X578,X578,,19.5,,no-official-km,1,0,C
贵州:X580,X580,,6.3,,no-official-km,1,0,C
贵州:X582,X582,,13.1,,no-official-km,1,0,C
贵州:X583,X583,,45.4,,no-official-km,2,1,C
贵州:X584,X584,,40.5,,no-official-km,2,1,C
贵州:X585,X585,,106.3,,no-official-km,5,4,C
贵州:X6,X6,,13.6,,no-official-km,1,0,C
贵州:X600,X600,,53.2,,no-official-km,1,0,C
贵州:X602,X602,,0.5,,no-official-km,1,0,C
贵州:X606,X606,,83.7,,no-official-km,1,0,C
贵州:X612,X612,,39.2,,no-official-km,1,0,C
贵州:X616,X616,,56.9,,no-official-km,3,2,C
贵州:X62,X62,,11.5,,no-official-km,1,0,C
贵州:X622,X622,,52.1,,no-official-km,3,2,C
贵州:X623,X623,,4.2,,no-official-km,1,0,C
贵州:X624,X624,,41.0,,no-official-km,2,1,C
贵州:X626,X626,,26.4,,no-official-km,1,0,C
贵州:X632,X632,,58.5,,no-official-km,2,1,C
贵州:X640,X640,,36.3,,no-official-km,1,0,C
贵州:X644,X644,,5.3,,no-official-km,1,0,C
贵州:X646,X646,,63.8,,no-official-km,1,0,C
贵州:X648,X648,,30.9,,no-official-km,1,0,C
贵州:X65,X65,,49.1,,no-official-km,2,1,C
贵州:X654,X654,,19.1,,no-official-km,1,0,C
贵州:X656,X656,,49.3,,no-official-km,2,1,C
贵州:X657,X657,,5.2,,no-official-km,1,0,C
贵州:X658,X658,,99.9,,no-official-km,2,1,C
贵州:X66,X66,,21.9,,no-official-km,1,0,C
贵州:X660,X660,,5.4,,no-official-km,1,0,C
贵州:X662,X662,,40.4,,no-official-km,1,0,C
贵州:X664,X664,,19.8,,no-official-km,1,0,C
贵州:X672,X672,,2.3,,no-official-km,1,0,C
贵州:X676,X676,,13.3,,no-official-km,1,0,C
贵州:X678,X678,,19.1,,no-official-km,2,1,C
贵州:X68,X68,,29.8,,no-official-km,4,3,C
贵州:X680,X680,,23.8,,no-official-km,1,0,C
贵州:X682,X682,,29.1,,no-official-km,1,0,C
贵州:X684,X684,,12.2,,no-official-km,1,0,C
贵州:X689,X689,,30.2,,no-official-km,2,1,C
贵州:X69,X69,,24.1,,no-official-km,3,2,C
贵州:X7,X7,,60.0,,no-official-km,7,6,C
贵州:X703,X703,,100.6,,no-official-km,3,2,C
贵州:X704,X704,,95.8,,no-official-km,2,1,C
贵州:X705,X705,,11.6,,no-official-km,1,0,C
贵州:X706,X706,,11.5,,no-official-km,1,0,C
贵州:X707,X707,,15.5,,no-official-km,1,0,C
贵州:X709,X709,,11.0,,no-official-km,1,0,C
贵州:X712,X712,,58.1,,no-official-km,1,0,C
贵州:X713,X713,,5.7,,no-official-km,1,0,C
贵州:X715,X715,,47.6,,no-official-km,4,3,C
贵州:X716,X716,,43.5,,no-official-km,1,0,C
贵州:X717,X717,,52.5,,no-official-km,2,1,C
贵州:X718,X718,,21.9,,no-official-km,2,1,C
贵州:X72,X72,,26.6,,no-official-km,1,0,C
贵州:X720,X720,,69.3,,no-official-km,6,5,C
贵州:X722,X722,,19.5,,no-official-km,1,0,C
贵州:X729,X729,,33.6,,no-official-km,1,0,C
贵州:X736,X736,,5.8,,no-official-km,1,0,C
贵州:X738,X738,,29.1,,no-official-km,1,0,C
贵州:X74,X74,,27.5,,no-official-km,1,0,C
贵州:X740,X740,,172.7,,no-official-km,8,7,C
贵州:X742,X742,,24.5,,no-official-km,1,0,C
贵州:X75,X75,,14.0,,no-official-km,2,1,C
贵州:X752,X752,,12.7,,no-official-km,1,0,C
贵州:X754,X754,,61.0,,no-official-km,1,0,C
贵州:X76,X76,,38.8,,no-official-km,2,1,C
贵州:X760,X760,,17.5,,no-official-km,1,0,C
贵州:X766,X766,,16.0,,no-official-km,1,0,C
贵州:X767,X767,,8.5,,no-official-km,1,0,C
贵州:X768,X768,,14.6,,no-official-km,1,0,C
贵州:X769,X769,,53.0,,no-official-km,1,0,C
贵州:X770,X770,,36.5,,no-official-km,1,0,C
贵州:X774,X774,,61.7,,no-official-km,2,1,C
贵州:X777,X777,,36.8,,no-official-km,3,2,C
贵州:X778,X778,,55.2,,no-official-km,2,1,C
贵州:X779,X779,,27.4,,no-official-km,2,1,C
贵州:X78,X78,,1.5,,no-official-km,1,0,C
贵州:X782,X782,,49.0,,no-official-km,1,0,C
贵州:X784,X784,,11.2,,no-official-km,2,1,C
贵州:X790,X790,,16.6,,no-official-km,1,0,C
贵州:X794,X794,,59.4,,no-official-km,1,0,C
贵州:X796,X796,,4.0,,no-official-km,2,1,C
贵州:X798,X798,,65.0,,no-official-km,1,0,C
贵州:X8,X8,,12.9,,no-official-km,1,0,C
贵州:X800,X800,,58.7,,no-official-km,2,1,C
贵州:X802,X802,,42.3,,no-official-km,1,0,C
贵州:X803,X803,,48.7,,no-official-km,2,1,C
贵州:X804,X804,,76.8,,no-official-km,2,1,C
贵州:X806,X806,,17.0,,no-official-km,1,0,C
贵州:X807,X807,,90.4,,no-official-km,2,1,C
贵州:X808,X808,,15.1,,no-official-km,1,0,C
贵州:X809,X809,,14.1,,no-official-km,1,0,C
贵州:X810,X810,,6.0,,no-official-km,1,0,C
贵州:X812,X812,,28.9,,no-official-km,3,2,C
贵州:X814,X814,,15.7,,no-official-km,2,1,C
贵州:X816,X816,,32.4,,no-official-km,2,1,C
贵州:X818,X818,,3.8,,no-official-km,1,0,C
贵州:X820,X820,,35.0,,no-official-km,2,1,C
贵州:X822,X822,,31.5,,no-official-km,1,0,C
贵州:X824,X824,,15.3,,no-official-km,1,0,C
贵州:X825,X825,,19.6,,no-official-km,2,1,C
贵州:X826,X826,,37.4,,no-official-km,2,1,C
贵州:X828,X828,,108.6,,no-official-km,4,3,C
贵州:X830,X830,,30.7,,no-official-km,2,1,C
贵州:X832,X832,,50.9,,no-official-km,1,0,C
贵州:X834,X834,,11.3,,no-official-km,1,0,C
贵州:X835,X835,,25.6,,no-official-km,3,2,C
贵州:X837,X837,,26.4,,no-official-km,1,0,C
贵州:X838,X838,,38.4,,no-official-km,1,0,C
贵州:X840,X840,,49.4,,no-official-km,1,0,C
贵州:X844,X844,,31.4,,no-official-km,1,0,C
贵州:X846,X846,,21.4,,no-official-km,1,0,C
贵州:X848,X848,,8.4,,no-official-km,1,0,C
贵州:X85,X85,,10.3,,no-official-km,1,0,C
贵州:X850,X850,,12.6,,no-official-km,1,0,C
贵州:X852,X852,,53.8,,no-official-km,2,1,C
贵州:X854,X854,,71.4,,no-official-km,1,0,C
贵州:X856,X856,,55.1,,no-official-km,1,0,C
贵州:X86,X86,,6.9,,no-official-km,1,0,C
贵州:X861,X861,,16.8,,no-official-km,1,0,C
贵州:X864,X864,,157.3,,no-official-km,3,2,C
贵州:X866,X866,,106.1,,no-official-km,2,1,C
贵州:X868,X868,,56.1,,no-official-km,2,1,C
贵州:X87,X87,,4.5,,no-official-km,1,0,C
贵州:X870,X870,,14.4,,no-official-km,1,0,C
贵州:X872,X872,,23.8,,no-official-km,1,0,C
贵州:X874,X874,,51.2,,no-official-km,3,2,C
贵州:X88,X88,,5.4,,no-official-km,1,0,C
贵州:X880,X880,,58.3,,no-official-km,4,3,C
贵州:X881,X881,,6.7,,no-official-km,1,0,C
贵州:X882,X882,,80.2,,no-official-km,1,0,C
贵州:X883,X883,,11.8,,no-official-km,2,1,C
贵州:X884,X884,,27.4,,no-official-km,1,0,C
贵州:X885,X885,,12.7,,no-official-km,1,0,C
贵州:X886,X886,,21.5,,no-official-km,1,0,C
贵州:X888,X888,,40.0,,no-official-km,1,0,C
贵州:X889,X889,,19.8,,no-official-km,1,0,C
贵州:X890,X890,,2.6,,no-official-km,1,0,C
贵州:X892,X892,,29.0,,no-official-km,2,1,C
贵州:X895,X895,,23.8,,no-official-km,1,0,C
贵州:X896,X896,,43.1,,no-official-km,1,0,C
贵州:X9,X9,,69.3,,no-official-km,2,1,C
贵州:X901,X901,,69.6,,no-official-km,2,1,C
贵州:X903,X903,,14.3,,no-official-km,1,0,C
贵州:X904,X904,,29.7,,no-official-km,2,1,C
贵州:X905,X905,,15.0,,no-official-km,1,0,C
贵州:X906,X906,,34.5,,no-official-km,1,0,C
贵州:X909,X909,,16.8,,no-official-km,1,0,C
贵州:X910,X910,,26.9,,no-official-km,1,0,C
贵州:X912,X912,,52.1,,no-official-km,1,0,C
贵州:X914,X914,,17.9,,no-official-km,1,0,C
贵州:X916,X916,,11.9,,no-official-km,2,1,C
贵州:X918,X918,,23.7,,no-official-km,1,0,C
贵州:X919,X919,,30.6,,no-official-km,1,0,C
贵州:X92,X92,,0.8,,no-official-km,1,0,C
贵州:X920,X920,,7.2,,no-official-km,3,2,C
贵州:X921,X921,,71.9,,no-official-km,3,2,C
贵州:X922,X922,,101.2,,no-official-km,8,7,C
贵州:X924,X924,,78.9,,no-official-km,3,2,C
贵州:X926,X926,,28.8,,no-official-km,5,4,C
贵州:X928,X928,,30.5,,no-official-km,4,3,C
贵州:X930,X930,,23.8,,no-official-km,1,0,C
贵州:X932,X932,,11.5,,no-official-km,1,0,C
贵州:X934,X934,,17.1,,no-official-km,1,0,C
贵州:X940,X940,,28.3,,no-official-km,1,0,C
贵州:X942,X942,,21.0,,no-official-km,1,0,C
贵州:X944,X944,,22.9,,no-official-km,1,0,C
贵州:X946,X946,,18.8,,no-official-km,1,0,C
贵州:X948,X948,,45.4,,no-official-km,1,0,C
贵州:X954,X954,,17.0,,no-official-km,1,0,C
贵州:X956,X956,,58.2,,no-official-km,1,0,C
贵州:X96,X96,,18.6,,no-official-km,1,0,C
贵州:X961,X961,,25.8,,no-official-km,1,0,C
贵州:X962,X962,,34.2,,no-official-km,2,1,C
贵州:X964,X964,,24.0,,no-official-km,1,0,C
贵州:X968,X968,,51.4,,no-official-km,1,0,C
贵州:X97,X97,,3.4,,no-official-km,1,0,C
贵州:X976,X976,,26.4,,no-official-km,2,1,C
贵州:X98,X98,,5.4,,no-official-km,1,0,C
贵州:X982,X982,,24.3,,no-official-km,2,1,C
贵州:X984,X984,,10.6,,no-official-km,1,0,C
贵州:X988,X988,,20.4,,no-official-km,2,1,C
贵州:X992,X992,,8.8,,no-official-km,2,1,C
贵州:X994,X994,,18.0,,no-official-km,2,1,C
贵州:X996,X996,,39.8,,no-official-km,2,1,C
贵州:X999,X999,,17.8,,no-official-km,1,0,C
海南:X104,X104,,12.9,,no-official-km,3,2,C
海南:X116,X116,,17.9,,no-official-km,2,1,C
海南:X142,X142,,12.5,,no-official-km,1,0,C
海南:X144,X144,,4.9,,no-official-km,1,0,C
海南:X145,X145,,14.0,,no-official-km,1,0,C
海南:X146,X146,,17.3,,no-official-km,1,0,C
海南:X148,X148,,23.0,,no-official-km,1,0,C
海南:X149,X149,,29.3,,no-official-km,2,1,C
海南:X150,X150,,14.0,,no-official-km,1,0,C
海南:X151,X151,,13.3,,no-official-km,1,0,C
海南:X152,X152,,13.4,,no-official-km,1,0,C
海南:X153,X153,,6.9,,no-official-km,2,1,C
海南:X154,X154,,18.6,,no-official-km,1,0,C
海南:X155,X155,,3.9,,no-official-km,1,0,C
海南:X158,X158,,15.0,,no-official-km,1,0,C
海南:X159,X159,,20.3,,no-official-km,1,0,C
海南:X181,X181,,14.6,,no-official-km,1,0,C
海南:X182,X182,,21.6,,no-official-km,1,0,C
海南:X183,X183,,17.0,,no-official-km,2,1,C
海南:X184,X184,,9.8,,no-official-km,1,0,C
海南:X186,X186,,13.1,,no-official-km,1,0,C
海南:X187,X187,,12.0,,no-official-km,1,0,C
海南:X188,X188,,9.6,,no-official-km,1,0,C
海南:X189,X189,,11.3,,no-official-km,1,0,C
海南:X193,X193,,7.9,,no-official-km,1,0,C
海南:X195,X195,,15.4,,no-official-km,1,0,C
海南:X201,X201,,24.4,,no-official-km,1,0,C
海南:X226,X226,,29.0,,no-official-km,3,2,C
海南:X227,X227,,54.4,,no-official-km,2,1,C
海南:X229,X229,,22.0,,no-official-km,1,0,C
海南:X231,X231,,20.2,,no-official-km,1,0,C
海南:X252,X252,,20.1,,no-official-km,1,0,C
海南:X260,X260,,7.2,,no-official-km,1,0,C
海南:X262,X262,,20.1,,no-official-km,1,0,C
海南:X266,X266,,50.5,,no-official-km,1,0,C
海南:X267,X267,,10.0,,no-official-km,1,0,C
海南:X269,X269,,18.8,,no-official-km,1,0,C
海南:X271,X271,,11.2,,no-official-km,1,0,C
海南:X300,X300,,43.5,,no-official-km,2,1,C
海南:X302,X302,,15.7,,no-official-km,1,0,C
海南:X303,X303,,15.7,,no-official-km,1,0,C
海南:X304,X304,,9.0,,no-official-km,1,0,C
海南:X307,X307,,16.3,,no-official-km,1,0,C
海南:X309,X309,,11.0,,no-official-km,1,0,C
海南:X311,X311,,12.7,,no-official-km,3,2,C
海南:X313,X313,,10.3,,broken-jump,1,0,C
海南:X314,X314,,11.0,,no-official-km,1,0,C
海南:X342,X342,,25.9,,no-official-km,1,0,C
海南:X350,X350,,10.9,,no-official-km,1,0,C
海南:X351,X351,,29.8,,no-official-km,3,2,C
海南:X356,X356,,14.2,,no-official-km,1,0,C
海南:X380,X380,,37.7,,no-official-km,1,0,C
海南:X383,X383,,18.0,,no-official-km,1,0,C
海南:X388,X388,,13.7,,no-official-km,1,0,C
海南:X390,X390,,7.8,,no-official-km,1,0,C
海南:X423,X423,,26.5,,no-official-km,3,2,C
海南:X424,X424,,6.6,,no-official-km,1,0,C
海南:X425,X425,,14.0,,no-official-km,1,0,C
海南:X426,X426,,13.4,,no-official-km,1,0,C
海南:X428,X428,,12.9,,no-official-km,1,0,C
海南:X429,X429,,5.7,,no-official-km,1,0,C
海南:X432,X432,,43.1,,no-official-km,2,1,C
海南:X434,X434,,8.8,,no-official-km,2,1,C
海南:X435,X435,,20.4,,no-official-km,1,0,C
海南:X500,X500,,51.9,,no-official-km,1,0,C
海南:X501,X501,,24.2,,no-official-km,1,0,C
海南:X502,X502,,7.1,,no-official-km,1,0,C
海南:X503,X503,,12.7,,no-official-km,1,0,C
海南:X504,X504,,9.4,,no-official-km,1,0,C
海南:X505,X505,,9.3,,no-official-km,1,0,C
海南:X511,X511,,10.0,,no-official-km,1,0,C
海南:X546,X546,,8.1,,no-official-km,1,0,C
海南:X547,X547,,13.6,,no-official-km,1,0,C
海南:X549,X549,,23.8,,no-official-km,1,0,C
海南:X551,X551,,22.8,,no-official-km,2,1,C
海南:X590,X590,,23.6,,no-official-km,2,1,C
海南:X620,X620,,30.4,,no-official-km,1,0,C
海南:X626,X626,,13.4,,no-official-km,1,0,C
海南:X628,X628,,9.0,,no-official-km,1,0,C
海南:X661,X661,,7.2,,no-official-km,2,1,C
海南:X664,X664,,27.0,,no-official-km,2,1,C
海南:X665,X665,,31.3,,no-official-km,1,0,C
海南:X669,X669,,15.7,,no-official-km,1,0,C
海南:X702,X702,,3.9,,no-official-km,1,0,C
海南:X705,X705,,62.8,,no-official-km,1,0,C
海南:X753,X753,,0.1,,no-official-km,1,0,C
海南:X755,X755,,15.8,,no-official-km,1,0,C
海南:X782,X782,,32.2,,no-official-km,2,1,C
海南:X820,X820,,18.2,,no-official-km,1,0,C
海南:X822,X822,,7.3,,no-official-km,1,0,C
海南:X823,X823,,9.0,,no-official-km,2,1,C
海南:X826,X826,,6.0,,no-official-km,2,1,C
海南:X827,X827,,33.9,,no-official-km,2,1,C
河北:X1,X1,,246.5,,no-official-km,14,13,C
河北:X10,X10,,62.7,,no-official-km,13,12,C
河北:X105,X105,,34.9,,no-official-km,3,2,C
河北:X11,X11,,41.5,,broken-jump,9,8,C
河北:X111,X111,,12.4,,broken-jump,3,2,C
河北:X12,X12,,71.9,,no-official-km,12,11,C
河北:X13,X13,,93.2,,no-official-km,8,7,C
河北:X14,X14,,109.7,,no-official-km,12,11,C
河北:X15,X15,,111.2,,no-official-km,7,6,C
河北:X153,X153,,13.4,,no-official-km,1,0,C
河北:X155,X155,,45.2,,no-official-km,2,1,C
河北:X16,X16,,64.2,,no-official-km,11,10,C
河北:X17,X17,,134.6,,no-official-km,16,15,C
河北:X18,X18,,67.3,,no-official-km,9,8,C
河北:X19,X19,,62.0,,no-official-km,10,9,C
河北:X2,X2,,194.3,,no-official-km,15,14,C
河北:X20,X20,,42.1,,no-official-km,10,9,C
河北:X201,X201,,22.7,,no-official-km,4,3,C
河北:X202,X202,,69.2,,no-official-km,5,4,C
河北:X203,X203,,69.5,,broken-jump,5,4,C
河北:X204,X204,,81.6,,broken-jump,6,5,C
河北:X205,X205,,14.5,,no-official-km,1,0,C
河北:X206,X206,,25.2,,no-official-km,4,3,C
河北:X207,X207,,19.5,,no-official-km,2,1,C
河北:X209,X209,,17.5,,no-official-km,1,0,C
河北:X21,X21,,68.5,,no-official-km,8,7,C
河北:X210,X210,,29.6,,no-official-km,2,1,C
河北:X211,X211,,48.5,,no-official-km,3,2,C
河北:X212,X212,,11.9,,no-official-km,1,0,C
河北:X213,X213,,14.7,,no-official-km,1,0,C
河北:X214,X214,,8.4,,no-official-km,1,0,C
河北:X22,X22,,16.5,,no-official-km,3,2,C
河北:X23,X23,,26.6,,no-official-km,6,5,C
河北:X24,X24,,20.7,,no-official-km,7,6,C
河北:X25,X25,,24.9,,no-official-km,3,2,C
河北:X251,X251,,23.6,,no-official-km,2,1,C
河北:X252,X252,,48.2,,no-official-km,1,0,C
河北:X253,X253,,31.9,,no-official-km,1,0,C
河北:X26,X26,,30.2,,no-official-km,3,2,C
河北:X27,X27,,8.3,,no-official-km,2,1,C
河北:X28,X28,,22.6,,no-official-km,4,3,C
河北:X29,X29,,25.7,,no-official-km,4,3,C
河北:X3,X3,,93.0,,no-official-km,11,10,C
河北:X30,X30,,42.5,,no-official-km,5,4,C
河北:X300,X300,,2.3,,no-official-km,2,1,C
河北:X301,X301,,15.9,,no-official-km,6,5,C
河北:X302,X302,,5.6,,no-official-km,2,1,C
河北:X305,X305,,58.1,,no-official-km,3,2,C
河北:X31,X31,,18.5,,no-official-km,6,5,C
河北:X310,X310,,11.7,,no-official-km,1,0,C
河北:X316,X316,,16.4,,no-official-km,2,1,C
河北:X317,X317,,33.8,,no-official-km,1,0,C
河北:X32,X32,,48.0,,no-official-km,8,7,C
河北:X320,X320,,20.2,,no-official-km,1,0,C
河北:X322,X322,,31.1,,no-official-km,1,0,C
河北:X33,X33,,14.8,,no-official-km,3,2,C
河北:X34,X34,,24.1,,no-official-km,2,1,C
河北:X35,X35,,13.8,,no-official-km,2,1,C
河北:X350,X350,,7.5,,no-official-km,1,0,C
河北:X351,X351,,3.1,,no-official-km,1,0,C
河北:X352,X352,,2.9,,no-official-km,1,0,C
河北:X353,X353,,27.9,,no-official-km,1,0,C
河北:X354,X354,,20.8,,no-official-km,1,0,C
河北:X356,X356,,12.8,,no-official-km,1,0,C
河北:X358,X358,,48.4,,no-official-km,2,1,C
河北:X359,X359,,32.9,,no-official-km,1,0,C
河北:X36,X36,,11.9,,no-official-km,3,2,C
河北:X37,X37,,14.5,,no-official-km,3,2,C
河北:X38,X38,,16.5,,no-official-km,3,2,C
河北:X39,X39,,8.3,,no-official-km,2,1,C
河北:X4,X4,,165.9,,no-official-km,24,23,C
河北:X40,X40,,22.4,,no-official-km,6,5,C
河北:X401,X401,,79.0,,no-official-km,5,4,C
河北:X403,X403,,91.1,,no-official-km,3,2,C
河北:X404,X404,,84.9,,no-official-km,2,1,C
河北:X405,X405,,24.7,,no-official-km,3,2,C
河北:X406,X406,,63.4,,no-official-km,1,0,C
河北:X407,X407,,6.2,,no-official-km,1,0,C
河北:X408,X408,,46.0,,no-official-km,1,0,C
河北:X409,X409,,25.4,,no-official-km,1,0,C
河北:X410,X410,,64.1,,no-official-km,2,1,C
河北:X411,X411,,21.9,,no-official-km,3,2,C
河北:X412,X412,,19.3,,no-official-km,1,0,C
河北:X414,X414,,41.9,,no-official-km,3,2,C
河北:X415,X415,,11.7,,no-official-km,1,0,C
河北:X417,X417,,38.6,,no-official-km,2,1,C
河北:X418,X418,,57.1,,no-official-km,3,2,C
河北:X42,X42,,51.4,,no-official-km,3,2,C
河北:X422,X422,,10.0,,no-official-km,1,0,C
河北:X423,X423,,14.4,,no-official-km,1,0,C
河北:X424,X424,,22.3,,broken-jump,4,3,C
河北:X425,X425,,4.6,,no-official-km,1,0,C
河北:X43,X43,,18.2,,no-official-km,3,2,C
河北:X431,X431,,2.5,,no-official-km,1,0,C
河北:X437,X437,,6.7,,no-official-km,1,0,C
河北:X438,X438,,15.8,,no-official-km,2,1,C
河北:X44,X44,,6.4,,no-official-km,1,0,C
河北:X441,X441,,11.6,,no-official-km,2,1,C
河北:X442,X442,,3.3,,no-official-km,1,0,C
河北:X445,X445,,32.8,,no-official-km,3,2,C
河北:X45,X45,,18.5,,no-official-km,1,0,C
河北:X452,X452,,56.0,,no-official-km,1,0,C
河北:X454,X454,,33.1,,no-official-km,5,4,C
河北:X455,X455,,0.5,,no-official-km,1,0,C
河北:X456,X456,,59.8,,no-official-km,3,2,C
河北:X457,X457,,101.8,,no-official-km,2,1,C
河北:X461,X461,,24.0,,no-official-km,3,2,C
河北:X465,X465,,3.2,,no-official-km,1,0,C
河北:X468,X468,,3.3,,no-official-km,1,0,C
河北:X47,X47,,9.3,,no-official-km,2,1,C
河北:X48,X48,,2.6,,no-official-km,1,0,C
河北:X483,X483,,3.4,,no-official-km,1,0,C
河北:X5,X5,,101.6,,no-official-km,13,12,C
河北:X501,X501,,20.2,,no-official-km,2,1,C
河北:X502,X502,,37.0,,broken-jump,2,1,C
河北:X503,X503,,25.4,,no-official-km,1,0,C
河北:X504,X504,,13.2,,no-official-km,1,0,C
河北:X505,X505,,50.5,,no-official-km,1,0,C
河北:X506,X506,,155.8,,no-official-km,6,5,C
河北:X507,X507,,46.7,,broken-jump,5,4,C
河北:X509,X509,,91.4,,no-official-km,5,4,C
河北:X51,X51,,39.5,,broken-jump,3,2,C
河北:X510,X510,,57.9,,broken-jump,1,0,C
河北:X511,X511,,69.6,,no-official-km,2,1,C
河北:X513,X513,,38.4,,no-official-km,1,0,C
河北:X515,X515,,37.0,,no-official-km,1,0,C
河北:X516,X516,,29.3,,no-official-km,1,0,C
河北:X517,X517,,0.6,,no-official-km,1,0,C
河北:X519,X519,,105.0,,no-official-km,4,3,C
河北:X52,X52,,87.5,,no-official-km,4,3,C
河北:X521,X521,,67.5,,no-official-km,2,1,C
河北:X522,X522,,38.4,,no-official-km,5,4,C
河北:X523,X523,,81.1,,no-official-km,3,2,C
河北:X525,X525,,4.0,,no-official-km,1,0,C
河北:X528,X528,,4.6,,no-official-km,1,0,C
河北:X53,X53,,8.3,,no-official-km,1,0,C
河北:X530,X530,,3.7,,no-official-km,1,0,C
河北:X531,X531,,10.3,,no-official-km,2,1,C
河北:X535,X535,,32.6,,no-official-km,5,4,C
河北:X536,X536,,11.6,,no-official-km,2,1,C
河北:X538,X538,,10.9,,no-official-km,3,2,C
河北:X54,X54,,21.8,,no-official-km,3,2,C
河北:X540,X540,,6.6,,no-official-km,2,1,C
河北:X541,X541,,1.9,,no-official-km,1,0,C
河北:X544,X544,,4.4,,no-official-km,1,0,C
河北:X553,X553,,2.2,,no-official-km,1,0,C
河北:X554,X554,,64.4,,no-official-km,4,3,C
河北:X556,X556,,50.2,,no-official-km,3,2,C
河北:X557,X557,,31.9,,no-official-km,1,0,C
河北:X56,X56,,40.8,,no-official-km,3,2,C
河北:X560,X560,,11.2,,no-official-km,1,0,C
河北:X562,X562,,21.2,,no-official-km,5,4,C
河北:X563,X563,,10.8,,no-official-km,1,0,C
河北:X564,X564,,15.3,,no-official-km,2,1,C
河北:X565,X565,,20.5,,broken-jump,3,2,C
河北:X566,X566,,16.3,,broken-jump,1,0,C
河北:X568,X568,,17.1,,no-official-km,2,1,C
河北:X574,X574,,8.6,,no-official-km,2,1,C
河北:X58,X58,,26.1,,no-official-km,1,0,C
河北:X583,X583,,71.7,,no-official-km,3,2,C
河北:X584,X584,,11.5,,no-official-km,1,0,C
河北:X586,X586,,12.1,,no-official-km,1,0,C
河北:X587,X587,,34.6,,no-official-km,2,1,C
河北:X588,X588,,13.1,,broken-jump,1,0,C
河北:X589,X589,,14.9,,broken-jump,1,0,C
河北:X590,X590,,3.1,,no-official-km,1,0,C
河北:X6,X6,,87.4,,no-official-km,11,10,C
河北:X601,X601,,55.7,,no-official-km,1,0,C
河北:X602,X602,,95.1,,no-official-km,8,7,C
河北:X603,X603,,20.8,,no-official-km,1,0,C
河北:X604,X604,,23.4,,no-official-km,5,4,C
河北:X605,X605,,35.5,,no-official-km,5,4,C
河北:X606,X606,,32.4,,no-official-km,3,2,C
河北:X607,X607,,26.7,,no-official-km,1,0,C
河北:X608,X608,,7.1,,no-official-km,2,1,C
河北:X609,X609,,65.8,,broken-jump,5,4,C
河北:X61,X61,,47.1,,no-official-km,3,2,C
河北:X610,X610,,36.8,,no-official-km,2,1,C
河北:X611,X611,,18.8,,no-official-km,1,0,C
河北:X612,X612,,82.7,,no-official-km,3,2,C
河北:X613,X613,,57.0,,no-official-km,2,1,C
河北:X614,X614,,31.3,,broken-jump,1,0,C
河北:X615,X615,,24.7,,no-official-km,1,0,C
河北:X616,X616,,77.0,,no-official-km,7,6,C
河北:X617,X617,,15.0,,no-official-km,2,1,C
河北:X618,X618,,17.4,,no-official-km,3,2,C
河北:X619,X619,,24.9,,no-official-km,1,0,C
河北:X62,X62,,20.9,,no-official-km,1,0,C
河北:X631,X631,,88.0,,no-official-km,4,3,C
河北:X632,X632,,18.0,,no-official-km,3,2,C
河北:X633,X633,,4.9,,no-official-km,1,0,C
河北:X634,X634,,32.2,,no-official-km,3,2,C
河北:X635,X635,,23.1,,no-official-km,1,0,C
河北:X637,X637,,3.7,,no-official-km,1,0,C
河北:X639,X639,,16.4,,no-official-km,1,0,C
河北:X65,X65,,4.2,,no-official-km,1,0,C
河北:X650,X650,,6.8,,no-official-km,1,0,C
河北:X651,X651,,66.9,,no-official-km,3,2,C
河北:X652,X652,,38.0,,no-official-km,3,2,C
河北:X653,X653,,16.8,,no-official-km,1,0,C
河北:X654,X654,,28.1,,no-official-km,2,1,C
河北:X655,X655,,30.9,,no-official-km,2,1,C
河北:X656,X656,,35.4,,no-official-km,2,1,C
河北:X657,X657,,49.9,,broken-jump,5,4,C
河北:X658,X658,,48.1,,broken-jump,8,7,C
河北:X659,X659,,16.6,,no-official-km,2,1,C
河北:X66,X66,,48.6,,no-official-km,6,5,C
河北:X661,X661,,3.1,,no-official-km,1,0,C
河北:X662,X662,,5.6,,no-official-km,4,3,C
河北:X681,X681,,38.9,,no-official-km,1,0,C
河北:X682,X682,,16.5,,no-official-km,1,0,C
河北:X684,X684,,13.4,,no-official-km,3,2,C
河北:X685,X685,,44.3,,no-official-km,1,0,C
河北:X7,X7,,125.7,,broken-jump,15,14,C
河北:X705,X705,,0.9,,no-official-km,1,0,C
河北:X706,X706,,110.6,,no-official-km,8,7,C
河北:X707,X707,,21.4,,broken-jump,1,0,C
河北:X708,X708,,24.3,,no-official-km,2,1,C
河北:X709,X709,,30.3,,broken-jump,4,3,C
河北:X71,X71,,1.5,,no-official-km,1,0,C
河北:X710,X710,,49.9,,no-official-km,3,2,C
河北:X711,X711,,35.9,,no-official-km,1,0,C
河北:X712,X712,,19.7,,no-official-km,3,2,C
河北:X751,X751,,6.6,,no-official-km,1,0,C
河北:X752,X752,,27.3,,no-official-km,4,3,C
河北:X754,X754,,5.2,,no-official-km,1,0,C
河北:X755,X755,,51.0,,no-official-km,3,2,C
河北:X756,X756,,28.2,,no-official-km,2,1,C
河北:X757,X757,,26.7,,no-official-km,1,0,C
河北:X758,X758,,39.2,,no-official-km,2,1,C
河北:X760,X760,,55.3,,broken-jump,2,1,C
河北:X8,X8,,122.0,,no-official-km,12,11,C
河北:X802,X802,,1.2,,no-official-km,1,0,C
河北:X805,X805,,25.7,,no-official-km,1,0,C
河北:X806,X806,,6.9,,no-official-km,3,2,C
河北:X809,X809,,34.6,,no-official-km,3,2,C
河北:X817,X817,,2.5,,no-official-km,1,0,C
河北:X861,X861,,21.1,,broken-jump,2,1,C
河北:X9,X9,,135.7,,no-official-km,15,14,C
河北:X901,X901,,19.6,,no-official-km,1,0,C
河北:X902,X902,,35.1,,broken-jump,1,0,C
河北:X903,X903,,36.6,,no-official-km,5,4,C
河北:X905,X905,,51.1,,no-official-km,4,3,C
河北:X906,X906,,45.8,,broken-jump,4,3,C
河北:X910,X910,,1.0,,no-official-km,1,0,C
河北:X912,X912,,0.4,,no-official-km,1,0,C
河北:X915,X915,,0.7,,no-official-km,1,0,C
河北:X917,X917,,4.6,,no-official-km,2,1,C
河北:X918,X918,,0.4,,no-official-km,1,0,C
河北:X927,X927,,3.1,,no-official-km,1,0,C
河北:X954,X954,,20.2,,broken-jump,1,0,C
河北:X956,X956,,8.9,,no-official-km,1,0,C
河北:X957,X957,,53.6,,no-official-km,3,2,C
河北:X999,X999,,1.0,,no-official-km,1,0,C
河南:X1,X1,,329.6,,no-official-km,25,24,C
河南:X10,X10,,246.6,,broken-jump,19,18,C
河南:X101,X101,,0.7,,no-official-km,1,0,C
河南:X11,X11,,228.3,,no-official-km,21,20,C
河南:X12,X12,,258.9,,no-official-km,13,12,C
河南:X13,X13,,188.0,,no-official-km,13,12,C
河南:X14,X14,,185.1,,broken-jump,15,14,C
河南:X15,X15,,167.8,,broken-jump,17,16,C
河南:X16,X16,,255.3,,broken-jump,16,15,C
河南:X17,X17,,199.5,,no-official-km,14,13,C
河南:X18,X18,,87.3,,no-official-km,12,11,C
河南:X19,X19,,133.3,,no-official-km,11,10,C
河南:X2,X2,,212.8,,broken-jump,22,21,C
河南:X20,X20,,144.8,,no-official-km,11,10,C
河南:X206,X206,,10.2,,no-official-km,1,0,C
河南:X207,X207,,5.4,,no-official-km,1,0,C
河南:X21,X21,,169.4,,no-official-km,10,9,C
河南:X213,X213,,6.6,,no-official-km,1,0,C
河南:X22,X22,,177.4,,no-official-km,16,15,C
河南:X23,X23,,59.9,,broken-jump,6,5,C
河南:X24,X24,,39.8,,no-official-km,2,1,C
河南:X25,X25,,45.0,,no-official-km,4,3,C
河南:X26,X26,,43.9,,no-official-km,4,3,C
河南:X27,X27,,29.5,,no-official-km,2,1,C
河南:X28,X28,,89.5,,no-official-km,6,5,C
河南:X29,X29,,9.3,,no-official-km,2,1,C
河南:X3,X3,,214.3,,no-official-km,19,18,C
河南:X30,X30,,113.1,,no-official-km,6,5,C
河南:X31,X31,,22.3,,no-official-km,2,1,C
河南:X313,X313,,7.6,,no-official-km,1,0,C
河南:X316,X316,,8.9,,no-official-km,1,0,C
河南:X32,X32,,112.6,,no-official-km,8,7,C
河南:X33,X33,,66.1,,no-official-km,3,2,C
河南:X34,X34,,31.9,,broken-jump,1,0,C
河南:X35,X35,,8.2,,no-official-km,2,1,C
河南:X36,X36,,116.6,,broken-jump,5,4,C
河南:X37,X37,,37.6,,broken-jump,3,2,C
河南:X38,X38,,49.4,,no-official-km,6,5,C
河南:X39,X39,,104.1,,broken-jump,7,6,C
河南:X4,X4,,228.9,,broken-jump,23,22,C
河南:X40,X40,,21.9,,no-official-km,1,0,C
河南:X41,X41,,40.8,,no-official-km,2,1,C
河南:X42,X42,,18.4,,no-official-km,2,1,C
河南:X43,X43,,40.2,,no-official-km,4,3,C
河南:X44,X44,,16.8,,no-official-km,3,2,C
河南:X45,X45,,1.0,,no-official-km,1,0,C
河南:X46,X46,,36.2,,no-official-km,4,3,C
河南:X47,X47,,15.8,,no-official-km,2,1,C
河南:X49,X49,,34.2,,no-official-km,5,4,C
河南:X5,X5,,139.7,,no-official-km,10,9,C
河南:X50,X50,,5.3,,no-official-km,2,1,C
河南:X52,X52,,53.9,,no-official-km,4,3,C
河南:X53,X53,,2.4,,no-official-km,1,0,C
河南:X54,X54,,7.5,,no-official-km,3,2,C
河南:X56,X56,,26.5,,no-official-km,2,1,C
河南:X57,X57,,27.6,,no-official-km,3,2,C
河南:X58,X58,,37.6,,no-official-km,8,7,C
河南:X59,X59,,49.6,,no-official-km,3,2,C
河南:X6,X6,,220.6,,no-official-km,12,11,C
河南:X62,X62,,10.3,,no-official-km,1,0,C
河南:X63,X63,,8.1,,broken-jump,1,0,C
河南:X670,X670,,6.1,,no-official-km,1,0,C
河南:X671,X671,,18.6,,no-official-km,1,0,C
河南:X68,X68,,22.3,,no-official-km,3,2,C
河南:X7,X7,,161.7,,no-official-km,15,14,C
河南:X70,X70,,19.3,,no-official-km,1,0,C
河南:X763,X763,,10.8,,no-official-km,1,0,C
河南:X8,X8,,399.4,,no-official-km,23,22,C
河南:X82,X82,,3.5,,no-official-km,1,0,C
河南:X9,X9,,225.3,,no-official-km,27,26,C
黑龙江:X1,X1,,22.0,,no-official-km,1,0,C
黑龙江:X106,X106,,25.5,,no-official-km,1,0,C
黑龙江:X109,X109,,4.8,,no-official-km,1,0,C
黑龙江:X110,X110,,18.2,,no-official-km,1,0,C
黑龙江:X113,X113,,7.6,,no-official-km,1,0,C
黑龙江:X114,X114,,2.6,,no-official-km,1,0,C
黑龙江:X116,X116,,23.7,,no-official-km,1,0,C
黑龙江:X119,X119,,26.9,,no-official-km,1,0,C
黑龙江:X12,X12,,12.6,,no-official-km,2,1,C
黑龙江:X121,X121,,29.1,,no-official-km,1,0,C
黑龙江:X122,X122,,12.6,,no-official-km,2,1,C
黑龙江:X123,X123,,86.8,,no-official-km,2,1,C
黑龙江:X13,X13,,30.3,,no-official-km,1,0,C
黑龙江:X132,X132,,27.2,,no-official-km,7,6,C
黑龙江:X135,X135,,71.7,,no-official-km,4,3,C
黑龙江:X136,X136,,2.3,,no-official-km,1,0,C
黑龙江:X139,X139,,14.4,,no-official-km,1,0,C
黑龙江:X14,X14,,0.9,,no-official-km,1,0,C
黑龙江:X142,X142,,40.8,,no-official-km,1,0,C
黑龙江:X144,X144,,20.2,,no-official-km,2,1,C
黑龙江:X148,X148,,25.5,,no-official-km,4,3,C
黑龙江:X149,X149,,47.9,,no-official-km,3,2,C
黑龙江:X150,X150,,30.3,,no-official-km,2,1,C
黑龙江:X152,X152,,50.3,,broken-jump,1,0,C
黑龙江:X154,X154,,42.1,,no-official-km,3,2,C
黑龙江:X155,X155,,4.3,,no-official-km,2,1,C
黑龙江:X164,X164,,6.5,,no-official-km,1,0,C
黑龙江:X17,X17,,5.8,,no-official-km,3,2,C
黑龙江:X170,X170,,3.1,,no-official-km,1,0,C
黑龙江:X172,X172,,0.8,,no-official-km,1,0,C
黑龙江:X174,X174,,26.4,,broken-jump,1,0,C
黑龙江:X178,X178,,4.9,,no-official-km,1,0,C
黑龙江:X179,X179,,11.8,,no-official-km,1,0,C
黑龙江:X180,X180,,35.3,,no-official-km,1,0,C
黑龙江:X186,X186,,20.8,,no-official-km,1,0,C
黑龙江:X188,X188,,48.7,,no-official-km,2,1,C
黑龙江:X20,X20,,3.3,,no-official-km,1,0,C
黑龙江:X201,X201,,0.7,,no-official-km,1,0,C
黑龙江:X206,X206,,16.0,,no-official-km,1,0,C
黑龙江:X207,X207,,97.4,,no-official-km,1,0,C
黑龙江:X211,X211,,19.8,,no-official-km,2,1,C
黑龙江:X215,X215,,1.2,,no-official-km,1,0,C
黑龙江:X216,X216,,1.6,,no-official-km,1,0,C
黑龙江:X23,X23,,12.3,,no-official-km,1,0,C
黑龙江:X231,X231,,5.7,,no-official-km,1,0,C
黑龙江:X237,X237,,8.7,,no-official-km,1,0,C
黑龙江:X24,X24,,12.0,,no-official-km,1,0,C
黑龙江:X25,X25,,67.0,,no-official-km,4,3,C
黑龙江:X250,X250,,21.1,,no-official-km,1,0,C
黑龙江:X28,X28,,13.4,,no-official-km,1,0,C
黑龙江:X32,X32,,23.2,,no-official-km,2,1,C
黑龙江:X36,X36,,4.2,,no-official-km,2,1,C
黑龙江:X48,X48,,43.2,,no-official-km,1,0,C
黑龙江:X49,X49,,4.6,,no-official-km,2,1,C
黑龙江:X5,X5,,35.6,,no-official-km,2,1,C
黑龙江:X53,X53,,8.2,,no-official-km,1,0,C
黑龙江:X54,X54,,55.9,,broken-jump,1,0,C
黑龙江:X55,X55,,3.9,,no-official-km,1,0,C
黑龙江:X57,X57,,44.9,,no-official-km,2,1,C
黑龙江:X58,X58,,2.1,,no-official-km,1,0,C
黑龙江:X67,X67,,101.7,,no-official-km,1,0,C
黑龙江:X69,X69,,2.0,,no-official-km,1,0,C
黑龙江:X71,X71,,43.3,,no-official-km,2,1,C
黑龙江:X73,X73,,1.5,,no-official-km,1,0,C
黑龙江:X79,X79,,121.9,,no-official-km,1,0,C
黑龙江:X8,X8,,5.8,,no-official-km,2,1,C
黑龙江:X84,X84,,12.3,,no-official-km,1,0,C
湖北:X1,X1,,213.4,,broken-jump,13,12,C
湖北:X10,X10,,66.3,,no-official-km,4,3,C
湖北:X101,X101,,6.0,,no-official-km,1,0,C
湖北:X102,X102,,28.6,,no-official-km,5,4,C
湖北:X103,X103,,41.0,,no-official-km,3,2,C
湖北:X104,X104,,38.7,,no-official-km,2,1,C
湖北:X105,X105,,12.4,,no-official-km,1,0,C
湖北:X107,X107,,7.5,,no-official-km,1,0,C
湖北:X11,X11,,48.6,,no-official-km,8,7,C
湖北:X110,X110,,11.2,,no-official-km,1,0,C
湖北:X112,X112,,14.7,,no-official-km,2,1,C
湖北:X113,X113,,6.4,,no-official-km,1,0,C
湖北:X114,X114,,4.4,,no-official-km,1,0,C
湖北:X119,X119,,31.7,,no-official-km,2,1,C
湖北:X12,X12,,21.8,,no-official-km,1,0,C
湖北:X120,X120,,14.4,,no-official-km,1,0,C
湖北:X123,X123,,14.4,,no-official-km,1,0,C
湖北:X13,X13,,62.9,,no-official-km,4,3,C
湖北:X131,X131,,14.3,,no-official-km,1,0,C
湖北:X14,X14,,59.0,,no-official-km,6,5,C
湖北:X15,X15,,35.4,,no-official-km,2,1,C
湖北:X16,X16,,79.6,,no-official-km,3,2,C
湖北:X17,X17,,33.1,,no-official-km,3,2,C
湖北:X178,X178,,1.5,,no-official-km,1,0,C
湖北:X18,X18,,24.1,,no-official-km,2,1,C
湖北:X19,X19,,6.0,,no-official-km,2,1,C
湖北:X198,X198,,13.4,,no-official-km,1,0,C
湖北:X2,X2,,113.7,,broken-jump,14,13,C
湖北:X20,X20,,83.4,,no-official-km,5,4,C
湖北:X201,X201,,8.8,,no-official-km,4,3,C
湖北:X203,X203,,8.0,,no-official-km,1,0,C
湖北:X205,X205,,38.4,,no-official-km,2,1,C
湖北:X206,X206,,100.9,,no-official-km,4,3,C
湖北:X207,X207,,45.5,,no-official-km,1,0,C
湖北:X208,X208,,56.8,,no-official-km,4,3,C
湖北:X209,X209,,33.9,,no-official-km,2,1,C
湖北:X21,X21,,12.8,,no-official-km,3,2,C
湖北:X211,X211,,3.8,,no-official-km,1,0,C
湖北:X212,X212,,4.2,,no-official-km,1,0,C
湖北:X213,X213,,43.7,,no-official-km,3,2,C
湖北:X214,X214,,4.7,,no-official-km,2,1,C
湖北:X217,X217,,1.5,,no-official-km,1,0,C
湖北:X218,X218,,46.6,,no-official-km,3,2,C
湖北:X219,X219,,22.1,,no-official-km,2,1,C
湖北:X22,X22,,58.0,,no-official-km,3,2,C
湖北:X221,X221,,14.3,,no-official-km,1,0,C
湖北:X222,X222,,15.8,,no-official-km,1,0,C
湖北:X223,X223,,3.1,,no-official-km,2,1,C
湖北:X224,X224,,45.5,,no-official-km,2,1,C
湖北:X226,X226,,19.2,,no-official-km,1,0,C
湖北:X227,X227,,1.3,,no-official-km,1,0,C
湖北:X228,X228,,4.0,,no-official-km,1,0,C
湖北:X23,X23,,7.0,,no-official-km,1,0,C
湖北:X235,X235,,12.2,,broken-jump,1,0,C
湖北:X237,X237,,21.8,,no-official-km,1,0,C
湖北:X24,X24,,22.6,,no-official-km,4,3,C
湖北:X241,X241,,3.9,,no-official-km,1,0,C
湖北:X25,X25,,16.0,,broken-jump,2,1,C
湖北:X257,X257,,6.5,,no-official-km,1,0,C
湖北:X26,X26,,42.0,,no-official-km,4,3,C
湖北:X27,X27,,46.1,,no-official-km,5,4,C
湖北:X28,X28,,59.1,,no-official-km,3,2,C
湖北:X29,X29,,44.6,,no-official-km,2,1,C
湖北:X3,X3,,60.6,,no-official-km,6,5,C
湖北:X30,X30,,106.9,,no-official-km,4,3,C
湖北:X302,X302,,6.3,,no-official-km,1,0,C
湖北:X303,X303,,8.3,,no-official-km,1,0,C
湖北:X304,X304,,2.1,,no-official-km,1,0,C
湖北:X306,X306,,3.5,,no-official-km,2,1,C
湖北:X307,X307,,3.1,,no-official-km,1,0,C
湖北:X308,X308,,19.2,,no-official-km,1,0,C
湖北:X309,X309,,20.2,,no-official-km,4,3,C
湖北:X31,X31,,29.4,,no-official-km,2,1,C
湖北:X310,X310,,7.8,,no-official-km,1,0,C
湖北:X312,X312,,14.2,,no-official-km,1,0,C
湖北:X313,X313,,25.9,,no-official-km,1,0,C
湖北:X316,X316,,1.2,,no-official-km,1,0,C
湖北:X317,X317,,10.6,,no-official-km,3,2,C
湖北:X319,X319,,0.9,,no-official-km,1,0,C
湖北:X32,X32,,47.0,,no-official-km,5,4,C
湖北:X33,X33,,15.3,,no-official-km,2,1,C
湖北:X34,X34,,13.0,,no-official-km,2,1,C
湖北:X35,X35,,52.8,,no-official-km,2,1,C
湖北:X36,X36,,28.6,,broken-jump,4,3,C
湖北:X37,X37,,133.7,,no-official-km,5,4,C
湖北:X38,X38,,47.7,,no-official-km,1,0,C
湖北:X39,X39,,175.7,,no-official-km,3,2,C
湖北:X4,X4,,112.6,,no-official-km,7,6,C
湖北:X40,X40,,59.6,,no-official-km,4,3,C
湖北:X404,X404,,59.0,,no-official-km,1,0,C
湖北:X411,X411,,6.9,,no-official-km,1,0,C
湖北:X412,X412,,28.5,,no-official-km,1,0,C
湖北:X42,X42,,45.3,,no-official-km,4,3,C
湖北:X43,X43,,3.9,,no-official-km,1,0,C
湖北:X44,X44,,6.0,,no-official-km,1,0,C
湖北:X45,X45,,9.5,,no-official-km,3,2,C
湖北:X46,X46,,23.8,,no-official-km,2,1,C
湖北:X47,X47,,51.3,,no-official-km,2,1,C
湖北:X48,X48,,20.6,,no-official-km,1,0,C
湖北:X5,X5,,16.5,,broken-jump,3,2,C
湖北:X50,X50,,33.9,,no-official-km,3,2,C
湖北:X51,X51,,12.9,,no-official-km,1,0,C
湖北:X52,X52,,31.6,,broken-jump,1,0,C
湖北:X553,X553,,43.0,,no-official-km,1,0,C
湖北:X56,X56,,20.0,,no-official-km,1,0,C
湖北:X58,X58,,6.4,,no-official-km,1,0,C
湖北:X59,X59,,11.5,,no-official-km,1,0,C
湖北:X595,X595,,6.8,,no-official-km,2,1,C
湖北:X6,X6,,38.1,,no-official-km,4,3,C
湖北:X61,X61,,24.6,,no-official-km,2,1,C
湖北:X63,X63,,39.7,,no-official-km,1,0,C
湖北:X64,X64,,6.1,,no-official-km,1,0,C
湖北:X65,X65,,42.9,,no-official-km,1,0,C
湖北:X66,X66,,12.7,,no-official-km,1,0,C
湖北:X67,X67,,1.7,,no-official-km,1,0,C
湖北:X7,X7,,68.1,,no-official-km,7,6,C
湖北:X72,X72,,1.3,,no-official-km,1,0,C
湖北:X74,X74,,11.8,,no-official-km,1,0,C
湖北:X75,X75,,5.4,,no-official-km,1,0,C
湖北:X76,X76,,5.5,,no-official-km,1,0,C
湖北:X79,X79,,7.6,,no-official-km,1,0,C
湖北:X8,X8,,68.3,,no-official-km,5,4,C
湖北:X80,X80,,13.5,,no-official-km,1,0,C
湖北:X82,X82,,55.8,,no-official-km,3,2,C
湖北:X825,X825,,26.2,,no-official-km,1,0,C
湖北:X86,X86,,13.5,,broken-jump,2,1,C
湖北:X87,X87,,6.6,,no-official-km,2,1,C
湖北:X9,X9,,103.0,,no-official-km,9,8,C
湖北:X92,X92,,12.2,,no-official-km,1,0,C
湖南:X1,X1,,279.1,,no-official-km,20,19,C
湖南:X10,X10,,69.3,,no-official-km,8,7,C
湖南:X100,X100,,6.8,,no-official-km,1,0,C
湖南:X101,X101,,39.8,,no-official-km,3,2,C
湖南:X102,X102,,50.5,,no-official-km,3,2,C
湖南:X103,X103,,4.4,,no-official-km,2,1,C
湖南:X104,X104,,14.8,,no-official-km,2,1,C
湖南:X105,X105,,29.4,,no-official-km,2,1,C
湖南:X106,X106,,35.5,,no-official-km,3,2,C
湖南:X107,X107,,13.3,,no-official-km,1,0,C
湖南:X108,X108,,34.9,,no-official-km,4,3,C
湖南:X109,X109,,10.9,,no-official-km,1,0,C
湖南:X11,X11,,149.8,,no-official-km,13,12,C
湖南:X111,X111,,8.9,,no-official-km,2,1,C
湖南:X112,X112,,65.4,,no-official-km,4,3,C
湖南:X114,X114,,5.1,,no-official-km,1,0,C
湖南:X115,X115,,6.9,,no-official-km,1,0,C
湖南:X116,X116,,18.0,,no-official-km,2,1,C
湖南:X117,X117,,13.2,,no-official-km,1,0,C
湖南:X118,X118,,13.1,,no-official-km,1,0,C
湖南:X119,X119,,23.8,,no-official-km,2,1,C
湖南:X12,X12,,108.7,,no-official-km,5,4,C
湖南:X121,X121,,4.6,,no-official-km,2,1,C
湖南:X123,X123,,30.0,,no-official-km,4,3,C
湖南:X124,X124,,7.7,,no-official-km,1,0,C
湖南:X125,X125,,27.4,,no-official-km,3,2,C
湖南:X126,X126,,11.6,,no-official-km,1,0,C
湖南:X127,X127,,16.6,,no-official-km,1,0,C
湖南:X129,X129,,20.1,,no-official-km,1,0,C
湖南:X13,X13,,82.7,,no-official-km,7,6,C
湖南:X130,X130,,14.6,,no-official-km,3,2,C
湖南:X132,X132,,14.0,,no-official-km,1,0,C
湖南:X134,X134,,11.6,,no-official-km,1,0,C
湖南:X135,X135,,14.6,,no-official-km,2,1,C
湖南:X136,X136,,4.5,,no-official-km,1,0,C
湖南:X138,X138,,6.5,,no-official-km,1,0,C
湖南:X14,X14,,147.1,,no-official-km,9,8,C
湖南:X143,X143,,20.6,,no-official-km,1,0,C
湖南:X144,X144,,10.8,,no-official-km,1,0,C
湖南:X146,X146,,15.2,,no-official-km,2,1,C
湖南:X147,X147,,30.4,,no-official-km,1,0,C
湖南:X148,X148,,34.8,,no-official-km,2,1,C
湖南:X149,X149,,25.3,,no-official-km,1,0,C
湖南:X15,X15,,162.4,,no-official-km,10,9,C
湖南:X151,X151,,9.1,,no-official-km,1,0,C
湖南:X152,X152,,14.6,,no-official-km,1,0,C
湖南:X157,X157,,7.0,,no-official-km,1,0,C
湖南:X158,X158,,17.2,,no-official-km,1,0,C
湖南:X159,X159,,5.3,,no-official-km,1,0,C
湖南:X16,X16,,209.4,,no-official-km,17,16,C
湖南:X163,X163,,19.2,,no-official-km,2,1,C
湖南:X166,X166,,12.2,,no-official-km,1,0,C
湖南:X167,X167,,21.0,,no-official-km,3,2,C
湖南:X17,X17,,83.2,,no-official-km,8,7,C
湖南:X172,X172,,2.8,,no-official-km,1,0,C
湖南:X18,X18,,171.3,,no-official-km,11,10,C
湖南:X180,X180,,1.2,,no-official-km,1,0,C
湖南:X19,X19,,268.6,,no-official-km,14,13,C
湖南:X190,X190,,4.3,,no-official-km,1,0,C
湖南:X191,X191,,27.7,,no-official-km,1,0,C
湖南:X2,X2,,257.9,,no-official-km,15,14,C
湖南:X20,X20,,196.7,,no-official-km,16,15,C
湖南:X21,X21,,196.5,,no-official-km,13,12,C
湖南:X210,X210,,26.6,,no-official-km,2,1,C
湖南:X218,X218,,14.6,,no-official-km,1,0,C
湖南:X22,X22,,187.0,,no-official-km,10,9,C
湖南:X23,X23,,185.5,,no-official-km,12,11,C
湖南:X230,X230,,7.5,,no-official-km,1,0,C
湖南:X233,X233,,6.7,,no-official-km,1,0,C
湖南:X235,X235,,8.8,,no-official-km,1,0,C
湖南:X236,X236,,1.2,,no-official-km,1,0,C
湖南:X24,X24,,250.0,,no-official-km,11,10,C
湖南:X25,X25,,125.6,,no-official-km,11,10,C
湖南:X26,X26,,207.1,,broken-jump,15,14,C
湖南:X27,X27,,142.3,,no-official-km,6,5,C
湖南:X28,X28,,155.4,,no-official-km,8,7,C
湖南:X287,X287,,11.9,,broken-jump,1,0,C
湖南:X29,X29,,104.8,,no-official-km,9,8,C
湖南:X3,X3,,145.9,,no-official-km,11,10,C
湖南:X30,X30,,176.0,,no-official-km,9,8,C
湖南:X305,X305,,1.0,,no-official-km,1,0,C
湖南:X31,X31,,142.9,,no-official-km,11,10,C
湖南:X32,X32,,113.3,,no-official-km,7,6,C
湖南:X327,X327,,20.4,,no-official-km,2,1,C
湖南:X328,X328,,5.8,,no-official-km,1,0,C
湖南:X33,X33,,173.4,,no-official-km,11,10,C
湖南:X34,X34,,271.4,,no-official-km,14,13,C
湖南:X35,X35,,148.7,,no-official-km,13,12,C
湖南:X36,X36,,218.6,,no-official-km,9,8,C
湖南:X37,X37,,179.6,,no-official-km,11,10,C
湖南:X38,X38,,126.1,,no-official-km,8,7,C
湖南:X380,X380,,6.7,,no-official-km,1,0,C
湖南:X39,X39,,218.2,,no-official-km,15,14,C
湖南:X392,X392,,11.4,,no-official-km,1,0,C
湖南:X4,X4,,134.0,,no-official-km,11,10,C
湖南:X40,X40,,151.7,,no-official-km,9,8,C
湖南:X41,X41,,170.5,,no-official-km,10,9,C
湖南:X42,X42,,129.9,,no-official-km,5,4,C
湖南:X43,X43,,184.6,,no-official-km,15,14,C
湖南:X44,X44,,182.4,,broken-jump,11,10,C
湖南:X446,X446,,2.1,,no-official-km,1,0,C
湖南:X45,X45,,178.6,,no-official-km,11,10,C
湖南:X46,X46,,85.7,,no-official-km,9,8,C
湖南:X47,X47,,184.6,,no-official-km,13,12,C
湖南:X48,X48,,103.1,,no-official-km,7,6,C
湖南:X49,X49,,168.5,,no-official-km,10,9,C
湖南:X5,X5,,194.1,,no-official-km,10,9,C
湖南:X50,X50,,155.9,,no-official-km,10,9,C
湖南:X500,X500,,28.1,,no-official-km,1,0,C
湖南:X51,X51,,181.1,,no-official-km,11,10,C
湖南:X52,X52,,218.1,,no-official-km,16,15,C
湖南:X53,X53,,225.6,,no-official-km,14,13,C
湖南:X54,X54,,149.2,,no-official-km,11,10,C
湖南:X55,X55,,244.1,,no-official-km,18,17,C
湖南:X552,X552,,5.8,,no-official-km,1,0,C
湖南:X56,X56,,188.1,,no-official-km,14,13,C
湖南:X57,X57,,72.7,,no-official-km,5,4,C
湖南:X572,X572,,6.8,,no-official-km,1,0,C
湖南:X578,X578,,37.1,,no-official-km,2,1,C
湖南:X58,X58,,121.7,,no-official-km,7,6,C
湖南:X581,X581,,10.3,,no-official-km,1,0,C
湖南:X582,X582,,13.0,,no-official-km,1,0,C
湖南:X583,X583,,3.1,,no-official-km,1,0,C
湖南:X584,X584,,13.5,,no-official-km,1,0,C
湖南:X59,X59,,74.5,,no-official-km,6,5,C
湖南:X6,X6,,169.5,,broken-jump,13,12,C
湖南:X60,X60,,177.2,,no-official-km,11,10,C
湖南:X61,X61,,92.9,,no-official-km,6,5,C
湖南:X610,X610,,3.3,,no-official-km,1,0,C
湖南:X62,X62,,229.4,,no-official-km,8,7,C
湖南:X63,X63,,148.1,,no-official-km,8,7,C
湖南:X631,X631,,5.1,,no-official-km,1,0,C
湖南:X635,X635,,7.6,,no-official-km,1,0,C
湖南:X64,X64,,248.8,,no-official-km,11,10,C
湖南:X65,X65,,156.5,,no-official-km,5,4,C
湖南:X66,X66,,69.6,,no-official-km,5,4,C
湖南:X67,X67,,84.0,,no-official-km,5,4,C
湖南:X68,X68,,182.5,,no-official-km,7,6,C
湖南:X69,X69,,107.1,,no-official-km,7,6,C
湖南:X692,X692,,12.2,,no-official-km,2,1,C
湖南:X693,X693,,4.4,,no-official-km,1,0,C
湖南:X7,X7,,178.3,,no-official-km,10,9,C
湖南:X70,X70,,112.8,,no-official-km,9,8,C
湖南:X71,X71,,187.4,,no-official-km,14,13,C
湖南:X714,X714,,20.5,,no-official-km,2,1,C
湖南:X72,X72,,137.7,,no-official-km,12,11,C
湖南:X721,X721,,3.7,,no-official-km,1,0,C
湖南:X722,X722,,13.7,,no-official-km,1,0,C
湖南:X73,X73,,93.7,,no-official-km,7,6,C
湖南:X732,X732,,10.1,,no-official-km,1,0,C
湖南:X74,X74,,152.9,,no-official-km,9,8,C
湖南:X75,X75,,110.7,,no-official-km,7,6,C
湖南:X76,X76,,78.2,,no-official-km,4,3,C
湖南:X77,X77,,6.2,,no-official-km,2,1,C
湖南:X78,X78,,99.3,,no-official-km,7,6,C
湖南:X79,X79,,87.6,,no-official-km,5,4,C
湖南:X8,X8,,231.2,,no-official-km,15,14,C
湖南:X80,X80,,120.4,,no-official-km,6,5,C
湖南:X803,X803,,1.2,,no-official-km,1,0,C
湖南:X81,X81,,166.9,,no-official-km,5,4,C
湖南:X814,X814,,0.9,,no-official-km,1,0,C
湖南:X82,X82,,113.5,,no-official-km,4,3,C
湖南:X824,X824,,4.2,,no-official-km,1,0,C
湖南:X828,X828,,3.5,,no-official-km,1,0,C
湖南:X83,X83,,190.7,,no-official-km,13,12,C
湖南:X835,X835,,1.2,,no-official-km,2,1,C
湖南:X838,X838,,10.7,,no-official-km,1,0,C
湖南:X84,X84,,141.2,,no-official-km,8,7,C
湖南:X840,X840,,28.6,,no-official-km,1,0,C
湖南:X844,X844,,9.8,,no-official-km,1,0,C
湖南:X85,X85,,109.9,,no-official-km,8,7,C
湖南:X856,X856,,6.6,,no-official-km,1,0,C
湖南:X859,X859,,20.2,,no-official-km,1,0,C
湖南:X86,X86,,70.4,,no-official-km,5,4,C
湖南:X87,X87,,31.5,,no-official-km,4,3,C
湖南:X874,X874,,6.1,,no-official-km,2,1,C
湖南:X88,X88,,66.8,,no-official-km,3,2,C
湖南:X89,X89,,41.7,,no-official-km,4,3,C
湖南:X9,X9,,173.0,,no-official-km,11,10,C
湖南:X90,X90,,94.7,,no-official-km,3,2,C
湖南:X91,X91,,23.3,,no-official-km,3,2,C
湖南:X92,X92,,38.5,,no-official-km,4,3,C
湖南:X93,X93,,41.6,,no-official-km,3,2,C
湖南:X94,X94,,29.8,,no-official-km,2,1,C
湖南:X95,X95,,47.9,,no-official-km,4,3,C
湖南:X96,X96,,4.5,,no-official-km,2,1,C
湖南:X97,X97,,77.5,,no-official-km,5,4,C
湖南:X98,X98,,19.5,,no-official-km,1,0,C
湖南:X99,X99,,3.8,,no-official-km,1,0,C
吉林:X1,X1,,59.8,,broken-jump,1,0,C
吉林:X10,X10,,110.6,,broken-jump,1,0,C
吉林:X102,X102,,24.9,,no-official-km,2,1,C
吉林:X103,X103,,36.9,,no-official-km,1,0,C
吉林:X106,X106,,61.9,,broken-jump,2,1,C
吉林:X108,X108,,9.9,,no-official-km,1,0,C
吉林:X11,X11,,61.5,,no-official-km,1,0,C
吉林:X110,X110,,12.6,,no-official-km,1,0,C
吉林:X111,X111,,33.5,,no-official-km,1,0,C
吉林:X112,X112,,39.5,,no-official-km,1,0,C
吉林:X113,X113,,67.9,,no-official-km,2,1,C
吉林:X114,X114,,8.4,,no-official-km,1,0,C
吉林:X118,X118,,35.5,,no-official-km,1,0,C
吉林:X12,X12,,48.1,,no-official-km,2,1,C
吉林:X122,X122,,75.5,,no-official-km,3,2,C
吉林:X125,X125,,166.5,,no-official-km,1,0,C
吉林:X126,X126,,52.0,,no-official-km,1,0,C
吉林:X13,X13,,108.5,,broken-jump,2,1,C
吉林:X139,X139,,131.5,,broken-jump,1,0,C
吉林:X14,X14,,18.0,,broken-jump,1,0,C
吉林:X140,X140,,103.1,,no-official-km,1,0,C
吉林:X143,X143,,52.4,,broken-jump,1,0,C
吉林:X144,X144,,52.8,,no-official-km,2,1,C
吉林:X146,X146,,48.4,,broken-jump,1,0,C
吉林:X148,X148,,31.5,,no-official-km,2,1,C
吉林:X149,X149,,66.2,,broken-jump,1,0,C
吉林:X15,X15,,64.4,,broken-jump,2,1,C
吉林:X150,X150,,98.2,,broken-jump,2,1,C
吉林:X152,X152,,34.9,,broken-jump,3,2,C
吉林:X153,X153,,38.2,,no-official-km,1,0,C
吉林:X154,X154,,45.9,,no-official-km,1,0,C
吉林:X155,X155,,64.0,,broken-jump,2,1,C
吉林:X158,X158,,26.7,,no-official-km,1,0,C
吉林:X159,X159,,63.9,,broken-jump,1,0,C
吉林:X16,X16,,43.9,,no-official-km,2,1,C
吉林:X160,X160,,71.1,,no-official-km,1,0,C
吉林:X164,X164,,279.0,,no-official-km,6,5,C
吉林:X165,X165,,78.9,,no-official-km,3,2,C
吉林:X166,X166,,50.4,,no-official-km,1,0,C
吉林:X167,X167,,15.1,,no-official-km,2,1,C
吉林:X168,X168,,36.7,,no-official-km,3,2,C
吉林:X169,X169,,36.1,,no-official-km,1,0,C
吉林:X17,X17,,77.7,,broken-jump,1,0,C
吉林:X170,X170,,8.6,,no-official-km,1,0,C
吉林:X171,X171,,50.3,,no-official-km,3,2,C
吉林:X172,X172,,42.5,,no-official-km,1,0,C
吉林:X173,X173,,27.6,,no-official-km,1,0,C
吉林:X174,X174,,26.7,,no-official-km,2,1,C
吉林:X175,X175,,50.8,,no-official-km,1,0,C
吉林:X176,X176,,44.0,,no-official-km,1,0,C
吉林:X177,X177,,45.4,,no-official-km,1,0,C
吉林:X178,X178,,29.4,,no-official-km,1,0,C
吉林:X179,X179,,26.8,,no-official-km,1,0,C
吉林:X18,X18,,86.9,,no-official-km,5,4,C
吉林:X180,X180,,36.7,,no-official-km,1,0,C
吉林:X181,X181,,33.4,,no-official-km,1,0,C
吉林:X182,X182,,41.2,,no-official-km,1,0,C
吉林:X183,X183,,39.0,,no-official-km,1,0,C
吉林:X184,X184,,25.6,,no-official-km,1,0,C
吉林:X185,X185,,71.4,,no-official-km,1,0,C
吉林:X186,X186,,59.5,,no-official-km,5,4,C
吉林:X187,X187,,48.9,,no-official-km,1,0,C
吉林:X188,X188,,105.9,,no-official-km,2,1,C
吉林:X19,X19,,33.8,,no-official-km,1,0,C
吉林:X2,X2,,32.4,,no-official-km,2,1,C
吉林:X20,X20,,51.6,,no-official-km,1,0,C
吉林:X21,X21,,47.9,,no-official-km,2,1,C
吉林:X22,X22,,85.0,,broken-jump,2,1,C
吉林:X23,X23,,55.6,,no-official-km,3,2,C
吉林:X24,X24,,93.1,,broken-jump,2,1,C
吉林:X25,X25,,44.5,,no-official-km,1,0,C
吉林:X26,X26,,33.9,,no-official-km,2,1,C
吉林:X27,X27,,48.1,,broken-jump,1,0,C
吉林:X28,X28,,172.6,,no-official-km,1,0,C
吉林:X29,X29,,30.4,,no-official-km,1,0,C
吉林:X3,X3,,32.4,,no-official-km,1,0,C
吉林:X30,X30,,107.3,,no-official-km,1,0,C
吉林:X34,X34,,48.4,,no-official-km,1,0,C
吉林:X36,X36,,94.4,,no-official-km,2,1,C
吉林:X4,X4,,97.7,,broken-jump,1,0,C
吉林:X40,X40,,8.0,,no-official-km,1,0,C
吉林:X41,X41,,69.3,,no-official-km,1,0,C
吉林:X418,X418,,22.3,,no-official-km,1,0,C
吉林:X42,X42,,83.8,,no-official-km,2,1,C
吉林:X425,X425,,3.2,,no-official-km,1,0,C
吉林:X43,X43,,27.2,,no-official-km,1,0,C
吉林:X430,X430,,27.5,,no-official-km,4,3,C
吉林:X45,X45,,113.7,,no-official-km,2,1,C
吉林:X46,X46,,84.3,,no-official-km,2,1,C
吉林:X48,X48,,21.6,,no-official-km,1,0,C
吉林:X5,X5,,121.5,,no-official-km,5,4,C
吉林:X504,X504,,30.0,,no-official-km,1,0,C
吉林:X53,X53,,41.9,,no-official-km,2,1,C
吉林:X56,X56,,25.0,,no-official-km,1,0,C
吉林:X57,X57,,11.8,,no-official-km,1,0,C
吉林:X58,X58,,53.9,,broken-jump,1,0,C
吉林:X59,X59,,63.1,,no-official-km,2,1,C
吉林:X6,X6,,63.7,,no-official-km,1,0,C
吉林:X60,X60,,47.4,,broken-jump,1,0,C
吉林:X61,X61,,40.9,,no-official-km,1,0,C
吉林:X610,X610,,6.0,,no-official-km,1,0,C
吉林:X616,X616,,2.2,,no-official-km,1,0,C
吉林:X62,X62,,182.6,,broken-jump,3,2,C
吉林:X63,X63,,65.5,,broken-jump,1,0,C
吉林:X637,X637,,2.6,,no-official-km,1,0,C
吉林:X64,X64,,76.4,,no-official-km,2,1,C
吉林:X65,X65,,92.5,,no-official-km,1,0,C
吉林:X66,X66,,57.2,,no-official-km,1,0,C
吉林:X67,X67,,65.6,,broken-jump,1,0,C
吉林:X69,X69,,69.8,,no-official-km,1,0,C
吉林:X7,X7,,104.7,,broken-jump,7,6,C
吉林:X701,X701,,1.7,,no-official-km,1,0,C
吉林:X71,X71,,74.0,,no-official-km,1,0,C
吉林:X72,X72,,10.5,,no-official-km,2,1,C
吉林:X73,X73,,6.6,,no-official-km,1,0,C
吉林:X74,X74,,15.7,,broken-jump,1,0,C
吉林:X741,X741,,3.3,,no-official-km,1,0,C
吉林:X75,X75,,24.8,,broken-jump,1,0,C
吉林:X76,X76,,131.4,,no-official-km,3,2,C
吉林:X78,X78,,53.5,,no-official-km,2,1,C
吉林:X79,X79,,52.4,,no-official-km,2,1,C
吉林:X8,X8,,52.8,,no-official-km,1,0,C
吉林:X80,X80,,3.8,,no-official-km,2,1,C
吉林:X85,X85,,16.1,,no-official-km,1,0,C
吉林:X86,X86,,22.6,,no-official-km,1,0,C
吉林:X88,X88,,47.9,,no-official-km,2,1,C
吉林:X89,X89,,55.9,,no-official-km,1,0,C
吉林:X9,X9,,37.3,,broken-jump,1,0,C
吉林:X90,X90,,24.3,,no-official-km,2,1,C
吉林:X91,X91,,29.2,,no-official-km,1,0,C
吉林:X92,X92,,40.6,,no-official-km,1,0,C
吉林:X93,X93,,11.3,,no-official-km,1,0,C
吉林:X94,X94,,62.5,,no-official-km,2,1,C
吉林:X95,X95,,46.1,,no-official-km,1,0,C
江苏:X1,X1,,127.8,,no-official-km,15,14,C
江苏:X10,X10,,3.7,,no-official-km,1,0,C
江苏:X101,X101,,334.9,,no-official-km,42,41,C
江苏:X102,X102,,196.8,,broken-jump,23,22,C
江苏:X103,X103,,231.1,,no-official-km,26,25,C
江苏:X104,X104,,106.0,,no-official-km,11,10,C
江苏:X105,X105,,140.4,,broken-jump,19,18,C
江苏:X106,X106,,40.5,,no-official-km,7,6,C
江苏:X107,X107,,12.0,,no-official-km,3,2,C
江苏:X108,X108,,24.2,,no-official-km,2,1,C
江苏:X109,X109,,1.5,,no-official-km,1,0,C
江苏:X11,X11,,43.3,,no-official-km,2,1,C
江苏:X110,X110,,5.6,,no-official-km,1,0,C
江苏:X111,X111,,12.1,,no-official-km,1,0,C
江苏:X114,X114,,16.1,,no-official-km,4,3,C
江苏:X115,X115,,2.7,,no-official-km,1,0,C
江苏:X117,X117,,4.3,,no-official-km,1,0,C
江苏:X13,X13,,16.5,,broken-jump,2,1,C
江苏:X15,X15,,0.2,,no-official-km,2,1,C
江苏:X151,X151,,112.5,,no-official-km,9,8,C
江苏:X152,X152,,21.6,,no-official-km,2,1,C
江苏:X153,X153,,8.7,,no-official-km,3,2,C
江苏:X154,X154,,7.1,,no-official-km,1,0,C
江苏:X161,X161,,0.2,,no-official-km,1,0,C
江苏:X169,X169,,7.4,,no-official-km,1,0,C
江苏:X176,X176,,2.2,,no-official-km,2,1,C
江苏:X177,X177,,0.3,,no-official-km,1,0,C
江苏:X183,X183,,2.9,,no-official-km,1,0,C
江苏:X19,X19,,18.6,,no-official-km,1,0,C
江苏:X2,X2,,152.6,,no-official-km,21,20,C
江苏:X20,X20,,8.8,,no-official-km,2,1,C
江苏:X201,X201,,773.4,,broken-jump,75,74,C
江苏:X202,X202,,704.9,,broken-jump,65,64,C
江苏:X203,X203,,564.0,,broken-jump,66,65,C
江苏:X204,X204,,675.0,,broken-jump,65,64,C
江苏:X205,X205,,610.2,,broken-jump,65,64,C
江苏:X206,X206,,501.2,,no-official-km,55,54,C
江苏:X207,X207,,288.4,,no-official-km,28,27,C
江苏:X208,X208,,349.9,,no-official-km,43,42,C
江苏:X209,X209,,152.9,,broken-jump,22,21,C
江苏:X21,X21,,20.9,,no-official-km,2,1,C
江苏:X210,X210,,133.0,,no-official-km,10,9,C
江苏:X211,X211,,103.3,,no-official-km,15,14,C
江苏:X212,X212,,92.0,,no-official-km,10,9,C
江苏:X213,X213,,77.3,,broken-jump,9,8,C
江苏:X214,X214,,112.8,,broken-jump,14,13,C
江苏:X215,X215,,39.9,,broken-jump,5,4,C
江苏:X217,X217,,12.8,,no-official-km,1,0,C
江苏:X22,X22,,12.3,,no-official-km,2,1,C
江苏:X23,X23,,18.6,,no-official-km,1,0,C
江苏:X234,X234,,21.9,,no-official-km,1,0,C
江苏:X238,X238,,10.9,,broken-jump,1,0,C
江苏:X249,X249,,8.0,,no-official-km,1,0,C
江苏:X25,X25,,18.3,,broken-jump,2,1,C
江苏:X251,X251,,275.7,,broken-jump,31,30,C
江苏:X252,X252,,230.5,,no-official-km,31,30,C
江苏:X253,X253,,228.7,,broken-jump,23,22,C
江苏:X254,X254,,71.5,,no-official-km,10,9,C
江苏:X255,X255,,32.6,,no-official-km,4,3,C
江苏:X256,X256,,34.1,,no-official-km,6,5,C
江苏:X257,X257,,52.9,,no-official-km,7,6,C
江苏:X258,X258,,15.1,,no-official-km,7,6,C
江苏:X259,X259,,29.0,,no-official-km,7,6,C
江苏:X260,X260,,23.1,,no-official-km,5,4,C
江苏:X261,X261,,33.7,,no-official-km,6,5,C
江苏:X262,X262,,7.0,,no-official-km,3,2,C
江苏:X263,X263,,19.6,,no-official-km,1,0,C
江苏:X264,X264,,10.1,,no-official-km,2,1,C
江苏:X27,X27,,10.6,,no-official-km,1,0,C
江苏:X29,X29,,2.3,,no-official-km,1,0,C
江苏:X3,X3,,79.2,,no-official-km,3,2,C
江苏:X301,X301,,695.6,,broken-jump,59,58,C
江苏:X302,X302,,608.8,,broken-jump,68,67,C
江苏:X303,X303,,508.4,,no-official-km,60,59,C
江苏:X304,X304,,675.3,,no-official-km,56,55,C
江苏:X305,X305,,567.7,,broken-jump,53,52,C
江苏:X306,X306,,402.8,,no-official-km,50,49,C
江苏:X307,X307,,309.3,,no-official-km,32,31,C
江苏:X308,X308,,242.0,,no-official-km,32,31,C
江苏:X309,X309,,262.8,,no-official-km,18,17,C
江苏:X31,X31,,10.5,,no-official-km,2,1,C
江苏:X310,X310,,105.1,,no-official-km,14,13,C
江苏:X311,X311,,119.8,,broken-jump,10,9,C
江苏:X312,X312,,81.9,,no-official-km,9,8,C
江苏:X313,X313,,53.8,,no-official-km,5,4,C
江苏:X314,X314,,82.8,,no-official-km,10,9,C
江苏:X315,X315,,24.6,,no-official-km,6,5,C
江苏:X316,X316,,54.0,,no-official-km,11,10,C
江苏:X317,X317,,27.8,,no-official-km,5,4,C
江苏:X32,X32,,13.1,,no-official-km,2,1,C
江苏:X33,X33,,8.6,,no-official-km,3,2,C
江苏:X331,X331,,9.4,,no-official-km,1,0,C
江苏:X350,X350,,0.1,,no-official-km,1,0,C
江苏:X351,X351,,282.9,,no-official-km,37,36,C
江苏:X352,X352,,288.5,,broken-jump,29,28,C
江苏:X353,X353,,154.6,,no-official-km,21,20,C
江苏:X354,X354,,109.4,,broken-jump,15,14,C
江苏:X355,X355,,71.9,,broken-jump,14,13,C
江苏:X356,X356,,72.7,,broken-jump,9,8,C
江苏:X357,X357,,48.1,,broken-jump,9,8,C
江苏:X358,X358,,6.2,,broken-jump,2,1,C
江苏:X359,X359,,5.6,,broken-jump,1,0,C
江苏:X360,X360,,12.8,,no-official-km,1,0,C
江苏:X361,X361,,15.0,,no-official-km,2,1,C
江苏:X362,X362,,8.4,,no-official-km,2,1,C
江苏:X363,X363,,13.5,,no-official-km,3,2,C
江苏:X401,X401,,6.7,,no-official-km,1,0,C
江苏:X402,X402,,10.6,,broken-jump,1,0,C
江苏:X405,X405,,11.8,,no-official-km,1,0,C
江苏:X422,X422,,4.1,,no-official-km,1,0,C
江苏:X43,X43,,10.2,,no-official-km,1,0,C
江苏:X452,X452,,5.6,,no-official-km,1,0,C
江苏:X461,X461,,2.0,,no-official-km,2,1,C
江苏:X463,X463,,10.9,,no-official-km,3,2,C
江苏:X465,X465,,5.8,,no-official-km,1,0,C
江苏:X48,X48,,,,no-geometry,0,0,
江苏:X49,X49,,15.5,,no-official-km,1,0,C
江苏:X5,X5,,3.3,,no-official-km,1,0,C
江苏:X50,X50,,6.2,,no-official-km,1,0,C
江苏:X527,X527,,2.7,,no-official-km,1,0,C
江苏:X53,X53,,9.9,,no-official-km,2,1,C
江苏:X64,X64,,10.2,,no-official-km,1,0,C
江苏:X7,X7,,0.2,,no-official-km,1,0,C
江苏:X705,X705,,7.5,,broken-jump,1,0,C
江苏:X72,X72,,2.1,,no-official-km,1,0,C
江苏:X74,X74,,2.6,,no-official-km,1,0,C
江苏:X75,X75,,8.0,,no-official-km,1,0,C
江苏:X76,X76,,15.3,,no-official-km,1,0,C
江苏:X77,X77,,8.8,,no-official-km,1,0,C
江苏:X80,X80,,12.2,,no-official-km,1,0,C
江苏:X803,X803,,16.4,,no-official-km,2,1,C
江苏:X811,X811,,3.1,,no-official-km,1,0,C
江苏:X84,X84,,20.2,,no-official-km,1,0,C
江苏:X87,X87,,7.2,,no-official-km,1,0,C
江苏:X9,X9,,10.1,,broken-jump,1,0,C
江苏:X91,X91,,8.8,,no-official-km,1,0,C
江西:X1,X1,,42.6,,no-official-km,7,6,C
江西:X10,X10,,53.2,,no-official-km,6,5,C
江西:X100,X100,,16.3,,no-official-km,3,2,C
江西:X101,X101,,37.5,,no-official-km,2,1,C
江西:X102,X102,,60.2,,no-official-km,5,4,C
江西:X103,X103,,84.2,,no-official-km,5,4,C
江西:X104,X104,,28.2,,no-official-km,3,2,C
江西:X105,X105,,59.2,,no-official-km,5,4,C
江西:X106,X106,,15.7,,no-official-km,1,0,C
江西:X107,X107,,46.3,,no-official-km,3,2,C
江西:X108,X108,,90.9,,no-official-km,10,9,C
江西:X109,X109,,49.0,,no-official-km,2,1,C
江西:X11,X11,,23.2,,no-official-km,3,2,C
江西:X110,X110,,68.8,,no-official-km,2,1,C
江西:X111,X111,,56.1,,no-official-km,8,7,C
江西:X112,X112,,9.0,,no-official-km,1,0,C
江西:X113,X113,,29.1,,no-official-km,4,3,C
江西:X114,X114,,53.1,,no-official-km,2,1,C
江西:X115,X115,,44.4,,no-official-km,3,2,C
江西:X116,X116,,55.7,,no-official-km,2,1,C
江西:X118,X118,,35.2,,no-official-km,2,1,C
江西:X12,X12,,14.1,,no-official-km,2,1,C
江西:X121,X121,,16.3,,no-official-km,1,0,C
江西:X122,X122,,11.4,,no-official-km,2,1,C
江西:X123,X123,,11.7,,no-official-km,2,1,C
江西:X126,X126,,20.1,,no-official-km,2,1,C
江西:X128,X128,,11.2,,no-official-km,2,1,C
江西:X13,X13,,37.3,,no-official-km,5,4,C
江西:X130,X130,,2.1,,no-official-km,2,1,C
江西:X134,X134,,3.0,,no-official-km,1,0,C
江西:X136,X136,,7.3,,no-official-km,1,0,C
江西:X137,X137,,2.3,,no-official-km,1,0,C
江西:X138,X138,,8.7,,no-official-km,1,0,C
江西:X141,X141,,15.4,,no-official-km,1,0,C
江西:X145,X145,,11.4,,no-official-km,1,0,C
江西:X146,X146,,21.1,,no-official-km,1,0,C
江西:X15,X15,,41.7,,no-official-km,2,1,C
江西:X151,X151,,6.8,,no-official-km,1,0,C
江西:X153,X153,,9.7,,no-official-km,4,3,C
江西:X154,X154,,3.5,,no-official-km,1,0,C
江西:X156,X156,,1.6,,no-official-km,1,0,C
江西:X158,X158,,18.7,,no-official-km,3,2,C
江西:X16,X16,,14.3,,no-official-km,2,1,C
江西:X162,X162,,11.0,,no-official-km,2,1,C
江西:X163,X163,,11.6,,no-official-km,1,0,C
江西:X164,X164,,6.1,,no-official-km,2,1,C
江西:X166,X166,,4.1,,no-official-km,2,1,C
江西:X167,X167,,0.0,,no-official-km,1,0,C
江西:X17,X17,,32.4,,no-official-km,1,0,C
江西:X171,X171,,8.2,,no-official-km,2,1,C
江西:X178,X178,,13.2,,no-official-km,3,2,C
江西:X18,X18,,26.5,,no-official-km,3,2,C
江西:X181,X181,,3.0,,no-official-km,2,1,C
江西:X182,X182,,17.4,,no-official-km,2,1,C
江西:X186,X186,,5.8,,no-official-km,1,0,C
江西:X187,X187,,32.1,,no-official-km,1,0,C
江西:X19,X19,,16.2,,no-official-km,2,1,C
江西:X195,X195,,12.3,,no-official-km,1,0,C
江西:X198,X198,,13.4,,no-official-km,1,0,C
江西:X2,X2,,35.3,,no-official-km,4,3,C
江西:X20,X20,,31.5,,no-official-km,2,1,C
江西:X201,X201,,35.6,,no-official-km,4,3,C
江西:X202,X202,,42.6,,no-official-km,2,1,C
江西:X203,X203,,46.5,,no-official-km,2,1,C
江西:X204,X204,,9.1,,no-official-km,1,0,C
江西:X205,X205,,63.0,,no-official-km,2,1,C
江西:X208,X208,,39.8,,no-official-km,2,1,C
江西:X21,X21,,9.5,,no-official-km,1,0,C
江西:X211,X211,,32.7,,no-official-km,2,1,C
江西:X213,X213,,22.2,,no-official-km,1,0,C
江西:X214,X214,,1.2,,no-official-km,1,0,C
江西:X216,X216,,19.3,,no-official-km,2,1,C
江西:X219,X219,,48.2,,no-official-km,4,3,C
江西:X22,X22,,52.5,,no-official-km,8,7,C
江西:X220,X220,,8.4,,no-official-km,1,0,C
江西:X222,X222,,17.7,,no-official-km,1,0,C
江西:X223,X223,,15.0,,no-official-km,1,0,C
江西:X225,X225,,8.9,,no-official-km,1,0,C
江西:X226,X226,,71.3,,no-official-km,5,4,C
江西:X230,X230,,6.1,,no-official-km,2,1,C
江西:X24,X24,,142.9,,no-official-km,4,3,C
江西:X243,X243,,37.3,,no-official-km,3,2,C
江西:X244,X244,,4.1,,no-official-km,1,0,C
江西:X245,X245,,8.7,,no-official-km,1,0,C
江西:X25,X25,,51.1,,no-official-km,2,1,C
江西:X251,X251,,8.7,,no-official-km,2,1,C
江西:X252,X252,,12.8,,no-official-km,2,1,C
江西:X254,X254,,34.0,,no-official-km,3,2,C
江西:X255,X255,,22.1,,no-official-km,3,2,C
江西:X257,X257,,30.1,,no-official-km,4,3,C
江西:X258,X258,,10.6,,no-official-km,1,0,C
江西:X259,X259,,17.9,,no-official-km,1,0,C
江西:X26,X26,,15.7,,no-official-km,4,3,C
江西:X260,X260,,15.0,,no-official-km,1,0,C
江西:X262,X262,,7.2,,no-official-km,1,0,C
江西:X263,X263,,10.5,,no-official-km,1,0,C
江西:X264,X264,,4.7,,no-official-km,1,0,C
江西:X265,X265,,8.8,,no-official-km,1,0,C
江西:X266,X266,,21.6,,no-official-km,2,1,C
江西:X27,X27,,34.9,,no-official-km,3,2,C
江西:X272,X272,,20.0,,no-official-km,1,0,C
江西:X273,X273,,25.2,,no-official-km,1,0,C
江西:X274,X274,,22.2,,no-official-km,2,1,C
江西:X275,X275,,13.9,,no-official-km,1,0,C
江西:X277,X277,,16.7,,no-official-km,1,0,C
江西:X278,X278,,49.1,,no-official-km,2,1,C
江西:X28,X28,,23.1,,no-official-km,1,0,C
江西:X283,X283,,14.8,,no-official-km,1,0,C
江西:X29,X29,,12.7,,no-official-km,3,2,C
江西:X294,X294,,8.5,,no-official-km,1,0,C
江西:X298,X298,,5.2,,no-official-km,1,0,C
江西:X3,X3,,11.7,,no-official-km,1,0,C
江西:X30,X30,,0.1,,no-official-km,1,0,C
江西:X301,X301,,6.1,,no-official-km,1,0,C
江西:X302,X302,,24.3,,no-official-km,2,1,C
江西:X308,X308,,10.2,,no-official-km,4,3,C
江西:X31,X31,,21.6,,no-official-km,1,0,C
江西:X313,X313,,25.4,,no-official-km,3,2,C
江西:X314,X314,,6.8,,no-official-km,1,0,C
江西:X315,X315,,17.1,,no-official-km,2,1,C
江西:X317,X317,,5.4,,no-official-km,1,0,C
江西:X329,X329,,19.7,,no-official-km,2,1,C
江西:X33,X33,,38.5,,no-official-km,7,6,C
江西:X332,X332,,9.1,,no-official-km,4,3,C
江西:X337,X337,,1.5,,no-official-km,1,0,C
江西:X34,X34,,26.6,,no-official-km,2,1,C
江西:X343,X343,,5.2,,no-official-km,3,2,C
江西:X346,X346,,3.9,,no-official-km,1,0,C
江西:X35,X35,,16.9,,no-official-km,1,0,C
江西:X353,X353,,11.1,,no-official-km,1,0,C
江西:X355,X355,,31.9,,no-official-km,3,2,C
江西:X362,X362,,8.1,,no-official-km,1,0,C
江西:X363,X363,,45.9,,no-official-km,2,1,C
江西:X364,X364,,31.1,,no-official-km,2,1,C
江西:X367,X367,,9.6,,no-official-km,1,0,C
江西:X37,X37,,0.0,,no-official-km,1,0,C
江西:X373,X373,,7.9,,no-official-km,1,0,C
江西:X374,X374,,59.1,,no-official-km,2,1,C
江西:X375,X375,,9.3,,no-official-km,1,0,C
江西:X376,X376,,21.1,,no-official-km,1,0,C
江西:X38,X38,,10.4,,no-official-km,1,0,C
江西:X380,X380,,72.9,,no-official-km,4,3,C
江西:X381,X381,,48.2,,no-official-km,3,2,C
江西:X382,X382,,16.1,,no-official-km,2,1,C
江西:X384,X384,,14.9,,no-official-km,1,0,C
江西:X385,X385,,11.8,,no-official-km,1,0,C
江西:X386,X386,,32.5,,no-official-km,1,0,C
江西:X39,X39,,8.3,,no-official-km,1,0,C
江西:X391,X391,,18.5,,no-official-km,1,0,C
江西:X392,X392,,32.0,,no-official-km,1,0,C
江西:X396,X396,,9.2,,no-official-km,1,0,C
江西:X397,X397,,26.7,,no-official-km,1,0,C
江西:X398,X398,,10.9,,no-official-km,1,0,C
江西:X4,X4,,47.3,,no-official-km,4,3,C
江西:X40,X40,,9.6,,no-official-km,2,1,C
江西:X401,X401,,70.9,,no-official-km,5,4,C
江西:X402,X402,,7.4,,no-official-km,1,0,C
江西:X405,X405,,11.3,,no-official-km,1,0,C
江西:X406,X406,,6.0,,no-official-km,2,1,C
江西:X407,X407,,19.7,,no-official-km,2,1,C
江西:X408,X408,,2.4,,no-official-km,1,0,C
江西:X409,X409,,10.3,,no-official-km,1,0,C
江西:X41,X41,,54.3,,no-official-km,8,7,C
江西:X410,X410,,38.1,,no-official-km,2,1,C
江西:X412,X412,,14.4,,no-official-km,1,0,C
江西:X414,X414,,34.6,,no-official-km,2,1,C
江西:X415,X415,,24.3,,no-official-km,3,2,C
江西:X418,X418,,21.8,,no-official-km,1,0,C
江西:X419,X419,,2.6,,no-official-km,1,0,C
江西:X420,X420,,3.5,,no-official-km,1,0,C
江西:X421,X421,,53.3,,no-official-km,4,3,C
江西:X422,X422,,21.3,,no-official-km,1,0,C
江西:X423,X423,,30.6,,no-official-km,5,4,C
江西:X424,X424,,27.6,,no-official-km,1,0,C
江西:X427,X427,,2.4,,no-official-km,1,0,C
江西:X428,X428,,15.9,,no-official-km,1,0,C
江西:X429,X429,,17.2,,no-official-km,2,1,C
江西:X43,X43,,11.8,,no-official-km,1,0,C
江西:X430,X430,,4.9,,no-official-km,1,0,C
江西:X431,X431,,28.8,,no-official-km,1,0,C
江西:X432,X432,,2.9,,no-official-km,1,0,C
江西:X433,X433,,35.7,,no-official-km,1,0,C
江西:X439,X439,,27.2,,no-official-km,2,1,C
江西:X44,X44,,16.8,,no-official-km,2,1,C
江西:X441,X441,,3.2,,no-official-km,1,0,C
江西:X442,X442,,24.7,,no-official-km,3,2,C
江西:X45,X45,,18.9,,no-official-km,2,1,C
江西:X450,X450,,67.4,,no-official-km,1,0,C
江西:X454,X454,,21.5,,no-official-km,2,1,C
江西:X456,X456,,33.2,,no-official-km,2,1,C
江西:X457,X457,,31.1,,no-official-km,2,1,C
江西:X458,X458,,37.4,,no-official-km,4,3,C
江西:X459,X459,,35.2,,no-official-km,3,2,C
江西:X46,X46,,37.7,,no-official-km,2,1,C
江西:X460,X460,,20.4,,no-official-km,1,0,C
江西:X462,X462,,2.4,,no-official-km,1,0,C
江西:X463,X463,,21.5,,no-official-km,6,5,C
江西:X464,X464,,21.4,,no-official-km,1,0,C
江西:X466,X466,,7.0,,no-official-km,2,1,C
江西:X468,X468,,34.3,,no-official-km,2,1,C
江西:X47,X47,,33.3,,no-official-km,2,1,C
江西:X471,X471,,1.4,,no-official-km,1,0,C
江西:X472,X472,,50.6,,no-official-km,2,1,C
江西:X474,X474,,3.3,,no-official-km,1,0,C
江西:X476,X476,,21.2,,no-official-km,1,0,C
江西:X48,X48,,41.5,,no-official-km,3,2,C
江西:X484,X484,,1.4,,no-official-km,2,1,C
江西:X485,X485,,34.9,,no-official-km,2,1,C
江西:X49,X49,,21.7,,no-official-km,4,3,C
江西:X494,X494,,22.0,,no-official-km,2,1,C
江西:X496,X496,,35.5,,no-official-km,1,0,C
江西:X497,X497,,22.1,,no-official-km,1,0,C
江西:X498,X498,,19.7,,no-official-km,2,1,C
江西:X5,X5,,9.1,,no-official-km,1,0,C
江西:X50,X50,,31.3,,no-official-km,4,3,C
江西:X501,X501,,14.9,,no-official-km,1,0,C
江西:X502,X502,,29.0,,no-official-km,1,0,C
江西:X503,X503,,58.7,,no-official-km,6,5,C
江西:X504,X504,,7.6,,no-official-km,1,0,C
江西:X506,X506,,26.4,,no-official-km,3,2,C
江西:X507,X507,,48.6,,no-official-km,5,4,C
江西:X51,X51,,66.1,,no-official-km,5,4,C
江西:X511,X511,,28.9,,no-official-km,5,4,C
江西:X513,X513,,1.8,,no-official-km,1,0,C
江西:X514,X514,,4.4,,no-official-km,1,0,C
江西:X515,X515,,15.1,,no-official-km,2,1,C
江西:X516,X516,,43.5,,no-official-km,4,3,C
江西:X517,X517,,57.0,,no-official-km,1,0,C
江西:X519,X519,,22.3,,no-official-km,2,1,C
江西:X52,X52,,2.5,,no-official-km,2,1,C
江西:X522,X522,,18.8,,no-official-km,1,0,C
江西:X525,X525,,2.6,,no-official-km,1,0,C
江西:X527,X527,,23.1,,no-official-km,1,0,C
江西:X528,X528,,5.7,,no-official-km,1,0,C
江西:X529,X529,,14.1,,no-official-km,1,0,C
江西:X53,X53,,37.6,,no-official-km,3,2,C
江西:X535,X535,,20.1,,no-official-km,1,0,C
江西:X54,X54,,21.2,,no-official-km,1,0,C
江西:X541,X541,,54.4,,no-official-km,2,1,C
江西:X542,X542,,47.4,,no-official-km,5,4,C
江西:X548,X548,,17.9,,no-official-km,1,0,C
江西:X55,X55,,11.5,,no-official-km,2,1,C
江西:X552,X552,,12.0,,no-official-km,1,0,C
江西:X554,X554,,40.5,,no-official-km,1,0,C
江西:X558,X558,,23.2,,no-official-km,1,0,C
江西:X56,X56,,12.4,,no-official-km,1,0,C
江西:X561,X561,,25.1,,no-official-km,1,0,C
江西:X562,X562,,13.5,,no-official-km,1,0,C
江西:X563,X563,,13.1,,no-official-km,1,0,C
江西:X567,X567,,22.3,,no-official-km,1,0,C
江西:X57,X57,,44.7,,no-official-km,3,2,C
江西:X570,X570,,3.3,,no-official-km,1,0,C
江西:X571,X571,,12.2,,no-official-km,1,0,C
江西:X574,X574,,13.2,,no-official-km,1,0,C
江西:X576,X576,,3.0,,no-official-km,2,1,C
江西:X578,X578,,17.5,,no-official-km,2,1,C
江西:X58,X58,,28.0,,no-official-km,4,3,C
江西:X581,X581,,25.4,,no-official-km,3,2,C
江西:X585,X585,,19.2,,no-official-km,1,0,C
江西:X586,X586,,3.4,,no-official-km,1,0,C
江西:X587,X587,,1.1,,no-official-km,1,0,C
江西:X588,X588,,6.7,,no-official-km,1,0,C
江西:X59,X59,,33.3,,no-official-km,1,0,C
江西:X590,X590,,27.1,,no-official-km,1,0,C
江西:X593,X593,,6.9,,no-official-km,1,0,C
江西:X594,X594,,8.1,,no-official-km,1,0,C
江西:X595,X595,,27.3,,no-official-km,3,2,C
江西:X596,X596,,14.4,,no-official-km,1,0,C
江西:X6,X6,,52.5,,no-official-km,3,2,C
江西:X60,X60,,9.5,,no-official-km,1,0,C
江西:X604,X604,,6.1,,no-official-km,4,3,C
江西:X61,X61,,19.3,,no-official-km,1,0,C
江西:X610,X610,,29.2,,no-official-km,1,0,C
江西:X612,X612,,14.3,,no-official-km,1,0,C
江西:X614,X614,,5.4,,no-official-km,1,0,C
江西:X615,X615,,7.8,,no-official-km,1,0,C
江西:X618,X618,,14.6,,no-official-km,1,0,C
江西:X62,X62,,2.4,,no-official-km,1,0,C
江西:X622,X622,,10.1,,no-official-km,2,1,C
江西:X623,X623,,3.4,,no-official-km,1,0,C
江西:X624,X624,,8.3,,no-official-km,1,0,C
江西:X625,X625,,18.0,,no-official-km,3,2,C
江西:X626,X626,,17.5,,no-official-km,2,1,C
江西:X627,X627,,12.1,,no-official-km,1,0,C
江西:X628,X628,,41.0,,no-official-km,3,2,C
江西:X629,X629,,30.8,,no-official-km,2,1,C
江西:X63,X63,,26.0,,no-official-km,4,3,C
江西:X630,X630,,17.2,,no-official-km,2,1,C
江西:X632,X632,,13.2,,no-official-km,1,0,C
江西:X636,X636,,32.7,,no-official-km,1,0,C
江西:X638,X638,,2.1,,no-official-km,1,0,C
江西:X643,X643,,15.1,,no-official-km,1,0,C
江西:X644,X644,,38.7,,no-official-km,4,3,C
江西:X645,X645,,31.1,,no-official-km,3,2,C
江西:X65,X65,,64.9,,no-official-km,4,3,C
江西:X651,X651,,14.9,,no-official-km,2,1,C
江西:X652,X652,,21.8,,no-official-km,2,1,C
江西:X653,X653,,7.5,,no-official-km,1,0,C
江西:X654,X654,,18.4,,no-official-km,2,1,C
江西:X655,X655,,4.7,,no-official-km,1,0,C
江西:X658,X658,,25.5,,no-official-km,1,0,C
江西:X659,X659,,13.5,,no-official-km,1,0,C
江西:X662,X662,,10.0,,no-official-km,1,0,C
江西:X663,X663,,20.2,,no-official-km,1,0,C
江西:X665,X665,,40.5,,no-official-km,1,0,C
江西:X666,X666,,9.4,,no-official-km,1,0,C
江西:X667,X667,,11.6,,no-official-km,1,0,C
江西:X67,X67,,60.1,,no-official-km,4,3,C
江西:X672,X672,,10.2,,no-official-km,1,0,C
江西:X674,X674,,12.3,,no-official-km,1,0,C
江西:X675,X675,,11.5,,no-official-km,1,0,C
江西:X678,X678,,9.9,,no-official-km,1,0,C
江西:X68,X68,,12.2,,no-official-km,1,0,C
江西:X682,X682,,13.1,,no-official-km,1,0,C
江西:X687,X687,,21.7,,no-official-km,1,0,C
江西:X692,X692,,63.0,,no-official-km,2,1,C
江西:X693,X693,,61.1,,no-official-km,3,2,C
江西:X697,X697,,18.7,,no-official-km,1,0,C
江西:X698,X698,,12.5,,no-official-km,1,0,C
江西:X7,X7,,52.0,,no-official-km,5,4,C
江西:X70,X70,,6.7,,no-official-km,2,1,C
江西:X700,X700,,40.2,,no-official-km,1,0,C
江西:X701,X701,,10.7,,no-official-km,1,0,C
江西:X704,X704,,17.7,,no-official-km,2,1,C
江西:X705,X705,,33.6,,no-official-km,2,1,C
江西:X706,X706,,30.3,,no-official-km,1,0,C
江西:X707,X707,,0.8,,no-official-km,1,0,C
江西:X709,X709,,78.1,,no-official-km,4,3,C
江西:X71,X71,,10.6,,no-official-km,2,1,C
江西:X711,X711,,19.8,,no-official-km,2,1,C
江西:X713,X713,,24.0,,no-official-km,2,1,C
江西:X715,X715,,21.5,,no-official-km,1,0,C
江西:X716,X716,,48.5,,no-official-km,2,1,C
江西:X718,X718,,45.1,,no-official-km,2,1,C
江西:X72,X72,,14.5,,no-official-km,2,1,C
江西:X721,X721,,3.3,,no-official-km,1,0,C
江西:X723,X723,,16.1,,no-official-km,1,0,C
江西:X727,X727,,4.3,,no-official-km,1,0,C
江西:X728,X728,,4.2,,no-official-km,1,0,C
江西:X729,X729,,11.8,,no-official-km,1,0,C
江西:X73,X73,,7.3,,no-official-km,1,0,C
江西:X74,X74,,28.4,,no-official-km,1,0,C
江西:X741,X741,,19.3,,no-official-km,3,2,C
江西:X745,X745,,0.1,,no-official-km,1,0,C
江西:X746,X746,,4.7,,no-official-km,1,0,C
江西:X747,X747,,15.3,,no-official-km,1,0,C
江西:X749,X749,,4.9,,no-official-km,1,0,C
江西:X75,X75,,12.5,,no-official-km,1,0,C
江西:X750,X750,,17.6,,no-official-km,1,0,C
江西:X753,X753,,0.2,,no-official-km,1,0,C
江西:X754,X754,,2.6,,no-official-km,1,0,C
江西:X756,X756,,17.8,,no-official-km,1,0,C
江西:X76,X76,,0.3,,no-official-km,1,0,C
江西:X760,X760,,16.4,,no-official-km,1,0,C
江西:X761,X761,,4.4,,no-official-km,1,0,C
江西:X762,X762,,39.4,,no-official-km,3,2,C
江西:X763,X763,,16.8,,no-official-km,1,0,C
江西:X765,X765,,8.2,,no-official-km,1,0,C
江西:X766,X766,,2.9,,no-official-km,2,1,C
江西:X767,X767,,24.9,,no-official-km,1,0,C
江西:X768,X768,,13.8,,no-official-km,1,0,C
江西:X77,X77,,47.7,,no-official-km,2,1,C
江西:X770,X770,,17.3,,no-official-km,1,0,C
江西:X771,X771,,18.8,,no-official-km,3,2,C
江西:X774,X774,,6.6,,no-official-km,3,2,C
江西:X777,X777,,12.8,,no-official-km,2,1,C
江西:X784,X784,,36.3,,no-official-km,1,0,C
江西:X785,X785,,28.2,,no-official-km,2,1,C
江西:X79,X79,,26.1,,no-official-km,1,0,C
江西:X790,X790,,11.4,,no-official-km,1,0,C
江西:X791,X791,,32.8,,no-official-km,1,0,C
江西:X792,X792,,30.5,,no-official-km,1,0,C
江西:X793,X793,,26.2,,no-official-km,1,0,C
江西:X794,X794,,18.8,,no-official-km,2,1,C
江西:X795,X795,,20.9,,no-official-km,1,0,C
江西:X796,X796,,16.8,,no-official-km,1,0,C
江西:X798,X798,,3.2,,no-official-km,1,0,C
江西:X8,X8,,22.0,,no-official-km,3,2,C
江西:X800,X800,,27.0,,no-official-km,4,3,C
江西:X801,X801,,66.1,,no-official-km,6,5,C
江西:X802,X802,,70.8,,no-official-km,6,5,C
江西:X803,X803,,55.4,,no-official-km,6,5,C
江西:X804,X804,,26.2,,no-official-km,3,2,C
江西:X805,X805,,119.8,,no-official-km,7,6,C
江西:X806,X806,,86.6,,no-official-km,6,5,C
江西:X807,X807,,53.3,,no-official-km,5,4,C
江西:X808,X808,,72.7,,no-official-km,5,4,C
江西:X809,X809,,28.1,,no-official-km,3,2,C
江西:X810,X810,,93.5,,no-official-km,3,2,C
江西:X811,X811,,113.2,,no-official-km,7,6,C
江西:X812,X812,,21.2,,no-official-km,1,0,C
江西:X813,X813,,3.1,,no-official-km,1,0,C
江西:X814,X814,,45.8,,no-official-km,5,4,C
江西:X815,X815,,6.2,,no-official-km,1,0,C
江西:X816,X816,,35.1,,no-official-km,4,3,C
江西:X817,X817,,20.4,,no-official-km,2,1,C
江西:X818,X818,,13.5,,no-official-km,1,0,C
江西:X819,X819,,13.4,,no-official-km,1,0,C
江西:X820,X820,,38.9,,no-official-km,3,2,C
江西:X821,X821,,24.9,,no-official-km,2,1,C
江西:X822,X822,,5.0,,no-official-km,1,0,C
江西:X824,X824,,74.6,,no-official-km,2,1,C
江西:X825,X825,,26.2,,no-official-km,1,0,C
江西:X827,X827,,30.2,,no-official-km,1,0,C
江西:X829,X829,,17.3,,no-official-km,1,0,C
江西:X832,X832,,4.0,,no-official-km,1,0,C
江西:X835,X835,,21.5,,no-official-km,1,0,C
江西:X836,X836,,43.0,,no-official-km,1,0,C
江西:X838,X838,,2.2,,no-official-km,1,0,C
江西:X839,X839,,10.4,,no-official-km,1,0,C
江西:X842,X842,,72.5,,no-official-km,2,1,C
江西:X845,X845,,32.0,,no-official-km,1,0,C
江西:X846,X846,,21.0,,no-official-km,2,1,C
江西:X849,X849,,4.8,,no-official-km,1,0,C
江西:X851,X851,,11.3,,broken-jump,1,0,C
江西:X854,X854,,18.3,,no-official-km,1,0,C
江西:X855,X855,,24.0,,no-official-km,1,0,C
江西:X856,X856,,6.6,,no-official-km,1,0,C
江西:X858,X858,,21.5,,no-official-km,1,0,C
江西:X859,X859,,20.2,,no-official-km,1,0,C
江西:X86,X86,,12.0,,no-official-km,1,0,C
江西:X864,X864,,,,no-geometry,0,0,
江西:X869,X869,,2.8,,no-official-km,1,0,C
江西:X876,X876,,13.0,,no-official-km,1,0,C
江西:X88,X88,,13.3,,no-official-km,1,0,C
江西:X880,X880,,16.4,,no-official-km,3,2,C
江西:X882,X882,,39.1,,no-official-km,1,0,C
江西:X884,X884,,41.4,,no-official-km,1,0,C
江西:X886,X886,,37.2,,no-official-km,3,2,C
江西:X89,X89,,9.3,,no-official-km,2,1,C
江西:X893,X893,,5.3,,no-official-km,1,0,C
江西:X894,X894,,21.1,,no-official-km,1,0,C
江西:X895,X895,,8.5,,no-official-km,1,0,C
江西:X896,X896,,103.1,,no-official-km,3,2,C
江西:X898,X898,,6.5,,no-official-km,1,0,C
江西:X899,X899,,13.6,,no-official-km,1,0,C
江西:X9,X9,,43.2,,no-official-km,5,4,C
江西:X90,X90,,16.3,,no-official-km,2,1,C
江西:X904,X904,,8.2,,no-official-km,1,0,C
江西:X906,X906,,49.9,,no-official-km,2,1,C
江西:X907,X907,,2.8,,no-official-km,1,0,C
江西:X908,X908,,8.7,,no-official-km,1,0,C
江西:X91,X91,,41.4,,no-official-km,1,0,C
江西:X912,X912,,15.3,,no-official-km,1,0,C
江西:X913,X913,,50.9,,no-official-km,3,2,C
江西:X914,X914,,55.7,,no-official-km,2,1,C
江西:X916,X916,,15.2,,no-official-km,1,0,C
江西:X918,X918,,11.2,,no-official-km,2,1,C
江西:X919,X919,,13.3,,no-official-km,1,0,C
江西:X92,X92,,44.5,,no-official-km,5,4,C
江西:X922,X922,,29.3,,no-official-km,2,1,C
江西:X925,X925,,7.7,,no-official-km,1,0,C
江西:X926,X926,,16.1,,no-official-km,2,1,C
江西:X930,X930,,60.3,,no-official-km,4,3,C
江西:X936,X936,,18.1,,no-official-km,1,0,C
江西:X942,X942,,6.8,,no-official-km,3,2,C
江西:X943,X943,,19.0,,no-official-km,2,1,C
江西:X944,X944,,15.7,,no-official-km,1,0,C
江西:X945,X945,,7.6,,no-official-km,1,0,C
江西:X947,X947,,4.3,,no-official-km,1,0,C
江西:X948,X948,,11.8,,no-official-km,1,0,C
江西:X95,X95,,19.4,,no-official-km,1,0,C
江西:X950,X950,,18.9,,no-official-km,1,0,C
江西:X951,X951,,11.2,,no-official-km,3,2,C
江西:X953,X953,,30.5,,no-official-km,1,0,C
江西:X954,X954,,,,no-geometry,0,0,
江西:X959,X959,,5.5,,no-official-km,1,0,C
江西:X96,X96,,8.6,,no-official-km,1,0,C
江西:X960,X960,,20.6,,no-official-km,1,0,C
江西:X961,X961,,11.1,,no-official-km,1,0,C
江西:X962,X962,,30.7,,no-official-km,2,1,C
江西:X965,X965,,15.9,,no-official-km,2,1,C
江西:X966,X966,,3.1,,no-official-km,1,0,C
江西:X970,X970,,18.8,,no-official-km,1,0,C
江西:X971,X971,,22.0,,no-official-km,1,0,C
江西:X973,X973,,11.3,,no-official-km,2,1,C
江西:X976,X976,,12.9,,no-official-km,1,0,C
江西:X979,X979,,3.2,,no-official-km,1,0,C
江西:X98,X98,,12.7,,no-official-km,1,0,C
江西:X99,X99,,6.2,,no-official-km,1,0,C
辽宁:X11,X11,,34.1,,no-official-km,2,1,C
辽宁:X111,X111,,6.6,,no-official-km,1,0,C
辽宁:X115,X115,,18.4,,no-official-km,1,0,C
辽宁:X126,X126,,8.1,,no-official-km,1,0,C
辽宁:X15,X15,,30.6,,no-official-km,2,1,C
辽宁:X151,X151,,8.9,,no-official-km,1,0,C
辽宁:X18,X18,,13.0,,no-official-km,1,0,C
辽宁:X201,X201,,13.4,,no-official-km,2,1,C
辽宁:X202,X202,,2.2,,no-official-km,1,0,C
辽宁:X203,X203,,59.4,,no-official-km,1,0,C
辽宁:X204,X204,,23.0,,no-official-km,1,0,C
辽宁:X205,X205,,11.1,,no-official-km,1,0,C
辽宁:X206,X206,,15.2,,no-official-km,1,0,C
辽宁:X207,X207,,22.8,,no-official-km,2,1,C
辽宁:X208,X208,,0.4,,no-official-km,1,0,C
辽宁:X21,X21,,19.5,,no-official-km,1,0,C
辽宁:X214,X214,,18.5,,no-official-km,1,0,C
辽宁:X229,X229,,18.1,,no-official-km,1,0,C
辽宁:X230,X230,,18.4,,no-official-km,1,0,C
辽宁:X27,X27,,90.2,,no-official-km,2,1,C
辽宁:X276,X276,,23.3,,no-official-km,1,0,C
辽宁:X281,X281,,31.9,,no-official-km,1,0,C
辽宁:X284,X284,,5.6,,no-official-km,1,0,C
辽宁:X285,X285,,14.9,,no-official-km,1,0,C
辽宁:X286,X286,,7.7,,no-official-km,2,1,C
辽宁:X294,X294,,3.7,,no-official-km,1,0,C
辽宁:X3,X3,,18.1,,no-official-km,1,0,C
辽宁:X321,X321,,13.0,,no-official-km,1,0,C
辽宁:X34,X34,,41.2,,no-official-km,1,0,C
辽宁:X35,X35,,56.0,,no-official-km,2,1,C
辽宁:X37,X37,,29.6,,no-official-km,1,0,C
辽宁:X39,X39,,64.8,,no-official-km,2,1,C
辽宁:X404,X404,,20.5,,no-official-km,1,0,C
辽宁:X418,X418,,22.3,,no-official-km,1,0,C
辽宁:X433,X433,,14.1,,no-official-km,1,0,C
辽宁:X464,X464,,12.8,,no-official-km,1,0,C
辽宁:X49,X49,,18.8,,no-official-km,1,0,C
辽宁:X50,X50,,36.1,,no-official-km,3,2,C
辽宁:X502,X502,,23.3,,no-official-km,2,1,C
辽宁:X503,X503,,21.4,,no-official-km,1,0,C
辽宁:X504,X504,,71.7,,no-official-km,2,1,C
辽宁:X505,X505,,11.9,,no-official-km,2,1,C
辽宁:X506,X506,,6.2,,no-official-km,1,0,C
辽宁:X507,X507,,16.0,,no-official-km,1,0,C
辽宁:X512,X512,,34.7,,no-official-km,2,1,C
辽宁:X513,X513,,7.4,,no-official-km,1,0,C
辽宁:X516,X516,,22.4,,no-official-km,2,1,C
辽宁:X52,X52,,54.0,,no-official-km,1,0,C
辽宁:X53,X53,,5.9,,no-official-km,1,0,C
辽宁:X56,X56,,6.4,,no-official-km,3,2,C
辽宁:X567,X567,,20.2,,no-official-km,1,0,C
辽宁:X57,X57,,11.8,,no-official-km,1,0,C
辽宁:X59,X59,,5.9,,no-official-km,2,1,C
辽宁:X610,X610,,63.0,,no-official-km,1,0,C
辽宁:X614,X614,,19.1,,no-official-km,1,0,C
辽宁:X615,X615,,47.2,,no-official-km,2,1,C
辽宁:X616,X616,,41.5,,no-official-km,2,1,C
辽宁:X627,X627,,50.4,,no-official-km,1,0,C
辽宁:X629,X629,,20.5,,no-official-km,3,2,C
辽宁:X63,X63,,4.8,,no-official-km,1,0,C
辽宁:X635,X635,,9.1,,no-official-km,1,0,C
辽宁:X66,X66,,0.5,,no-official-km,1,0,C
辽宁:X681,X681,,15.7,,no-official-km,1,0,C
辽宁:X682,X682,,16.5,,no-official-km,1,0,C
辽宁:X684,X684,,8.9,,no-official-km,1,0,C
辽宁:X701,X701,,9.9,,no-official-km,2,1,C
辽宁:X702,X702,,14.1,,no-official-km,1,0,C
辽宁:X703,X703,,40.7,,no-official-km,2,1,C
辽宁:X704,X704,,24.8,,no-official-km,1,0,C
辽宁:X705,X705,,13.1,,no-official-km,1,0,C
辽宁:X706,X706,,21.6,,no-official-km,1,0,C
辽宁:X707,X707,,8.7,,no-official-km,1,0,C
辽宁:X708,X708,,18.7,,broken-jump,2,1,C
辽宁:X710,X710,,61.6,,no-official-km,1,0,C
辽宁:X711,X711,,47.6,,no-official-km,2,1,C
辽宁:X712,X712,,27.1,,no-official-km,1,0,C
辽宁:X713,X713,,19.0,,no-official-km,1,0,C
辽宁:X714,X714,,4.4,,no-official-km,1,0,C
辽宁:X716,X716,,8.2,,no-official-km,1,0,C
辽宁:X717,X717,,22.0,,no-official-km,2,1,C
辽宁:X718,X718,,32.6,,no-official-km,1,0,C
辽宁:X719,X719,,12.9,,no-official-km,1,0,C
辽宁:X720,X720,,18.1,,no-official-km,1,0,C
辽宁:X721,X721,,24.1,,no-official-km,2,1,C
辽宁:X722,X722,,29.8,,no-official-km,1,0,C
辽宁:X723,X723,,56.3,,no-official-km,1,0,C
辽宁:X724,X724,,16.6,,no-official-km,1,0,C
辽宁:X725,X725,,16.5,,no-official-km,1,0,C
辽宁:X728,X728,,27.2,,no-official-km,1,0,C
辽宁:X749,X749,,6.2,,no-official-km,1,0,C
辽宁:X802,X802,,22.2,,broken-jump,1,0,C
辽宁:X807,X807,,27.5,,no-official-km,1,0,C
辽宁:X810,X810,,2.6,,no-official-km,1,0,C
辽宁:X824,X824,,13.0,,broken-jump,1,0,C
辽宁:X9,X9,,26.3,,no-official-km,2,1,C
辽宁:X910,X910,,22.8,,no-official-km,1,0,C
辽宁:X911,X911,,40.9,,no-official-km,1,0,C
辽宁:X913,X913,,69.7,,no-official-km,1,0,C
辽宁:X914,X914,,71.9,,broken-jump,2,1,C
辽宁:X917,X917,,30.0,,no-official-km,1,0,C
辽宁:X918,X918,,70.7,,no-official-km,2,1,C
辽宁:X924,X924,,14.1,,no-official-km,1,0,C
内蒙古:X10,X10,,18.2,,no-official-km,1,0,C
内蒙古:X102,X102,,48.1,,broken-jump,2,1,C
内蒙古:X103,X103,,15.8,,no-official-km,1,0,C
内蒙古:X106,X106,,32.7,,broken-jump,3,2,C
内蒙古:X14,X14,,59.6,,no-official-km,3,2,C
内蒙古:X15,X15,,73.1,,no-official-km,1,0,C
内蒙古:X150,X150,,9.1,,no-official-km,2,1,C
内蒙古:X158,X158,,26.7,,no-official-km,1,0,C
内蒙古:X16,X16,,20.3,,no-official-km,1,0,C
内蒙古:X164,X164,,24.1,,no-official-km,6,5,C
内蒙古:X165,X165,,9.4,,no-official-km,1,0,C
内蒙古:X173,X173,,4.5,,no-official-km,1,0,C
内蒙古:X205,X205,,16.1,,no-official-km,1,0,C
内蒙古:X210,X210,,13.0,,no-official-km,2,1,C
内蒙古:X219,X219,,54.8,,no-official-km,1,0,C
内蒙古:X22,X22,,14.2,,broken-jump,2,1,C
内蒙古:X23,X23,,53.4,,no-official-km,5,4,C
内蒙古:X230,X230,,53.8,,no-official-km,1,0,C
内蒙古:X233,X233,,6.1,,no-official-km,1,0,C
内蒙古:X239,X239,,26.3,,no-official-km,1,0,C
内蒙古:X24,X24,,13.5,,no-official-km,2,1,C
内蒙古:X242,X242,,46.7,,no-official-km,1,0,C
内蒙古:X25,X25,,19.4,,no-official-km,2,1,C
内蒙古:X26,X26,,17.5,,no-official-km,1,0,C
内蒙古:X27,X27,,7.0,,no-official-km,1,0,C
内蒙古:X29,X29,,10.6,,no-official-km,1,0,C
内蒙古:X302,X302,,41.9,,no-official-km,2,1,C
内蒙古:X306,X306,,5.4,,no-official-km,1,0,C
内蒙古:X311,X311,,10.6,,no-official-km,1,0,C
内蒙古:X312,X312,,83.8,,no-official-km,2,1,C
内蒙古:X313,X313,,9.4,,no-official-km,1,0,C
内蒙古:X315,X315,,97.5,,no-official-km,1,0,C
内蒙古:X319,X319,,27.3,,no-official-km,1,0,C
内蒙古:X325,X325,,95.8,,no-official-km,1,0,C
内蒙古:X328,X328,,5.3,,no-official-km,1,0,C
内蒙古:X33,X33,,26.9,,no-official-km,3,2,C
内蒙古:X335,X335,,24.2,,no-official-km,1,0,C
内蒙古:X35,X35,,3.7,,no-official-km,1,0,C
内蒙古:X4,X4,,17.8,,no-official-km,2,1,C
内蒙古:X401,X401,,158.2,,no-official-km,4,3,C
内蒙古:X408,X408,,27.4,,no-official-km,2,1,C
内蒙古:X409,X409,,22.3,,no-official-km,1,0,C
内蒙古:X411,X411,,28.9,,no-official-km,1,0,C
内蒙古:X413,X413,,26.7,,no-official-km,2,1,C
内蒙古:X417,X417,,53.1,,no-official-km,2,1,C
内蒙古:X421,X421,,78.9,,broken-jump,3,2,C
内蒙古:X425,X425,,43.2,,no-official-km,5,4,C
内蒙古:X430,X430,,37.9,,no-official-km,2,1,C
内蒙古:X435,X435,,0.9,,no-official-km,2,1,C
内蒙古:X451,X451,,36.3,,no-official-km,1,0,C
内蒙古:X452,X452,,23.4,,no-official-km,1,0,C
内蒙古:X454,X454,,49.0,,broken-jump,2,1,C
内蒙古:X457,X457,,0.3,,no-official-km,1,0,C
内蒙古:X462,X462,,30.2,,no-official-km,1,0,C
内蒙古:X463,X463,,23.3,,no-official-km,1,0,C
内蒙古:X464,X464,,111.3,,broken-jump,1,0,C
内蒙古:X466,X466,,39.2,,broken-jump,2,1,C
内蒙古:X467,X467,,7.1,,broken-jump,1,0,C
内蒙古:X468,X468,,30.4,,no-official-km,1,0,C
内蒙古:X5,X5,,17.2,,no-official-km,2,1,C
内蒙古:X501,X501,,25.2,,broken-jump,1,0,C
内蒙古:X502,X502,,75.3,,broken-jump,1,0,C
内蒙古:X503,X503,,71.2,,no-official-km,3,2,C
内蒙古:X505,X505,,17.5,,broken-jump,1,0,C
内蒙古:X506,X506,,24.3,,no-official-km,2,1,C
内蒙古:X507,X507,,17.5,,no-official-km,1,0,C
内蒙古:X509,X509,,77.0,,no-official-km,1,0,C
内蒙古:X510,X510,,61.4,,broken-jump,2,1,C
内蒙古:X511,X511,,121.5,,no-official-km,4,3,C
内蒙古:X553,X553,,44.8,,no-official-km,1,0,C
内蒙古:X556,X556,,88.7,,no-official-km,3,2,C
内蒙古:X557,X557,,53.5,,no-official-km,1,0,C
内蒙古:X558,X558,,51.8,,no-official-km,2,1,C
内蒙古:X559,X559,,43.0,,no-official-km,2,1,C
内蒙古:X560,X560,,117.4,,no-official-km,5,4,C
内蒙古:X563,X563,,33.1,,no-official-km,1,0,C
内蒙古:X565,X565,,31.3,,no-official-km,4,3,C
内蒙古:X566,X566,,65.0,,no-official-km,1,0,C
内蒙古:X568,X568,,13.4,,no-official-km,1,0,C
内蒙古:X569,X569,,97.0,,no-official-km,2,1,C
内蒙古:X57,X57,,3.6,,no-official-km,1,0,C
内蒙古:X570,X570,,80.0,,no-official-km,1,0,C
内蒙古:X574,X574,,48.1,,no-official-km,2,1,C
内蒙古:X576,X576,,17.2,,no-official-km,1,0,C
内蒙古:X578,X578,,21.7,,no-official-km,1,0,C
内蒙古:X581,X581,,19.9,,no-official-km,1,0,C
内蒙古:X583,X583,,101.0,,no-official-km,3,2,C
内蒙古:X601,X601,,1.0,,no-official-km,1,0,C
内蒙古:X602,X602,,95.1,,no-official-km,3,2,C
内蒙古:X606,X606,,7.2,,no-official-km,1,0,C
内蒙古:X608,X608,,15.0,,no-official-km,1,0,C
内蒙古:X61,X61,,41.0,,no-official-km,2,1,C
内蒙古:X611,X611,,13.5,,no-official-km,1,0,C
内蒙古:X612,X612,,21.2,,no-official-km,1,0,C
内蒙古:X613,X613,,85.2,,no-official-km,2,1,C
内蒙古:X614,X614,,33.6,,no-official-km,1,0,C
内蒙古:X615,X615,,58.1,,broken-jump,1,0,C
内蒙古:X618,X618,,310.0,,broken-jump,6,5,C
内蒙古:X619,X619,,2.3,,no-official-km,1,0,C
内蒙古:X62,X62,,12.9,,no-official-km,1,0,C
内蒙古:X620,X620,,30.6,,no-official-km,2,1,C
内蒙古:X621,X621,,66.3,,no-official-km,1,0,C
内蒙古:X623,X623,,66.7,,no-official-km,2,1,C
内蒙古:X624,X624,,93.4,,broken-jump,2,1,C
内蒙古:X626,X626,,14.8,,no-official-km,1,0,C
内蒙古:X628,X628,,106.3,,broken-jump,2,1,C
内蒙古:X629,X629,,21.7,,no-official-km,1,0,C
内蒙古:X63,X63,,54.3,,broken-jump,2,1,C
内蒙古:X635,X635,,17.0,,no-official-km,1,0,C
内蒙古:X637,X637,,34.6,,no-official-km,1,0,C
内蒙古:X64,X64,,55.1,,no-official-km,1,0,C
内蒙古:X65,X65,,34.6,,no-official-km,2,1,C
内蒙古:X66,X66,,21.2,,no-official-km,1,0,C
内蒙古:X662,X662,,30.7,,no-official-km,2,1,C
内蒙古:X67,X67,,44.0,,no-official-km,3,2,C
内蒙古:X703,X703,,13.1,,broken-jump,1,0,C
内蒙古:X705,X705,,24.1,,no-official-km,1,0,C
内蒙古:X71,X71,,7.6,,no-official-km,1,0,C
内蒙古:X710,X710,,76.0,,broken-jump,2,1,C
内蒙古:X711,X711,,21.0,,no-official-km,1,0,C
内蒙古:X717,X717,,57.7,,no-official-km,4,3,C
内蒙古:X723,X723,,45.4,,broken-jump,2,1,C
内蒙古:X74,X74,,15.7,,broken-jump,1,0,C
内蒙古:X759,X759,,76.4,,no-official-km,2,1,C
内蒙古:X76,X76,,24.3,,no-official-km,4,3,C
内蒙古:X766,X766,,13.6,,no-official-km,1,0,C
内蒙古:X77,X77,,15.7,,no-official-km,1,0,C
内蒙古:X791,X791,,33.0,,no-official-km,1,0,C
内蒙古:X8,X8,,8.5,,no-official-km,2,1,C
内蒙古:X80,X80,,45.3,,no-official-km,5,4,C
内蒙古:X86,X86,,20.0,,no-official-km,1,0,C
内蒙古:X89,X89,,83.4,,no-official-km,3,2,C
内蒙古:X90,X90,,62.4,,no-official-km,1,0,C
内蒙古:X901,X901,,89.3,,no-official-km,1,0,C
内蒙古:X906,X906,,47.9,,broken-jump,2,1,C
内蒙古:X91,X91,,14.4,,no-official-km,2,1,C
内蒙古:X910,X910,,53.6,,broken-jump,1,0,C
内蒙古:X913,X913,,26.3,,no-official-km,1,0,C
内蒙古:X914,X914,,19.8,,broken-jump,1,0,C
内蒙古:X918,X918,,27.2,,no-official-km,1,0,C
内蒙古:X919,X919,,120.8,,no-official-km,1,0,C
内蒙古:X92,X92,,61.8,,broken-jump,2,1,C
内蒙古:X920,X920,,13.3,,no-official-km,1,0,C
内蒙古:X921,X921,,99.9,,broken-jump,1,0,C
内蒙古:X922,X922,,44.5,,no-official-km,1,0,C
内蒙古:X923,X923,,117.7,,broken-jump,2,1,C
内蒙古:X926,X926,,13.0,,broken-jump,1,0,C
内蒙古:X927,X927,,6.9,,no-official-km,1,0,C
内蒙古:X93,X93,,3.5,,no-official-km,1,0,C
内蒙古:X931,X931,,73.9,,broken-jump,1,0,C
内蒙古:X934,X934,,137.1,,no-official-km,2,1,C
内蒙古:X943,X943,,6.0,,no-official-km,1,0,C
内蒙古:X99,X99,,5.4,,no-official-km,1,0,C
宁夏:X102,X102,,30.4,,no-official-km,4,3,C
宁夏:X12,X12,,9.4,,no-official-km,1,0,C
宁夏:X203,X203,,12.1,,no-official-km,1,0,C
宁夏:X226,X226,,18.8,,no-official-km,1,0,C
宁夏:X307,X307,,28.7,,no-official-km,2,1,C
宁夏:X312,X312,,10.6,,no-official-km,1,0,C
宁夏:X316,X316,,26.6,,no-official-km,1,0,C
宁夏:X333,X333,,42.9,,no-official-km,2,1,C
宁夏:X381,X381,,15.3,,no-official-km,1,0,C
宁夏:X4,X4,,18.1,,no-official-km,1,0,C
宁夏:X407,X407,,90.1,,no-official-km,2,1,C
宁夏:X415,X415,,12.1,,no-official-km,1,0,C
宁夏:X421,X421,,3.5,,no-official-km,1,0,C
宁夏:X55,X55,,8.6,,no-official-km,1,0,C
青海:X121,X121,,22.0,,no-official-km,2,1,C
青海:X212,X212,,15.4,,broken-jump,2,1,C
青海:X243,X243,,19.6,,no-official-km,1,0,C
青海:X244,X244,,20.5,,no-official-km,1,0,C
青海:X247,X247,,29.0,,no-official-km,1,0,C
青海:X248,X248,,11.4,,broken-jump,1,0,C
青海:X249,X249,,18.8,,no-official-km,2,1,C
青海:X251,X251,,27.4,,no-official-km,1,0,C
青海:X252,X252,,13.3,,no-official-km,1,0,C
青海:X261,X261,,16.1,,no-official-km,1,0,C
青海:X267,X267,,9.0,,no-official-km,1,0,C
青海:X273,X273,,15.3,,no-official-km,1,0,C
青海:X304,X304,,15.1,,no-official-km,1,0,C
青海:X308,X308,,239.5,,broken-jump,6,5,C
青海:X314,X314,,59.9,,no-official-km,1,0,C
青海:X326,X326,,0.5,,no-official-km,1,0,C
青海:X328,X328,,11.4,,no-official-km,1,0,C
青海:X34,X34,,7.0,,no-official-km,1,0,C
青海:X381,X381,,16.3,,no-official-km,2,1,C
青海:X409,X409,,124.9,,no-official-km,2,1,C
青海:X418,X418,,22.8,,broken-jump,1,0,C
青海:X452,X452,,20.3,,no-official-km,1,0,C
青海:X611,X611,,5.0,,no-official-km,2,1,C
青海:X622,X622,,82.3,,no-official-km,1,0,C
青海:X701,X701,,1.0,,no-official-km,1,0,C
青海:X713,X713,,75.1,,no-official-km,1,0,C
青海:X714,X714,,45.5,,no-official-km,1,0,C
青海:X731,X731,,74.4,,broken-jump,1,0,C
青海:X740,X740,,29.9,,no-official-km,1,0,C
山东:X1,X1,,133.1,,no-official-km,17,16,C
山东:X10,X10,,86.0,,broken-jump,5,4,C
山东:X101,X101,,4.0,,no-official-km,1,0,C
山东:X103,X103,,48.1,,no-official-km,1,0,C
山东:X105,X105,,2.4,,no-official-km,1,0,C
山东:X11,X11,,23.3,,broken-jump,5,4,C
山东:X110,X110,,1.3,,no-official-km,1,0,C
山东:X112,X112,,20.1,,broken-jump,2,1,C
山东:X12,X12,,76.4,,no-official-km,5,4,C
山东:X128,X128,,18.0,,no-official-km,1,0,C
山东:X129,X129,,15.6,,no-official-km,1,0,C
山东:X13,X13,,90.3,,broken-jump,5,4,C
山东:X131,X131,,4.5,,no-official-km,2,1,C
山东:X133,X133,,17.7,,no-official-km,1,0,C
山东:X14,X14,,20.9,,no-official-km,2,1,C
山东:X15,X15,,29.4,,no-official-km,4,3,C
山东:X152,X152,,14.5,,no-official-km,1,0,C
山东:X154,X154,,23.6,,no-official-km,2,1,C
山东:X16,X16,,40.0,,no-official-km,4,3,C
山东:X17,X17,,86.8,,no-official-km,8,7,C
山东:X18,X18,,23.7,,no-official-km,4,3,C
山东:X19,X19,,20.1,,no-official-km,3,2,C
山东:X2,X2,,56.4,,no-official-km,7,6,C
山东:X20,X20,,62.1,,no-official-km,7,6,C
山东:X201,X201,,21.0,,no-official-km,2,1,C
山东:X202,X202,,23.6,,broken-jump,3,2,C
山东:X203,X203,,10.9,,broken-jump,1,0,C
山东:X204,X204,,22.5,,broken-jump,1,0,C
山东:X205,X205,,19.8,,no-official-km,2,1,C
山东:X206,X206,,42.5,,broken-jump,3,2,C
山东:X207,X207,,6.1,,no-official-km,1,0,C
山东:X208,X208,,11.9,,no-official-km,2,1,C
山东:X209,X209,,7.3,,no-official-km,1,0,C
山东:X21,X21,,26.9,,no-official-km,1,0,C
山东:X210,X210,,18.2,,broken-jump,2,1,C
山东:X211,X211,,11.4,,no-official-km,1,0,C
山东:X22,X22,,68.1,,broken-jump,4,3,C
山东:X227,X227,,7.0,,broken-jump,1,0,C
山东:X23,X23,,126.9,,no-official-km,10,9,C
山东:X24,X24,,34.8,,no-official-km,2,1,C
山东:X25,X25,,28.0,,no-official-km,6,5,C
山东:X251,X251,,22.7,,no-official-km,1,0,C
山东:X252,X252,,7.8,,no-official-km,3,2,C
山东:X256,X256,,3.3,,no-official-km,1,0,C
山东:X257,X257,,3.9,,no-official-km,1,0,C
山东:X258,X258,,8.0,,broken-jump,1,0,C
山东:X27,X27,,22.5,,broken-jump,1,0,C
山东:X28,X28,,2.6,,no-official-km,1,0,C
山东:X29,X29,,13.7,,broken-jump,1,0,C
山东:X3,X3,,55.5,,no-official-km,5,4,C
山东:X30,X30,,16.8,,broken-jump,1,0,C
山东:X301,X301,,10.2,,broken-jump,1,0,C
山东:X302,X302,,62.9,,no-official-km,6,5,C
山东:X303,X303,,5.8,,no-official-km,1,0,C
山东:X305,X305,,20.1,,no-official-km,1,0,C
山东:X306,X306,,5.2,,no-official-km,1,0,C
山东:X31,X31,,60.3,,broken-jump,5,4,C
山东:X33,X33,,14.9,,no-official-km,3,2,C
山东:X34,X34,,11.4,,no-official-km,1,0,C
山东:X340,X340,,12.7,,no-official-km,4,3,C
山东:X35,X35,,33.8,,no-official-km,3,2,C
山东:X37,X37,,84.7,,broken-jump,8,7,C
山东:X38,X38,,48.3,,no-official-km,6,5,C
山东:X39,X39,,63.9,,no-official-km,6,5,C
山东:X4,X4,,60.7,,no-official-km,10,9,C
山东:X40,X40,,34.7,,no-official-km,2,1,C
山东:X41,X41,,26.0,,broken-jump,2,1,C
山东:X42,X42,,32.3,,no-official-km,3,2,C
山东:X43,X43,,46.0,,no-official-km,5,4,C
山东:X44,X44,,62.6,,no-official-km,3,2,C
山东:X45,X45,,69.7,,no-official-km,2,1,C
山东:X46,X46,,21.6,,broken-jump,3,2,C
山东:X47,X47,,26.4,,no-official-km,3,2,C
山东:X48,X48,,27.3,,no-official-km,6,5,C
山东:X49,X49,,34.4,,no-official-km,5,4,C
山东:X5,X5,,75.8,,no-official-km,11,10,C
山东:X50,X50,,15.5,,broken-jump,2,1,C
山东:X51,X51,,118.5,,no-official-km,7,6,C
山东:X52,X52,,26.8,,broken-jump,2,1,C
山东:X53,X53,,40.4,,broken-jump,3,2,C
山东:X54,X54,,96.2,,broken-jump,5,4,C
山东:X55,X55,,54.9,,broken-jump,4,3,C
山东:X56,X56,,49.3,,broken-jump,4,3,C
山东:X57,X57,,25.3,,no-official-km,3,2,C
山东:X58,X58,,19.3,,broken-jump,1,0,C
山东:X59,X59,,39.7,,broken-jump,4,3,C
山东:X6,X6,,64.2,,no-official-km,9,8,C
山东:X60,X60,,43.0,,no-official-km,2,1,C
山东:X61,X61,,26.5,,broken-jump,1,0,C
山东:X62,X62,,32.4,,no-official-km,4,3,C
山东:X64,X64,,24.0,,no-official-km,3,2,C
山东:X65,X65,,18.0,,broken-jump,1,0,C
山东:X66,X66,,46.3,,broken-jump,2,1,C
山东:X67,X67,,21.4,,no-official-km,2,1,C
山东:X68,X68,,26.5,,no-official-km,1,0,C
山东:X7,X7,,62.3,,no-official-km,6,5,C
山东:X70,X70,,8.8,,no-official-km,1,0,C
山东:X71,X71,,12.4,,no-official-km,1,0,C
山东:X72,X72,,14.1,,no-official-km,1,0,C
山东:X73,X73,,12.7,,no-official-km,1,0,C
山东:X77,X77,,15.2,,broken-jump,1,0,C
山东:X79,X79,,16.4,,broken-jump,1,0,C
山东:X8,X8,,85.6,,broken-jump,5,4,C
山东:X81,X81,,13.7,,broken-jump,2,1,C
山东:X82,X82,,7.0,,no-official-km,1,0,C
山东:X86,X86,,6.5,,no-official-km,1,0,C
山东:X87,X87,,6.8,,no-official-km,1,0,C
山东:X88,X88,,17.6,,no-official-km,1,0,C
山东:X9,X9,,188.1,,no-official-km,13,12,C
山东:X90,X90,,1.9,,no-official-km,1,0,C
山东:X92,X92,,55.1,,no-official-km,3,2,C
山东:X93,X93,,59.4,,broken-jump,4,3,C
山东:X94,X94,,12.2,,no-official-km,1,0,C
山东:X95,X95,,4.1,,no-official-km,1,0,C
山东:X96,X96,,39.9,,broken-jump,3,2,C
山东:X97,X97,,10.3,,broken-jump,2,1,C
山东:X98,X98,,3.3,,no-official-km,1,0,C
山西:X1,X1,,1.9,,no-official-km,1,0,C
山西:X12,X12,,27.2,,no-official-km,2,1,C
山西:X121,X121,,2.1,,no-official-km,1,0,C
山西:X122,X122,,21.2,,no-official-km,1,0,C
山西:X125,X125,,1.6,,no-official-km,1,0,C
山西:X129,X129,,12.1,,no-official-km,1,0,C
山西:X131,X131,,25.0,,no-official-km,1,0,C
山西:X136,X136,,50.0,,no-official-km,1,0,C
山西:X142,X142,,28.1,,no-official-km,1,0,C
山西:X146,X146,,1.6,,no-official-km,1,0,C
山西:X15,X15,,18.9,,no-official-km,2,1,C
山西:X150,X150,,8.6,,no-official-km,1,0,C
山西:X151,X151,,40.3,,no-official-km,1,0,C
山西:X153,X153,,4.2,,no-official-km,1,0,C
山西:X159,X159,,8.6,,no-official-km,1,0,C
山西:X16,X16,,4.8,,no-official-km,2,1,C
山西:X160,X160,,17.8,,no-official-km,1,0,C
山西:X162,X162,,3.2,,no-official-km,1,0,C
山西:X163,X163,,1.4,,no-official-km,1,0,C
山西:X169,X169,,15.9,,no-official-km,1,0,C
山西:X173,X173,,36.0,,no-official-km,1,0,C
山西:X177,X177,,1.3,,no-official-km,1,0,C
山西:X201,X201,,12.6,,no-official-km,2,1,C
山西:X221,X221,,3.4,,no-official-km,2,1,C
山西:X223,X223,,23.2,,no-official-km,3,2,C
山西:X225,X225,,13.5,,no-official-km,1,0,C
山西:X227,X227,,,,no-geometry,0,0,
山西:X233,X233,,35.8,,no-official-km,1,0,C
山西:X238,X238,,13.3,,broken-jump,1,0,C
山西:X241,X241,,15.0,,no-official-km,1,0,C
山西:X244,X244,,11.2,,no-official-km,1,0,C
山西:X245,X245,,8.7,,no-official-km,1,0,C
山西:X246,X246,,13.2,,broken-jump,2,1,C
山西:X247,X247,,11.8,,no-official-km,1,0,C
山西:X248,X248,,2.9,,no-official-km,1,0,C
山西:X252,X252,,17.1,,no-official-km,1,0,C
山西:X256,X256,,11.8,,no-official-km,2,1,C
山西:X257,X257,,1.7,,no-official-km,1,0,C
山西:X259,X259,,10.6,,no-official-km,2,1,C
山西:X260,X260,,14.2,,no-official-km,2,1,C
山西:X30,X30,,10.1,,no-official-km,1,0,C
山西:X312,X312,,6.4,,no-official-km,1,0,C
山西:X32,X32,,25.2,,no-official-km,1,0,C
山西:X33,X33,,17.0,,no-official-km,1,0,C
山西:X331,X331,,24.8,,no-official-km,2,1,C
山西:X333,X333,,6.2,,no-official-km,1,0,C
山西:X334,X334,,15.7,,no-official-km,2,1,C
山西:X335,X335,,9.8,,no-official-km,1,0,C
山西:X336,X336,,16.1,,no-official-km,1,0,C
山西:X337,X337,,35.8,,no-official-km,1,0,C
山西:X338,X338,,32.7,,no-official-km,2,1,C
山西:X339,X339,,4.9,,no-official-km,1,0,C
山西:X34,X34,,15.6,,no-official-km,1,0,C
山西:X340,X340,,16.4,,no-official-km,4,3,C
山西:X341,X341,,22.1,,no-official-km,2,1,C
山西:X342,X342,,23.4,,no-official-km,1,0,C
山西:X343,X343,,10.7,,no-official-km,3,2,C
山西:X344,X344,,3.1,,no-official-km,1,0,C
山西:X345,X345,,35.2,,no-official-km,2,1,C
山西:X347,X347,,5.8,,no-official-km,1,0,C
山西:X348,X348,,16.0,,no-official-km,1,0,C
山西:X35,X35,,54.7,,no-official-km,2,1,C
山西:X350,X350,,10.5,,no-official-km,1,0,C
山西:X351,X351,,12.8,,no-official-km,1,0,C
山西:X353,X353,,28.4,,no-official-km,1,0,C
山西:X354,X354,,17.2,,no-official-km,1,0,C
山西:X355,X355,,30.2,,no-official-km,1,0,C
山西:X357,X357,,12.2,,no-official-km,1,0,C
山西:X359,X359,,19.8,,no-official-km,1,0,C
山西:X360,X360,,10.3,,no-official-km,2,1,C
山西:X361,X361,,10.3,,no-official-km,2,1,C
山西:X362,X362,,17.2,,no-official-km,1,0,C
山西:X363,X363,,23.6,,no-official-km,1,0,C
山西:X364,X364,,5.0,,no-official-km,1,0,C
山西:X365,X365,,8.2,,no-official-km,1,0,C
山西:X366,X366,,25.2,,no-official-km,2,1,C
山西:X367,X367,,9.2,,no-official-km,1,0,C
山西:X368,X368,,17.1,,no-official-km,1,0,C
山西:X369,X369,,14.9,,no-official-km,1,0,C
山西:X370,X370,,3.2,,no-official-km,1,0,C
山西:X371,X371,,21.5,,no-official-km,2,1,C
山西:X372,X372,,11.1,,no-official-km,2,1,C
山西:X373,X373,,16.1,,broken-jump,2,1,C
山西:X375,X375,,25.8,,no-official-km,2,1,C
山西:X376,X376,,14.6,,no-official-km,1,0,C
山西:X377,X377,,29.6,,no-official-km,5,4,C
山西:X378,X378,,30.3,,no-official-km,3,2,C
山西:X379,X379,,16.6,,no-official-km,1,0,C
山西:X380,X380,,14.0,,no-official-km,1,0,C
山西:X381,X381,,14.3,,no-official-km,2,1,C
山西:X383,X383,,6.7,,no-official-km,1,0,C
山西:X385,X385,,17.8,,no-official-km,1,0,C
山西:X387,X387,,23.5,,no-official-km,3,2,C
山西:X388,X388,,17.4,,no-official-km,1,0,C
山西:X389,X389,,17.0,,no-official-km,2,1,C
山西:X391,X391,,8.1,,no-official-km,3,2,C
山西:X393,X393,,13.2,,no-official-km,1,0,C
山西:X394,X394,,14.3,,broken-jump,2,1,C
山西:X397,X397,,5.2,,no-official-km,1,0,C
山西:X4,X4,,7.0,,no-official-km,2,1,C
山西:X405,X405,,19.0,,no-official-km,1,0,C
山西:X409,X409,,22.3,,no-official-km,1,0,C
山西:X410,X410,,9.4,,no-official-km,1,0,C
山西:X412,X412,,12.5,,no-official-km,2,1,C
山西:X413,X413,,7.3,,no-official-km,2,1,C
山西:X415,X415,,13.9,,no-official-km,1,0,C
山西:X418,X418,,67.3,,no-official-km,4,3,C
山西:X421,X421,,4.6,,no-official-km,1,0,C
山西:X422,X422,,7.2,,no-official-km,1,0,C
山西:X433,X433,,20.7,,no-official-km,2,1,C
山西:X435,X435,,7.9,,no-official-km,1,0,C
山西:X436,X436,,16.5,,broken-jump,3,2,C
山西:X441,X441,,30.4,,no-official-km,3,2,C
山西:X446,X446,,12.9,,no-official-km,1,0,C
山西:X454,X454,,4.1,,no-official-km,2,1,C
山西:X456,X456,,3.2,,no-official-km,1,0,C
山西:X461,X461,,8.7,,no-official-km,1,0,C
山西:X462,X462,,16.8,,no-official-km,1,0,C
山西:X464,X464,,31.5,,no-official-km,2,1,C
山西:X468,X468,,23.7,,no-official-km,1,0,C
山西:X469,X469,,49.3,,no-official-km,2,1,C
山西:X5,X5,,0.1,,no-official-km,1,0,C
山西:X513,X513,,38.4,,no-official-km,1,0,C
山西:X525,X525,,30.9,,no-official-km,2,1,C
山西:X529,X529,,10.3,,broken-jump,1,0,C
山西:X53,X53,,8.7,,no-official-km,1,0,C
山西:X537,X537,,7.2,,no-official-km,1,0,C
山西:X54,X54,,10.2,,no-official-km,1,0,C
山西:X540,X540,,77.6,,no-official-km,3,2,C
山西:X544,X544,,9.7,,no-official-km,1,0,C
山西:X545,X545,,10.8,,no-official-km,1,0,C
山西:X546,X546,,17.1,,no-official-km,1,0,C
山西:X549,X549,,15.6,,no-official-km,2,1,C
山西:X552,X552,,7.2,,no-official-km,1,0,C
山西:X554,X554,,9.3,,no-official-km,1,0,C
山西:X555,X555,,17.9,,no-official-km,1,0,C
山西:X556,X556,,13.2,,no-official-km,1,0,C
山西:X557,X557,,8.4,,no-official-km,1,0,C
山西:X561,X561,,15.9,,no-official-km,1,0,C
山西:X567,X567,,49.4,,no-official-km,5,4,C
山西:X568,X568,,33.2,,no-official-km,1,0,C
山西:X570,X570,,48.4,,no-official-km,2,1,C
山西:X572,X572,,21.4,,no-official-km,1,0,C
山西:X575,X575,,33.7,,no-official-km,1,0,C
山西:X578,X578,,13.4,,no-official-km,2,1,C
山西:X580,X580,,26.7,,no-official-km,1,0,C
山西:X61,X61,,15.1,,no-official-km,1,0,C
山西:X63,X63,,20.6,,no-official-km,1,0,C
山西:X640,X640,,30.1,,no-official-km,1,0,C
山西:X641,X641,,19.5,,no-official-km,1,0,C
山西:X643,X643,,18.2,,no-official-km,3,2,C
山西:X644,X644,,8.2,,no-official-km,1,0,C
山西:X645,X645,,14.8,,no-official-km,1,0,C
山西:X646,X646,,35.9,,no-official-km,2,1,C
山西:X647,X647,,16.3,,no-official-km,1,0,C
山西:X648,X648,,19.0,,no-official-km,1,0,C
山西:X650,X650,,17.0,,no-official-km,1,0,C
山西:X651,X651,,10.0,,no-official-km,1,0,C
山西:X652,X652,,17.8,,no-official-km,1,0,C
山西:X654,X654,,3.9,,no-official-km,1,0,C
山西:X655,X655,,17.5,,no-official-km,1,0,C
山西:X656,X656,,15.1,,no-official-km,2,1,C
山西:X657,X657,,15.9,,no-official-km,1,0,C
山西:X658,X658,,9.2,,no-official-km,1,0,C
山西:X660,X660,,16.0,,no-official-km,1,0,C
山西:X661,X661,,10.4,,no-official-km,1,0,C
山西:X662,X662,,35.5,,no-official-km,1,0,C
山西:X664,X664,,10.0,,no-official-km,1,0,C
山西:X665,X665,,21.2,,no-official-km,2,1,C
山西:X666,X666,,9.0,,no-official-km,1,0,C
山西:X667,X667,,39.7,,no-official-km,2,1,C
山西:X669,X669,,6.7,,no-official-km,1,0,C
山西:X670,X670,,36.6,,no-official-km,1,0,C
山西:X671,X671,,48.2,,no-official-km,1,0,C
山西:X673,X673,,16.5,,no-official-km,1,0,C
山西:X676,X676,,7.7,,no-official-km,3,2,C
山西:X678,X678,,2.6,,no-official-km,1,0,C
山西:X680,X680,,26.2,,no-official-km,4,3,C
山西:X681,X681,,22.7,,broken-jump,2,1,C
山西:X682,X682,,13.3,,no-official-km,1,0,C
山西:X683,X683,,7.9,,no-official-km,1,0,C
山西:X684,X684,,14.9,,no-official-km,1,0,C
山西:X686,X686,,15.4,,no-official-km,1,0,C
山西:X687,X687,,34.4,,no-official-km,1,0,C
山西:X688,X688,,12.2,,no-official-km,1,0,C
山西:X689,X689,,23.0,,broken-jump,2,1,C
山西:X690,X690,,10.2,,broken-jump,1,0,C
山西:X691,X691,,26.6,,no-official-km,1,0,C
山西:X692,X692,,12.3,,no-official-km,1,0,C
山西:X693,X693,,39.4,,no-official-km,3,2,C
山西:X694,X694,,6.2,,broken-jump,1,0,C
山西:X695,X695,,4.6,,no-official-km,1,0,C
山西:X697,X697,,10.1,,no-official-km,1,0,C
山西:X698,X698,,5.4,,no-official-km,1,0,C
山西:X699,X699,,8.2,,no-official-km,1,0,C
山西:X700,X700,,8.3,,no-official-km,2,1,C
山西:X702,X702,,39.1,,no-official-km,1,0,C
山西:X703,X703,,12.5,,no-official-km,1,0,C
山西:X713,X713,,19.0,,no-official-km,1,0,C
山西:X727,X727,,26.9,,no-official-km,1,0,C
山西:X729,X729,,18.0,,no-official-km,1,0,C
山西:X7331,X7331,,10.6,,no-official-km,1,0,C
山西:X742,X742,,29.4,,no-official-km,1,0,C
山西:X743,X743,,10.3,,no-official-km,1,0,C
山西:X755,X755,,16.5,,no-official-km,3,2,C
山西:X756,X756,,2.6,,no-official-km,1,0,C
山西:X758,X758,,9.7,,no-official-km,1,0,C
山西:X76,X76,,11.5,,no-official-km,1,0,C
山西:X760,X760,,3.3,,no-official-km,1,0,C
山西:X763,X763,,14.1,,no-official-km,1,0,C
山西:X765,X765,,16.5,,no-official-km,1,0,C
山西:X78,X78,,10.2,,no-official-km,1,0,C
山西:X803,X803,,22.5,,no-official-km,3,2,C
山西:X804,X804,,26.8,,no-official-km,2,1,C
山西:X805,X805,,18.6,,no-official-km,1,0,C
山西:X806,X806,,21.8,,broken-jump,1,0,C
山西:X807,X807,,24.3,,broken-jump,2,1,C
山西:X808,X808,,9.4,,no-official-km,1,0,C
山西:X809,X809,,14.3,,no-official-km,1,0,C
山西:X810,X810,,29.5,,no-official-km,2,1,C
山西:X811,X811,,37.1,,broken-jump,2,1,C
山西:X816,X816,,14.4,,no-official-km,2,1,C
山西:X818,X818,,23.7,,no-official-km,2,1,C
山西:X820,X820,,20.2,,no-official-km,2,1,C
山西:X821,X821,,25.2,,broken-jump,2,1,C
山西:X822,X822,,24.4,,no-official-km,1,0,C
山西:X823,X823,,19.7,,no-official-km,1,0,C
山西:X824,X824,,14.8,,no-official-km,2,1,C
山西:X827,X827,,12.0,,broken-jump,2,1,C
山西:X828,X828,,31.1,,broken-jump,1,0,C
山西:X832,X832,,24.6,,no-official-km,1,0,C
山西:X833,X833,,12.8,,no-official-km,1,0,C
山西:X836,X836,,27.2,,no-official-km,2,1,C
山西:X837,X837,,22.2,,no-official-km,1,0,C
山西:X838,X838,,23.0,,broken-jump,1,0,C
山西:X839,X839,,24.4,,no-official-km,3,2,C
山西:X840,X840,,23.0,,broken-jump,1,0,C
山西:X841,X841,,10.9,,no-official-km,1,0,C
山西:X843,X843,,71.6,,no-official-km,1,0,C
山西:X844,X844,,32.6,,no-official-km,2,1,C
山西:X847,X847,,10.2,,no-official-km,2,1,C
山西:X849,X849,,12.9,,no-official-km,1,0,C
山西:X850,X850,,20.3,,no-official-km,1,0,C
山西:X873,X873,,22.7,,no-official-km,2,1,C
山西:X882,X882,,3.7,,no-official-km,1,0,C
山西:X89,X89,,0.7,,no-official-km,1,0,C
山西:X909,X909,,12.3,,no-official-km,1,0,C
山西:X912,X912,,1.6,,no-official-km,1,0,C
山西:X914,X914,,31.6,,broken-jump,1,0,C
山西:X919,X919,,0.8,,no-official-km,1,0,C
山西:X921,X921,,8.4,,no-official-km,1,0,C
山西:X922,X922,,6.4,,no-official-km,1,0,C
山西:X932,X932,,33.8,,no-official-km,3,2,C
山西:X937,X937,,17.5,,no-official-km,1,0,C
陕西:X101,X101,,139.8,,no-official-km,12,11,C
陕西:X102,X102,,65.7,,no-official-km,5,4,C
陕西:X103,X103,,67.0,,no-official-km,4,3,C
陕西:X104,X104,,10.6,,no-official-km,1,0,C
陕西:X105,X105,,25.9,,broken-jump,6,5,C
陕西:X106,X106,,8.4,,no-official-km,2,1,C
陕西:X111,X111,,5.8,,broken-jump,1,0,C
陕西:X113,X113,,32.5,,no-official-km,3,2,C
陕西:X116,X116,,21.6,,no-official-km,1,0,C
陕西:X117,X117,,25.0,,no-official-km,3,2,C
陕西:X12,X12,,3.7,,no-official-km,1,0,C
陕西:X14,X14,,7.7,,no-official-km,1,0,C
陕西:X151,X151,,12.8,,no-official-km,4,3,C
陕西:X18,X18,,10.4,,no-official-km,1,0,C
陕西:X201,X201,,147.5,,no-official-km,6,5,C
陕西:X202,X202,,90.9,,no-official-km,5,4,C
陕西:X203,X203,,102.7,,no-official-km,6,5,C
陕西:X204,X204,,112.9,,no-official-km,9,8,C
陕西:X205,X205,,91.6,,broken-jump,12,11,C
陕西:X206,X206,,45.8,,no-official-km,2,1,C
陕西:X207,X207,,84.1,,no-official-km,3,2,C
陕西:X208,X208,,140.5,,no-official-km,8,7,C
陕西:X209,X209,,11.0,,no-official-km,1,0,C
陕西:X210,X210,,53.7,,broken-jump,3,2,C
陕西:X211,X211,,59.7,,broken-jump,2,1,C
陕西:X212,X212,,44.1,,no-official-km,3,2,C
陕西:X213,X213,,47.8,,no-official-km,6,5,C
陕西:X214,X214,,133.6,,no-official-km,9,8,C
陕西:X215,X215,,79.7,,no-official-km,4,3,C
陕西:X216,X216,,164.3,,no-official-km,8,7,C
陕西:X217,X217,,46.5,,no-official-km,2,1,C
陕西:X218,X218,,23.2,,no-official-km,1,0,C
陕西:X219,X219,,147.1,,no-official-km,5,4,C
陕西:X221,X221,,102.2,,no-official-km,7,6,C
陕西:X222,X222,,139.5,,no-official-km,6,5,C
陕西:X223,X223,,28.8,,no-official-km,3,2,C
陕西:X224,X224,,2.5,,no-official-km,1,0,C
陕西:X225,X225,,105.7,,no-official-km,5,4,C
陕西:X226,X226,,200.8,,no-official-km,6,5,C
陕西:X227,X227,,42.1,,no-official-km,3,2,C
陕西:X228,X228,,8.7,,no-official-km,1,0,C
陕西:X23,X23,,7.0,,no-official-km,1,0,C
陕西:X232,X232,,28.4,,broken-jump,1,0,C
陕西:X234,X234,,13.3,,no-official-km,1,0,C
陕西:X235,X235,,14.5,,no-official-km,1,0,C
陕西:X236,X236,,18.4,,no-official-km,2,1,C
陕西:X240,X240,,21.2,,broken-jump,2,1,C
陕西:X241,X241,,27.1,,no-official-km,1,0,C
陕西:X242,X242,,17.3,,no-official-km,1,0,C
陕西:X301,X301,,141.1,,no-official-km,14,13,C
陕西:X302,X302,,71.4,,no-official-km,4,3,C
陕西:X303,X303,,84.8,,no-official-km,8,7,C
陕西:X304,X304,,54.6,,no-official-km,3,2,C
陕西:X305,X305,,96.4,,no-official-km,7,6,C
陕西:X306,X306,,123.6,,no-official-km,6,5,C
陕西:X307,X307,,119.3,,no-official-km,7,6,C
陕西:X308,X308,,203.3,,no-official-km,8,7,C
陕西:X309,X309,,152.8,,no-official-km,7,6,C
陕西:X310,X310,,71.2,,no-official-km,9,8,C
陕西:X311,X311,,24.5,,no-official-km,3,2,C
陕西:X312,X312,,37.3,,no-official-km,7,6,C
陕西:X313,X313,,101.8,,no-official-km,6,5,C
陕西:X314,X314,,155.9,,no-official-km,6,5,C
陕西:X315,X315,,117.3,,no-official-km,4,3,C
陕西:X316,X316,,33.4,,no-official-km,4,3,C
陕西:X317,X317,,8.3,,broken-jump,1,0,C
陕西:X318,X318,,84.9,,no-official-km,12,11,C
陕西:X319,X319,,69.6,,no-official-km,5,4,C
陕西:X320,X320,,29.1,,no-official-km,4,3,C
陕西:X322,X322,,41.8,,no-official-km,2,1,C
陕西:X325,X325,,14.2,,no-official-km,1,0,C
陕西:X331,X331,,31.5,,broken-jump,4,3,C
陕西:X336,X336,,21.9,,broken-jump,1,0,C
陕西:X337,X337,,14.5,,no-official-km,1,0,C
陕西:X339,X339,,2.5,,no-official-km,1,0,C
陕西:X340,X340,,6.0,,no-official-km,2,1,C
陕西:X345,X345,,10.1,,broken-jump,2,1,C
陕西:X35,X35,,5.3,,no-official-km,1,0,C
陕西:X38,X38,,11.9,,no-official-km,1,0,C
陕西:X43,X43,,14.2,,no-official-km,1,0,C
陕西:X464,X464,,3.4,,no-official-km,1,0,C
陕西:X47,X47,,1.0,,no-official-km,1,0,C
陕西:X502,X502,,19.6,,no-official-km,2,1,C
陕西:X51,X51,,6.9,,no-official-km,1,0,C
陕西:X567,X567,,12.0,,no-official-km,3,2,C
陕西:X570,X570,,32.3,,no-official-km,2,1,C
陕西:X578,X578,,5.5,,no-official-km,1,0,C
陕西:X608,X608,,19.2,,no-official-km,1,0,C
陕西:X629,X629,,20.6,,no-official-km,1,0,C
陕西:X662,X662,,23.4,,no-official-km,1,0,C
陕西:X70,X70,,2.7,,no-official-km,1,0,C
陕西:X80,X80,,11.8,,no-official-km,1,0,C
陕西:X9,X9,,2.3,,no-official-km,1,0,C
陕西:X999,X999,,4.1,,no-official-km,1,0,C
上海:X1,X1,,62.1,,broken-jump,15,14,C
上海:X103,X103,,5.1,,no-official-km,1,0,C
上海:X105,X105,,7.1,,no-official-km,2,1,C
上海:X110,X110,,3.0,,no-official-km,1,0,C
上海:X119,X119,,6.5,,no-official-km,1,0,C
上海:X123,X123,,4.3,,no-official-km,1,0,C
上海:X126,X126,,4.2,,no-official-km,1,0,C
上海:X127,X127,,1.6,,no-official-km,1,0,C
上海:X129,X129,,7.8,,no-official-km,2,1,C
上海:X133,X133,,0.8,,no-official-km,1,0,C
上海:X141,X141,,2.7,,no-official-km,1,0,C
上海:X153,X153,,9.5,,no-official-km,1,0,C
上海:X16,X16,,13.6,,no-official-km,1,0,C
上海:X162,X162,,4.6,,no-official-km,1,0,C
上海:X169,X169,,7.4,,no-official-km,1,0,C
上海:X17,X17,,36.7,,no-official-km,2,1,C
上海:X176,X176,,8.5,,no-official-km,4,3,C
上海:X177,X177,,0.3,,no-official-km,1,0,C
上海:X182,X182,,1.3,,no-official-km,1,0,C
上海:X183,X183,,10.1,,no-official-km,1,0,C
上海:X185,X185,,5.5,,no-official-km,1,0,C
上海:X19,X19,,12.2,,no-official-km,3,2,C
上海:X199,X199,,5.9,,no-official-km,1,0,C
上海:X2,X2,,7.5,,no-official-km,2,1,C
上海:X20,X20,,37.0,,no-official-km,8,7,C
上海:X203,X203,,3.4,,no-official-km,1,0,C
上海:X205,X205,,3.4,,no-official-km,1,0,C
上海:X21,X21,,9.6,,no-official-km,3,2,C
上海:X210,X210,,0.8,,no-official-km,1,0,C
上海:X211,X211,,14.2,,no-official-km,1,0,C
上海:X212,X212,,1.2,,no-official-km,1,0,C
上海:X213,X213,,10.9,,no-official-km,1,0,C
上海:X216,X216,,2.7,,no-official-km,1,0,C
上海:X22,X22,,11.4,,no-official-km,4,3,C
上海:X23,X23,,20.7,,no-official-km,1,0,C
上海:X230,X230,,11.1,,no-official-km,3,2,C
上海:X237,X237,,2.4,,no-official-km,2,1,C
上海:X24,X24,,6.9,,no-official-km,2,1,C
上海:X248,X248,,3.9,,no-official-km,1,0,C
上海:X249,X249,,7.3,,no-official-km,2,1,C
上海:X25,X25,,10.0,,no-official-km,1,0,C
上海:X250,X250,,16.3,,no-official-km,1,0,C
上海:X251,X251,,5.9,,no-official-km,3,2,C
上海:X252,X252,,7.4,,no-official-km,1,0,C
上海:X253,X253,,3.9,,no-official-km,1,0,C
上海:X256,X256,,3.3,,no-official-km,1,0,C
上海:X259,X259,,12.9,,no-official-km,2,1,C
上海:X26,X26,,14.6,,no-official-km,2,1,C
上海:X264,X264,,5.6,,no-official-km,2,1,C
上海:X301,X301,,15.9,,no-official-km,2,1,C
上海:X302,X302,,1.9,,no-official-km,1,0,C
上海:X305,X305,,2.9,,no-official-km,1,0,C
上海:X306,X306,,9.5,,no-official-km,1,0,C
上海:X309,X309,,11.6,,no-official-km,1,0,C
上海:X310,X310,,9.7,,no-official-km,1,0,C
上海:X312,X312,,17.4,,no-official-km,1,0,C
上海:X315,X315,,4.0,,no-official-km,1,0,C
上海:X317,X317,,20.1,,no-official-km,4,3,C
上海:X318,X318,,5.2,,no-official-km,1,0,C
上海:X320,X320,,8.4,,broken-jump,2,1,C
上海:X322,X322,,4.6,,no-official-km,3,2,C
上海:X323,X323,,4.6,,no-official-km,1,0,C
上海:X327,X327,,3.2,,no-official-km,1,0,C
上海:X33,X33,,21.4,,no-official-km,1,0,C
上海:X330,X330,,2.9,,no-official-km,1,0,C
上海:X331,X331,,7.2,,no-official-km,1,0,C
上海:X336,X336,,4.1,,no-official-km,2,1,C
上海:X337,X337,,5.0,,no-official-km,1,0,C
上海:X338,X338,,2.5,,no-official-km,1,0,C
上海:X339,X339,,8.0,,broken-jump,1,0,C
上海:X341,X341,,4.3,,no-official-km,1,0,C
上海:X342,X342,,2.2,,no-official-km,1,0,C
上海:X343,X343,,3.1,,no-official-km,3,2,C
上海:X344,X344,,3.1,,no-official-km,1,0,C
上海:X345,X345,,18.1,,no-official-km,3,2,C
上海:X346,X346,,5.9,,no-official-km,2,1,C
上海:X347,X347,,5.9,,no-official-km,1,0,C
上海:X351,X351,,8.0,,no-official-km,1,0,C
上海:X353,X353,,17.1,,no-official-km,4,3,C
上海:X357,X357,,6.9,,no-official-km,2,1,C
上海:X360,X360,,14.4,,no-official-km,1,0,C
上海:X362,X362,,6.0,,no-official-km,2,1,C
上海:X365,X365,,5.6,,no-official-km,1,0,C
上海:X368,X368,,11.4,,no-official-km,2,1,C
上海:X373,X373,,18.0,,no-official-km,1,0,C
上海:X375,X375,,14.2,,no-official-km,1,0,C
上海:X390,X390,,36.4,,no-official-km,1,0,C
上海:X396,X396,,1.8,,no-official-km,1,0,C
上海:X4,X4,,33.7,,broken-jump,4,3,C
上海:X403,X403,,10.0,,no-official-km,1,0,C
上海:X405,X405,,3.9,,no-official-km,1,0,C
上海:X406,X406,,4.2,,no-official-km,1,0,C
上海:X410,X410,,9.1,,no-official-km,3,2,C
上海:X411,X411,,4.8,,no-official-km,1,0,C
上海:X412,X412,,7.7,,no-official-km,1,0,C
上海:X422,X422,,2.2,,no-official-km,1,0,C
上海:X424,X424,,3.4,,no-official-km,1,0,C
上海:X425,X425,,5.7,,no-official-km,1,0,C
上海:X426,X426,,14.2,,no-official-km,1,0,C
上海:X427,X427,,9.2,,no-official-km,2,1,C
上海:X431,X431,,8.3,,no-official-km,3,2,C
上海:X432,X432,,9.1,,no-official-km,2,1,C
上海:X434,X434,,38.8,,broken-jump,5,4,C
上海:X438,X438,,20.4,,no-official-km,1,0,C
上海:X439,X439,,13.1,,no-official-km,1,0,C
上海:X452,X452,,7.8,,no-official-km,1,0,C
上海:X456,X456,,4.2,,no-official-km,1,0,C
上海:X458,X458,,11.3,,no-official-km,1,0,C
上海:X459,X459,,10.4,,no-official-km,1,0,C
上海:X461,X461,,23.7,,broken-jump,1,0,C
上海:X463,X463,,12.4,,no-official-km,2,1,C
上海:X465,X465,,6.0,,no-official-km,2,1,C
上海:X467,X467,,11.1,,no-official-km,4,3,C
上海:X468,X468,,4.5,,no-official-km,1,0,C
上海:X469,X469,,1.7,,no-official-km,1,0,C
上海:X470,X470,,1.4,,no-official-km,1,0,C
上海:X478,X478,,1.8,,no-official-km,1,0,C
上海:X479,X479,,4.6,,no-official-km,1,0,C
上海:X5,X5,,5.2,,no-official-km,1,0,C
上海:X501,X501,,78.8,,no-official-km,5,4,C
上海:X502,X502,,11.9,,no-official-km,2,1,C
上海:X503,X503,,5.6,,no-official-km,2,1,C
上海:X504,X504,,6.7,,no-official-km,1,0,C
上海:X505,X505,,7.4,,no-official-km,1,0,C
上海:X506,X506,,2.4,,no-official-km,1,0,C
上海:X507,X507,,15.9,,broken-jump,1,0,C
上海:X508,X508,,8.6,,broken-jump,2,1,C
上海:X509,X509,,10.5,,broken-jump,1,0,C
上海:X510,X510,,9.8,,broken-jump,1,0,C
上海:X511,X511,,5.0,,no-official-km,1,0,C
上海:X512,X512,,23.7,,no-official-km,2,1,C
上海:X515,X515,,9.0,,no-official-km,1,0,C
上海:X520,X520,,9.8,,no-official-km,1,0,C
上海:X524,X524,,8.1,,no-official-km,2,1,C
上海:X525,X525,,10.0,,no-official-km,1,0,C
上海:X526,X526,,4.0,,no-official-km,1,0,C
上海:X527,X527,,7.2,,no-official-km,1,0,C
上海:X537,X537,,14.8,,no-official-km,1,0,C
上海:X540,X540,,7.3,,no-official-km,1,0,C
上海:X541,X541,,10.5,,no-official-km,1,0,C
上海:X547,X547,,43.7,,no-official-km,5,4,C
上海:X553,X553,,5.1,,no-official-km,1,0,C
上海:X554,X554,,4.5,,no-official-km,1,0,C
上海:X556,X556,,9.3,,no-official-km,2,1,C
上海:X557,X557,,8.9,,no-official-km,1,0,C
上海:X558,X558,,2.9,,no-official-km,2,1,C
上海:X559,X559,,2.1,,no-official-km,1,0,C
上海:X560,X560,,3.2,,no-official-km,1,0,C
上海:X561,X561,,1.3,,no-official-km,2,1,C
上海:X562,X562,,5.1,,no-official-km,3,2,C
上海:X563,X563,,7.8,,no-official-km,1,0,C
上海:X564,X564,,7.0,,no-official-km,1,0,C
上海:X565,X565,,0.8,,no-official-km,1,0,C
上海:X566,X566,,5.6,,no-official-km,4,3,C
上海:X567,X567,,2.5,,no-official-km,1,0,C
上海:X569,X569,,2.9,,no-official-km,1,0,C
上海:X570,X570,,4.5,,no-official-km,1,0,C
上海:X572,X572,,7.1,,no-official-km,3,2,C
上海:X574,X574,,8.8,,no-official-km,1,0,C
上海:X575,X575,,19.9,,no-official-km,2,1,C
上海:X576,X576,,4.7,,no-official-km,2,1,C
上海:X578,X578,,2.1,,no-official-km,1,0,C
上海:X581,X581,,11.7,,no-official-km,2,1,C
上海:X582,X582,,9.4,,no-official-km,4,3,C
上海:X583,X583,,1.8,,no-official-km,1,0,C
上海:X595,X595,,2.3,,no-official-km,1,0,C
上海:X596,X596,,6.9,,no-official-km,1,0,C
上海:X6,X6,,9.3,,broken-jump,1,0,C
上海:X601,X601,,11.7,,no-official-km,2,1,C
上海:X602,X602,,17.9,,no-official-km,3,2,C
上海:X604,X604,,1.7,,no-official-km,1,0,C
上海:X605,X605,,0.7,,no-official-km,1,0,C
上海:X606,X606,,17.4,,no-official-km,1,0,C
上海:X607,X607,,13.3,,no-official-km,4,3,C
上海:X610,X610,,15.2,,broken-jump,4,3,C
上海:X615,X615,,2.6,,no-official-km,2,1,C
上海:X617,X617,,4.7,,no-official-km,1,0,C
上海:X618,X618,,2.1,,no-official-km,1,0,C
上海:X620,X620,,9.5,,broken-jump,3,2,C
上海:X622,X622,,1.8,,no-official-km,1,0,C
上海:X628,X628,,4.0,,no-official-km,1,0,C
上海:X630,X630,,6.9,,no-official-km,1,0,C
上海:X631,X631,,8.5,,no-official-km,3,2,C
上海:X633,X633,,0.6,,no-official-km,1,0,C
上海:X636,X636,,2.0,,no-official-km,2,1,C
上海:X639,X639,,9.5,,no-official-km,1,0,C
上海:X640,X640,,9.5,,no-official-km,4,3,C
上海:X656,X656,,1.3,,no-official-km,1,0,C
上海:X659,X659,,1.9,,no-official-km,1,0,C
上海:X660,X660,,0.9,,no-official-km,1,0,C
上海:X672,X672,,0.4,,no-official-km,1,0,C
上海:X771,X771,,8.5,,no-official-km,1,0,C
上海:X8,X8,,4.1,,no-official-km,1,0,C
上海:X891,X891,,27.4,,no-official-km,6,5,C
上海:X895,X895,,1.1,,no-official-km,1,0,C
上海:X898,X898,,2.6,,no-official-km,1,0,C
上海:X902,X902,,6.6,,no-official-km,2,1,C
上海:X904,X904,,8.9,,no-official-km,1,0,C
上海:X911,X911,,2.2,,no-official-km,1,0,C
四川:X1,X1,,30.7,,no-official-km,5,4,C
四川:X10,X10,,11.0,,no-official-km,1,0,C
四川:X100,X100,,1.1,,no-official-km,1,0,C
四川:X101,X101,,28.3,,no-official-km,5,4,C
四川:X102,X102,,36.1,,no-official-km,1,0,C
四川:X103,X103,,28.4,,no-official-km,3,2,C
四川:X104,X104,,7.1,,no-official-km,2,1,C
四川:X105,X105,,33.8,,no-official-km,1,0,C
四川:X106,X106,,17.1,,no-official-km,2,1,C
四川:X107,X107,,11.5,,no-official-km,2,1,C
四川:X109,X109,,22.5,,no-official-km,2,1,C
四川:X11,X11,,6.1,,no-official-km,1,0,C
四川:X110,X110,,55.8,,no-official-km,5,4,C
四川:X111,X111,,3.0,,no-official-km,1,0,C
四川:X112,X112,,14.3,,no-official-km,1,0,C
四川:X113,X113,,3.7,,no-official-km,1,0,C
四川:X114,X114,,28.5,,no-official-km,3,2,C
四川:X115,X115,,9.2,,no-official-km,2,1,C
四川:X116,X116,,6.5,,no-official-km,1,0,C
四川:X117,X117,,7.0,,no-official-km,1,0,C
四川:X118,X118,,17.0,,no-official-km,2,1,C
四川:X119,X119,,6.8,,no-official-km,1,0,C
四川:X12,X12,,0.1,,no-official-km,1,0,C
四川:X120,X120,,12.6,,no-official-km,2,1,C
四川:X122,X122,,34.7,,no-official-km,2,1,C
四川:X123,X123,,55.5,,no-official-km,5,4,C
四川:X124,X124,,9.7,,no-official-km,1,0,C
四川:X125,X125,,6.1,,no-official-km,1,0,C
四川:X126,X126,,13.3,,no-official-km,4,3,C
四川:X127,X127,,14.6,,no-official-km,2,1,C
四川:X128,X128,,53.9,,no-official-km,3,2,C
四川:X129,X129,,7.4,,no-official-km,1,0,C
四川:X13,X13,,11.3,,no-official-km,1,0,C
四川:X130,X130,,29.1,,no-official-km,2,1,C
四川:X132,X132,,80.3,,no-official-km,3,2,C
四川:X133,X133,,16.8,,no-official-km,5,4,C
四川:X134,X134,,24.6,,no-official-km,2,1,C
四川:X135,X135,,27.4,,no-official-km,2,1,C
四川:X136,X136,,16.5,,no-official-km,1,0,C
四川:X137,X137,,34.4,,no-official-km,3,2,C
四川:X14,X14,,45.5,,no-official-km,1,0,C
四川:X140,X140,,16.2,,no-official-km,1,0,C
四川:X141,X141,,22.4,,no-official-km,2,1,C
四川:X142,X142,,9.7,,no-official-km,1,0,C
四川:X143,X143,,79.9,,no-official-km,1,0,C
四川:X144,X144,,26.1,,no-official-km,3,2,C
四川:X146,X146,,17.8,,no-official-km,3,2,C
四川:X147,X147,,6.9,,no-official-km,1,0,C
四川:X148,X148,,37.3,,no-official-km,2,1,C
四川:X15,X15,,0.8,,no-official-km,1,0,C
四川:X150,X150,,10.1,,no-official-km,1,0,C
四川:X151,X151,,9.6,,no-official-km,1,0,C
四川:X152,X152,,16.1,,no-official-km,2,1,C
四川:X156,X156,,7.7,,no-official-km,1,0,C
四川:X159,X159,,1.0,,no-official-km,1,0,C
四川:X16,X16,,3.7,,no-official-km,2,1,C
四川:X167,X167,,8.4,,no-official-km,3,2,C
四川:X168,X168,,37.9,,no-official-km,7,6,C
四川:X17,X17,,16.0,,no-official-km,3,2,C
四川:X174,X174,,2.6,,no-official-km,1,0,C
四川:X175,X175,,15.1,,no-official-km,1,0,C
四川:X182,X182,,8.0,,no-official-km,1,0,C
四川:X183,X183,,0.3,,no-official-km,1,0,C
四川:X185,X185,,11.1,,no-official-km,1,0,C
四川:X188,X188,,4.7,,no-official-km,1,0,C
四川:X19,X19,,10.0,,no-official-km,1,0,C
四川:X192,X192,,0.3,,no-official-km,1,0,C
四川:X197,X197,,23.0,,no-official-km,1,0,C
四川:X2,X2,,32.8,,no-official-km,3,2,C
四川:X203,X203,,24.9,,no-official-km,1,0,C
四川:X204,X204,,35.1,,no-official-km,1,0,C
四川:X21,X21,,26.9,,no-official-km,2,1,C
四川:X22,X22,,13.4,,no-official-km,1,0,C
四川:X23,X23,,39.0,,no-official-km,2,1,C
四川:X231,X231,,21.8,,no-official-km,1,0,C
四川:X24,X24,,16.9,,no-official-km,1,0,C
四川:X245,X245,,40.8,,no-official-km,3,2,C
四川:X249,X249,,32.4,,no-official-km,2,1,C
四川:X25,X25,,14.7,,no-official-km,1,0,C
四川:X250,X250,,12.9,,no-official-km,1,0,C
四川:X26,X26,,32.6,,no-official-km,5,4,C
四川:X28,X28,,42.2,,no-official-km,6,5,C
四川:X29,X29,,25.1,,no-official-km,1,0,C
四川:X3,X3,,43.4,,no-official-km,2,1,C
四川:X30,X30,,0.4,,no-official-km,1,0,C
四川:X309,X309,,34.3,,no-official-km,4,3,C
四川:X31,X31,,22.6,,no-official-km,2,1,C
四川:X313,X313,,35.9,,no-official-km,2,1,C
四川:X315,X315,,32.2,,no-official-km,2,1,C
四川:X32,X32,,25.0,,no-official-km,2,1,C
四川:X330,X330,,0.2,,no-official-km,1,0,C
四川:X34,X34,,18.5,,no-official-km,2,1,C
四川:X348,X348,,2.0,,no-official-km,1,0,C
四川:X35,X35,,54.6,,no-official-km,1,0,C
四川:X356,X356,,8.5,,no-official-km,1,0,C
四川:X36,X36,,25.6,,no-official-km,1,0,C
四川:X360,X360,,13.9,,no-official-km,2,1,C
四川:X368,X368,,5.8,,no-official-km,1,0,C
四川:X37,X37,,19.6,,no-official-km,2,1,C
四川:X41,X41,,3.9,,no-official-km,3,2,C
四川:X42,X42,,27.4,,no-official-km,3,2,C
四川:X428,X428,,7.1,,no-official-km,1,0,C
四川:X43,X43,,3.2,,no-official-km,1,0,C
四川:X432,X432,,7.1,,no-official-km,1,0,C
四川:X44,X44,,2.9,,no-official-km,2,1,C
四川:X45,X45,,1.6,,no-official-km,1,0,C
四川:X46,X46,,1.2,,no-official-km,1,0,C
四川:X47,X47,,9.8,,no-official-km,2,1,C
四川:X48,X48,,13.8,,no-official-km,4,3,C
四川:X49,X49,,52.0,,no-official-km,8,7,C
四川:X5,X5,,3.8,,no-official-km,2,1,C
四川:X50,X50,,11.5,,no-official-km,3,2,C
四川:X506,X506,,22.9,,no-official-km,1,0,C
四川:X508,X508,,8.1,,no-official-km,1,0,C
四川:X510,X510,,0.5,,no-official-km,1,0,C
四川:X516,X516,,23.7,,no-official-km,2,1,C
四川:X52,X52,,0.8,,no-official-km,1,0,C
四川:X53,X53,,1.5,,no-official-km,1,0,C
四川:X55,X55,,51.1,,no-official-km,3,2,C
四川:X56,X56,,69.8,,no-official-km,3,2,C
四川:X57,X57,,79.6,,no-official-km,7,6,C
四川:X571,X571,,0.6,,no-official-km,1,0,C
四川:X576,X576,,12.2,,no-official-km,1,0,C
四川:X58,X58,,47.8,,no-official-km,9,8,C
四川:X59,X59,,12.0,,no-official-km,1,0,C
四川:X6,X6,,11.9,,no-official-km,2,1,C
四川:X60,X60,,21.1,,no-official-km,2,1,C
四川:X61,X61,,30.2,,no-official-km,2,1,C
四川:X62,X62,,50.0,,no-official-km,3,2,C
四川:X63,X63,,24.2,,no-official-km,1,0,C
四川:X6300,X6300,,16.0,,no-official-km,1,0,C
四川:X632,X632,,12.7,,no-official-km,1,0,C
四川:X64,X64,,22.4,,no-official-km,3,2,C
四川:X65,X65,,25.3,,no-official-km,1,0,C
四川:X7,X7,,19.5,,no-official-km,2,1,C
四川:X70,X70,,5.0,,no-official-km,2,1,C
四川:X703,X703,,13.3,,no-official-km,1,0,C
四川:X704,X704,,16.4,,no-official-km,1,0,C
四川:X72,X72,,9.0,,broken-jump,1,0,C
四川:X73,X73,,10.0,,no-official-km,1,0,C
四川:X740,X740,,40.9,,no-official-km,1,0,C
四川:X77,X77,,16.6,,no-official-km,1,0,C
四川:X79,X79,,25.2,,no-official-km,2,1,C
四川:X8,X8,,4.5,,no-official-km,2,1,C
四川:X81,X81,,1.5,,no-official-km,2,1,C
四川:X810,X810,,4.7,,no-official-km,1,0,C
四川:X812,X812,,10.2,,no-official-km,1,0,C
四川:X83,X83,,9.7,,no-official-km,1,0,C
四川:X85,X85,,12.2,,no-official-km,1,0,C
四川:X86,X86,,24.7,,no-official-km,1,0,C
四川:X87,X87,,26.9,,no-official-km,2,1,C
四川:X9,X9,,7.8,,no-official-km,2,1,C
四川:X90,X90,,2.5,,no-official-km,1,0,C
四川:X91,X91,,10.1,,no-official-km,1,0,C
四川:X96,X96,,29.4,,no-official-km,2,1,C
四川:X97,X97,,4.7,,no-official-km,1,0,C
四川:X98,X98,,24.8,,no-official-km,2,1,C
四川:X99,X99,,12.0,,no-official-km,1,0,C
天津:X401,X401,,9.3,,no-official-km,2,1,C
天津:X403,X403,,15.4,,no-official-km,2,1,C
天津:X411,X411,,4.5,,no-official-km,2,1,C
天津:X414,X414,,13.7,,no-official-km,2,1,C
天津:X415,X415,,11.7,,no-official-km,1,0,C
天津:X422,X422,,10.0,,no-official-km,1,0,C
天津:X423,X423,,14.4,,no-official-km,1,0,C
天津:X424,X424,,22.3,,broken-jump,4,3,C
天津:X425,X425,,4.6,,no-official-km,1,0,C
天津:X431,X431,,2.5,,no-official-km,1,0,C
天津:X437,X437,,6.7,,no-official-km,1,0,C
天津:X438,X438,,15.8,,no-official-km,2,1,C
天津:X441,X441,,11.6,,no-official-km,2,1,C
天津:X442,X442,,3.3,,no-official-km,1,0,C
天津:X445,X445,,9.6,,no-official-km,2,1,C
天津:X461,X461,,24.0,,no-official-km,3,2,C
天津:X465,X465,,3.2,,no-official-km,1,0,C
天津:X468,X468,,3.3,,no-official-km,1,0,C
天津:X483,X483,,3.4,,no-official-km,1,0,C
天津:X501,X501,,15.4,,no-official-km,1,0,C
天津:X502,X502,,37.0,,broken-jump,2,1,C
天津:X506,X506,,53.1,,broken-jump,3,2,C
天津:X507,X507,,19.1,,broken-jump,1,0,C
天津:X521,X521,,9.6,,no-official-km,1,0,C
天津:X522,X522,,12.4,,no-official-km,3,2,C
天津:X525,X525,,4.0,,no-official-km,1,0,C
天津:X528,X528,,4.6,,no-official-km,1,0,C
天津:X530,X530,,3.7,,no-official-km,1,0,C
天津:X531,X531,,10.3,,no-official-km,2,1,C
天津:X535,X535,,32.6,,no-official-km,5,4,C
天津:X536,X536,,11.6,,no-official-km,2,1,C
天津:X538,X538,,10.9,,no-official-km,3,2,C
天津:X540,X540,,6.6,,no-official-km,2,1,C
天津:X541,X541,,1.9,,no-official-km,1,0,C
天津:X544,X544,,4.4,,no-official-km,1,0,C
天津:X553,X553,,2.2,,no-official-km,1,0,C
天津:X560,X560,,11.2,,no-official-km,1,0,C
天津:X562,X562,,21.2,,no-official-km,5,4,C
天津:X563,X563,,10.8,,no-official-km,1,0,C
天津:X564,X564,,15.3,,no-official-km,2,1,C
天津:X565,X565,,20.5,,broken-jump,3,2,C
天津:X566,X566,,16.3,,broken-jump,1,0,C
天津:X568,X568,,17.1,,no-official-km,2,1,C
天津:X574,X574,,8.6,,no-official-km,2,1,C
天津:X583,X583,,22.5,,no-official-km,2,1,C
天津:X584,X584,,11.5,,no-official-km,1,0,C
天津:X586,X586,,12.1,,no-official-km,1,0,C
天津:X587,X587,,34.6,,no-official-km,2,1,C
天津:X588,X588,,13.1,,broken-jump,1,0,C
天津:X589,X589,,14.9,,broken-jump,1,0,C
天津:X590,X590,,3.1,,no-official-km,1,0,C
天津:X605,X605,,9.3,,no-official-km,2,1,C
天津:X608,X608,,7.1,,no-official-km,2,1,C
天津:X612,X612,,3.8,,no-official-km,1,0,C
天津:X614,X614,,13.2,,broken-jump,1,0,C
天津:X615,X615,,33.5,,broken-jump,2,1,C
天津:X618,X618,,5.6,,no-official-km,1,0,C
天津:X632,X632,,7.7,,no-official-km,2,1,C
天津:X653,X653,,16.8,,no-official-km,1,0,C
天津:X654,X654,,17.7,,no-official-km,1,0,C
天津:X655,X655,,14.0,,no-official-km,1,0,C
天津:X656,X656,,6.8,,no-official-km,1,0,C
天津:X709,X709,,14.3,,no-official-km,1,0,C
天津:X752,X752,,7.8,,no-official-km,2,1,C
天津:X755,X755,,6.3,,no-official-km,1,0,C
天津:X756,X756,,3.2,,no-official-km,1,0,C
天津:X757,X757,,2.4,,no-official-km,1,0,C
天津:X758,X758,,4.2,,no-official-km,1,0,C
天津:X957,X957,,17.3,,no-official-km,1,0,C
西藏:X105,X105,,65.6,,no-official-km,1,0,C
西藏:X207,X207,,70.4,,no-official-km,2,1,C
西藏:X302,X302,,4.0,,no-official-km,2,1,C
西藏:X502,X502,,54.6,,no-official-km,2,1,C
西藏:X701,X701,,132.8,,no-official-km,1,0,C
新疆:X116,X116,,5.6,,no-official-km,2,1,C
新疆:X125,X125,,22.3,,no-official-km,1,0,C
新疆:X131,X131,,14.7,,no-official-km,1,0,C
新疆:X137,X137,,0.3,,no-official-km,1,0,C
新疆:X142,X142,,9.5,,no-official-km,1,0,C
新疆:X146,X146,,16.8,,no-official-km,1,0,C
新疆:X147,X147,,56.4,,no-official-km,3,2,C
新疆:X148,X148,,9.8,,no-official-km,1,0,C
新疆:X149,X149,,7.3,,no-official-km,1,0,C
新疆:X157,X157,,0.6,,no-official-km,1,0,C
新疆:X158,X158,,10.0,,no-official-km,1,0,C
新疆:X160,X160,,13.7,,no-official-km,1,0,C
新疆:X20,X20,,28.9,,broken-jump,1,0,C
新疆:X200,X200,,10.6,,no-official-km,1,0,C
新疆:X202,X202,,4.1,,no-official-km,1,0,C
新疆:X208,X208,,62.3,,no-official-km,2,1,C
新疆:X210,X210,,60.4,,no-official-km,1,0,C
新疆:X214,X214,,12.0,,no-official-km,1,0,C
新疆:X22,X22,,11.4,,broken-jump,1,0,C
新疆:X23,X23,,34.9,,broken-jump,4,3,C
新疆:X232,X232,,16.1,,no-official-km,1,0,C
新疆:X235,X235,,0.5,,no-official-km,1,0,C
新疆:X24,X24,,17.8,,broken-jump,1,0,C
新疆:X241,X241,,17.0,,broken-jump,1,0,C
新疆:X250,X250,,14.5,,no-official-km,1,0,C
新疆:X254,X254,,9.3,,no-official-km,2,1,C
新疆:X255,X255,,26.2,,no-official-km,1,0,C
新疆:X259,X259,,21.6,,no-official-km,1,0,C
新疆:X262,X262,,149.7,,broken-jump,2,1,C
新疆:X272,X272,,7.9,,no-official-km,1,0,C
新疆:X288,X288,,21.5,,no-official-km,1,0,C
新疆:X292,X292,,7.0,,no-official-km,1,0,C
新疆:X324,X324,,8.6,,no-official-km,1,0,C
新疆:X325,X325,,12.9,,no-official-km,1,0,C
新疆:X326,X326,,19.3,,no-official-km,1,0,C
新疆:X331,X331,,36.9,,broken-jump,2,1,C
新疆:X344,X344,,8.3,,no-official-km,1,0,C
新疆:X345,X345,,30.3,,no-official-km,3,2,C
新疆:X346,X346,,43.2,,no-official-km,1,0,C
新疆:X354,X354,,26.3,,broken-jump,1,0,C
新疆:X39,X39,,34.6,,no-official-km,1,0,C
新疆:X406,X406,,7.1,,no-official-km,1,0,C
新疆:X407,X407,,1.0,,no-official-km,1,0,C
新疆:X409,X409,,9.0,,no-official-km,1,0,C
新疆:X420,X420,,8.6,,no-official-km,1,0,C
新疆:X428,X428,,11.7,,broken-jump,1,0,C
新疆:X429,X429,,41.7,,no-official-km,2,1,C
新疆:X43,X43,,22.3,,no-official-km,1,0,C
新疆:X434,X434,,4.8,,no-official-km,1,0,C
新疆:X457,X457,,18.1,,no-official-km,2,1,C
新疆:X470,X470,,17.6,,broken-jump,1,0,C
新疆:X471,X471,,24.1,,no-official-km,2,1,C
新疆:X479,X479,,8.8,,no-official-km,1,0,C
新疆:X484,X484,,51.5,,no-official-km,1,0,C
新疆:X485,X485,,10.1,,no-official-km,1,0,C
新疆:X505,X505,,8.8,,no-official-km,3,2,C
新疆:X51,X51,,22.7,,broken-jump,1,0,C
新疆:X518,X518,,9.6,,broken-jump,1,0,C
新疆:X519,X519,,31.8,,broken-jump,1,0,C
新疆:X54,X54,,25.9,,no-official-km,3,2,C
新疆:X557,X557,,13.9,,broken-jump,1,0,C
新疆:X570,X570,,1.1,,no-official-km,1,0,C
新疆:X579,X579,,4.2,,no-official-km,1,0,C
新疆:X58,X58,,55.0,,no-official-km,1,0,C
新疆:X59,X59,,35.9,,broken-jump,1,0,C
新疆:X594,X594,,0.8,,no-official-km,1,0,C
新疆:X645,X645,,61.5,,no-official-km,1,0,C
新疆:X649,X649,,23.2,,broken-jump,2,1,C
新疆:X65,X65,,12.8,,no-official-km,1,0,C
新疆:X655,X655,,7.0,,no-official-km,1,0,C
新疆:X665,X665,,31.0,,broken-jump,1,0,C
新疆:X67,X67,,3.9,,no-official-km,1,0,C
新疆:X68,X68,,8.0,,no-official-km,1,0,C
新疆:X692,X692,,4.0,,no-official-km,1,0,C
新疆:X70,X70,,4.4,,no-official-km,1,0,C
新疆:X700,X700,,17.6,,no-official-km,2,1,C
新疆:X714,X714,,10.3,,no-official-km,2,1,C
新疆:X720,X720,,8.6,,no-official-km,1,0,C
新疆:X721,X721,,9.8,,broken-jump,1,0,C
新疆:X723,X723,,9.0,,broken-jump,1,0,C
新疆:X726,X726,,3.8,,no-official-km,1,0,C
新疆:X732,X732,,4.2,,no-official-km,1,0,C
新疆:X737,X737,,13.0,,no-official-km,1,0,C
新疆:X748,X748,,30.3,,no-official-km,1,0,C
新疆:X757,X757,,39.3,,no-official-km,1,0,C
新疆:X758,X758,,36.2,,no-official-km,1,0,C
新疆:X759,X759,,17.9,,no-official-km,1,0,C
新疆:X773,X773,,14.6,,no-official-km,3,2,C
新疆:X774,X774,,32.3,,broken-jump,1,0,C
新疆:X775,X775,,6.2,,no-official-km,1,0,C
新疆:X776,X776,,15.8,,no-official-km,2,1,C
新疆:X777,X777,,8.3,,broken-jump,1,0,C
新疆:X779,X779,,46.6,,no-official-km,1,0,C
新疆:X788,X788,,5.3,,no-official-km,1,0,C
新疆:X792,X792,,21.3,,no-official-km,2,1,C
新疆:X793,X793,,13.1,,broken-jump,1,0,C
新疆:X795,X795,,15.5,,no-official-km,3,2,C
新疆:X796,X796,,23.5,,no-official-km,2,1,C
新疆:X800,X800,,25.0,,broken-jump,1,0,C
新疆:X806,X806,,44.1,,no-official-km,1,0,C
新疆:X808,X808,,41.0,,no-official-km,1,0,C
新疆:X813,X813,,48.4,,broken-jump,1,0,C
新疆:X827,X827,,20.5,,no-official-km,1,0,C
新疆:X831,X831,,17.1,,no-official-km,2,1,C
新疆:X842,X842,,32.6,,broken-jump,1,0,C
新疆:X848,X848,,52.8,,no-official-km,1,0,C
新疆:X850,X850,,11.2,,no-official-km,1,0,C
新疆:X852,X852,,47.4,,no-official-km,1,0,C
新疆:X868,X868,,18.4,,broken-jump,1,0,C
新疆:X869,X869,,29.9,,no-official-km,1,0,C
新疆:X870,X870,,6.8,,broken-jump,1,0,C
新疆:X875,X875,,17.8,,no-official-km,2,1,C
新疆:X877,X877,,7.9,,no-official-km,1,0,C
新疆:X886,X886,,46.7,,broken-jump,2,1,C
新疆:X890,X890,,4.9,,no-official-km,1,0,C
新疆:X90,X90,,92.6,,broken-jump,1,0,C
新疆:X904,X904,,17.5,,no-official-km,2,1,C
新疆:X98,X98,,106.8,,broken-jump,1,0,C
云南:X1,X1,,38.3,,no-official-km,4,3,C
云南:X10,X10,,19.4,,no-official-km,1,0,C
云南:X100,X100,,26.4,,no-official-km,1,0,C
云南:X104,X104,,18.0,,no-official-km,4,3,C
云南:X11,X11,,32.4,,no-official-km,1,0,C
云南:X12,X12,,49.8,,no-official-km,1,0,C
云南:X127,X127,,6.4,,no-official-km,1,0,C
云南:X13,X13,,19.7,,no-official-km,1,0,C
云南:X130,X130,,36.3,,no-official-km,1,0,C
云南:X137,X137,,8.2,,no-official-km,1,0,C
云南:X14,X14,,3.3,,no-official-km,1,0,C
云南:X141,X141,,34.3,,no-official-km,1,0,C
云南:X15,X15,,3.2,,no-official-km,1,0,C
云南:X151,X151,,64.7,,no-official-km,2,1,C
云南:X152,X152,,49.4,,no-official-km,1,0,C
云南:X153,X153,,12.5,,no-official-km,1,0,C
云南:X154,X154,,5.3,,no-official-km,1,0,C
云南:X16,X16,,32.6,,no-official-km,3,2,C
云南:X162,X162,,32.7,,no-official-km,2,1,C
云南:X163,X163,,8.8,,no-official-km,1,0,C
云南:X164,X164,,6.5,,no-official-km,2,1,C
云南:X172,X172,,16.4,,no-official-km,1,0,C
云南:X174,X174,,37.0,,no-official-km,1,0,C
云南:X175,X175,,14.4,,no-official-km,1,0,C
云南:X179,X179,,4.8,,no-official-km,2,1,C
云南:X18,X18,,9.0,,no-official-km,1,0,C
云南:X181,X181,,82.0,,no-official-km,4,3,C
云南:X19,X19,,17.8,,no-official-km,1,0,C
云南:X191,X191,,0.2,,no-official-km,1,0,C
云南:X192,X192,,8.6,,no-official-km,1,0,C
云南:X193,X193,,41.4,,no-official-km,3,2,C
云南:X20,X20,,2.5,,no-official-km,1,0,C
云南:X202,X202,,16.9,,no-official-km,2,1,C
云南:X204,X204,,37.3,,no-official-km,2,1,C
云南:X206,X206,,46.0,,no-official-km,4,3,C
云南:X21,X21,,27.3,,no-official-km,1,0,C
云南:X210,X210,,1.5,,no-official-km,1,0,C
云南:X211,X211,,2.2,,no-official-km,1,0,C
云南:X212,X212,,16.5,,no-official-km,3,2,C
云南:X214,X214,,26.9,,no-official-km,1,0,C
云南:X216,X216,,29.2,,no-official-km,2,1,C
云南:X217,X217,,22.4,,no-official-km,1,0,C
云南:X219,X219,,16.9,,no-official-km,1,0,C
云南:X222,X222,,35.9,,no-official-km,1,0,C
云南:X223,X223,,21.3,,no-official-km,1,0,C
云南:X224,X224,,23.8,,no-official-km,1,0,C
云南:X226,X226,,7.4,,no-official-km,1,0,C
云南:X229,X229,,5.6,,no-official-km,4,3,C
云南:X23,X23,,27.9,,no-official-km,3,2,C
云南:X232,X232,,39.7,,no-official-km,1,0,C
云南:X24,X24,,18.1,,no-official-km,1,0,C
云南:X242,X242,,2.7,,no-official-km,1,0,C
云南:X243,X243,,24.2,,no-official-km,2,1,C
云南:X245,X245,,81.5,,no-official-km,4,3,C
云南:X246,X246,,21.9,,no-official-km,3,2,C
云南:X249,X249,,35.2,,no-official-km,1,0,C
云南:X250,X250,,51.1,,no-official-km,1,0,C
云南:X251,X251,,13.7,,no-official-km,1,0,C
云南:X252,X252,,6.2,,no-official-km,2,1,C
云南:X253,X253,,0.6,,no-official-km,1,0,C
云南:X26,X26,,0.5,,no-official-km,1,0,C
云南:X261,X261,,4.7,,no-official-km,1,0,C
云南:X264,X264,,2.8,,no-official-km,1,0,C
云南:X267,X267,,25.9,,no-official-km,1,0,C
云南:X27,X27,,8.5,,no-official-km,2,1,C
云南:X279,X279,,2.8,,no-official-km,1,0,C
云南:X28,X28,,2.8,,no-official-km,1,0,C
云南:X281,X281,,25.5,,no-official-km,1,0,C
云南:X282,X282,,3.7,,no-official-km,1,0,C
云南:X288,X288,,2.3,,no-official-km,1,0,C
云南:X289,X289,,13.2,,no-official-km,1,0,C
云南:X29,X29,,29.9,,no-official-km,2,1,C
云南:X3,X3,,32.3,,no-official-km,2,1,C
云南:X30,X30,,6.2,,no-official-km,1,0,C
云南:X301,X301,,0.1,,no-official-km,1,0,C
云南:X302,X302,,15.3,,no-official-km,1,0,C
云南:X303,X303,,18.5,,no-official-km,1,0,C
云南:X304,X304,,46.3,,no-official-km,3,2,C
云南:X306,X306,,20.7,,no-official-km,4,3,C
云南:X31,X31,,27.9,,no-official-km,3,2,C
云南:X310,X310,,19.9,,no-official-km,2,1,C
云南:X311,X311,,11.7,,no-official-km,3,2,C
云南:X312,X312,,137.8,,no-official-km,1,0,C
云南:X313,X313,,97.8,,no-official-km,4,3,C
云南:X314,X314,,30.7,,no-official-km,1,0,C
云南:X315,X315,,7.1,,no-official-km,1,0,C
云南:X317,X317,,31.4,,no-official-km,2,1,C
云南:X32,X32,,4.6,,no-official-km,1,0,C
云南:X321,X321,,59.0,,no-official-km,1,0,C
云南:X322,X322,,17.2,,no-official-km,3,2,C
云南:X323,X323,,25.4,,no-official-km,1,0,C
云南:X324,X324,,30.6,,no-official-km,1,0,C
云南:X325,X325,,1.3,,no-official-km,1,0,C
云南:X328,X328,,11.4,,no-official-km,1,0,C
云南:X334,X334,,3.9,,no-official-km,1,0,C
云南:X342,X342,,1.1,,no-official-km,1,0,C
云南:X343,X343,,37.2,,no-official-km,2,1,C
云南:X344,X344,,55.1,,no-official-km,3,2,C
云南:X347,X347,,22.0,,no-official-km,1,0,C
云南:X35,X35,,41.2,,no-official-km,5,4,C
云南:X352,X352,,17.9,,no-official-km,4,3,C
云南:X36,X36,,62.5,,no-official-km,3,2,C
云南:X38,X38,,77.0,,no-official-km,3,2,C
云南:X39,X39,,63.8,,no-official-km,1,0,C
云南:X4,X4,,0.7,,no-official-km,1,0,C
云南:X41,X41,,8.4,,no-official-km,3,2,C
云南:X42,X42,,26.3,,no-official-km,2,1,C
云南:X44,X44,,0.7,,no-official-km,1,0,C
云南:X45,X45,,8.6,,broken-jump,1,0,C
云南:X46,X46,,16.8,,no-official-km,1,0,C
云南:X49,X49,,7.9,,no-official-km,1,0,C
云南:X50,X50,,1.7,,no-official-km,1,0,C
云南:X52,X52,,7.8,,no-official-km,1,0,C
云南:X53,X53,,43.6,,no-official-km,2,1,C
云南:X54,X54,,6.3,,no-official-km,2,1,C
云南:X55,X55,,3.1,,no-official-km,2,1,C
云南:X56,X56,,16.0,,no-official-km,2,1,C
云南:X57,X57,,1.3,,no-official-km,1,0,C
云南:X58,X58,,15.1,,no-official-km,2,1,C
云南:X59,X59,,4.6,,no-official-km,1,0,C
云南:X6,X6,,1.9,,no-official-km,1,0,C
云南:X606,X606,,18.4,,no-official-km,1,0,C
云南:X683,X683,,5.8,,no-official-km,1,0,C
云南:X685,X685,,4.4,,no-official-km,1,0,C
云南:X7,X7,,0.4,,no-official-km,1,0,C
云南:X729,X729,,14.3,,no-official-km,1,0,C
云南:X743,X743,,14.0,,no-official-km,1,0,C
云南:X75,X75,,8.5,,no-official-km,1,0,C
云南:X77,X77,,0.1,,no-official-km,1,0,C
云南:X779,X779,,7.3,,no-official-km,1,0,C
云南:X798,X798,,38.8,,no-official-km,2,1,C
云南:X80,X80,,60.5,,no-official-km,1,0,C
云南:X81,X81,,11.8,,no-official-km,1,0,C
云南:X814,X814,,27.7,,no-official-km,1,0,C
云南:X82,X82,,39.6,,no-official-km,3,2,C
云南:X84,X84,,36.6,,no-official-km,4,3,C
云南:X85,X85,,57.7,,no-official-km,2,1,C
云南:X86,X86,,1.0,,no-official-km,1,0,C
云南:X860,X860,,32.4,,no-official-km,1,0,C
云南:X87,X87,,8.1,,no-official-km,1,0,C
云南:X9,X9,,0.4,,no-official-km,1,0,C
云南:X90,X90,,9.7,,no-official-km,2,1,C
云南:X900,X900,,6.6,,no-official-km,1,0,C
云南:X91,X91,,1.6,,no-official-km,1,0,C
云南:X921,X921,,4.1,,no-official-km,2,1,C
云南:X922,X922,,10.5,,no-official-km,1,0,C
云南:X923,X923,,8.7,,no-official-km,2,1,C
云南:X928,X928,,6.0,,no-official-km,1,0,C
云南:X93,X93,,3.3,,no-official-km,1,0,C
云南:X933,X933,,4.5,,no-official-km,1,0,C
云南:X94,X94,,5.6,,no-official-km,2,1,C
云南:X97,X97,,7.6,,no-official-km,1,0,C
云南:X98,X98,,2.3,,no-official-km,1,0,C
云南:X99,X99,,4.1,,no-official-km,1,0,C
浙江:X1,X1,,43.8,,no-official-km,4,3,C
浙江:X10,X10,,64.3,,no-official-km,3,2,C
浙江:X101,X101,,57.1,,no-official-km,4,3,C
浙江:X102,X102,,6.0,,no-official-km,2,1,C
浙江:X103,X103,,38.9,,no-official-km,4,3,C
浙江:X104,X104,,32.2,,no-official-km,2,1,C
浙江:X105,X105,,3.0,,no-official-km,1,0,C
浙江:X106,X106,,11.2,,broken-jump,2,1,C
浙江:X107,X107,,20.2,,no-official-km,4,3,C
浙江:X108,X108,,26.7,,no-official-km,4,3,C
浙江:X109,X109,,48.3,,no-official-km,5,4,C
浙江:X11,X11,,8.9,,no-official-km,1,0,C
浙江:X110,X110,,4.6,,no-official-km,3,2,C
浙江:X111,X111,,47.3,,no-official-km,3,2,C
浙江:X112,X112,,23.6,,no-official-km,1,0,C
浙江:X115,X115,,4.4,,no-official-km,1,0,C
浙江:X118,X118,,1.8,,no-official-km,1,0,C
浙江:X12,X12,,58.2,,no-official-km,2,1,C
浙江:X120,X120,,6.7,,no-official-km,2,1,C
浙江:X121,X121,,0.1,,no-official-km,1,0,C
浙江:X126,X126,,0.2,,no-official-km,1,0,C
浙江:X13,X13,,39.4,,no-official-km,3,2,C
浙江:X137,X137,,0.2,,no-official-km,1,0,C
浙江:X138,X138,,10.3,,no-official-km,1,0,C
浙江:X14,X14,,32.9,,no-official-km,5,4,C
浙江:X145,X145,,0.7,,no-official-km,1,0,C
浙江:X15,X15,,33.4,,no-official-km,4,3,C
浙江:X18,X18,,1.8,,no-official-km,1,0,C
浙江:X19,X19,,11.8,,no-official-km,2,1,C
浙江:X2,X2,,18.5,,no-official-km,2,1,C
浙江:X20,X20,,29.0,,no-official-km,3,2,C
浙江:X201,X201,,109.6,,no-official-km,4,3,C
浙江:X202,X202,,6.5,,no-official-km,2,1,C
浙江:X203,X203,,35.9,,no-official-km,2,1,C
浙江:X204,X204,,58.1,,no-official-km,2,1,C
浙江:X205,X205,,11.2,,no-official-km,2,1,C
浙江:X206,X206,,7.0,,no-official-km,2,1,C
浙江:X207,X207,,38.1,,no-official-km,1,0,C
浙江:X208,X208,,0.5,,no-official-km,1,0,C
浙江:X209,X209,,7.1,,no-official-km,1,0,C
浙江:X210,X210,,67.4,,no-official-km,3,2,C
浙江:X211,X211,,30.0,,no-official-km,3,2,C
浙江:X213,X213,,25.4,,no-official-km,2,1,C
浙江:X214,X214,,4.2,,no-official-km,1,0,C
浙江:X215,X215,,12.8,,no-official-km,2,1,C
浙江:X217,X217,,21.3,,no-official-km,2,1,C
浙江:X218,X218,,13.6,,no-official-km,2,1,C
浙江:X22,X22,,23.3,,no-official-km,2,1,C
浙江:X221,X221,,7.8,,no-official-km,1,0,C
浙江:X222,X222,,14.3,,no-official-km,1,0,C
浙江:X223,X223,,15.7,,no-official-km,2,1,C
浙江:X224,X224,,1.0,,no-official-km,1,0,C
浙江:X225,X225,,20.3,,no-official-km,4,3,C
浙江:X229,X229,,3.5,,no-official-km,1,0,C
浙江:X230,X230,,11.8,,no-official-km,1,0,C
浙江:X232,X232,,1.9,,no-official-km,1,0,C
浙江:X233,X233,,21.4,,no-official-km,2,1,C
浙江:X234,X234,,6.1,,no-official-km,1,0,C
浙江:X237,X237,,14.8,,no-official-km,1,0,C
浙江:X24,X24,,25.1,,no-official-km,1,0,C
浙江:X244,X244,,1.1,,no-official-km,1,0,C
浙江:X25,X25,,21.5,,no-official-km,2,1,C
浙江:X251,X251,,14.5,,no-official-km,1,0,C
浙江:X264,X264,,5.6,,no-official-km,2,1,C
浙江:X27,X27,,10.6,,no-official-km,1,0,C
浙江:X28,X28,,5.7,,no-official-km,1,0,C
浙江:X301,X301,,35.0,,no-official-km,5,4,C
浙江:X302,X302,,50.3,,no-official-km,3,2,C
浙江:X303,X303,,49.4,,no-official-km,3,2,C
浙江:X304,X304,,135.6,,no-official-km,7,6,C
浙江:X306,X306,,50.9,,no-official-km,6,5,C
浙江:X307,X307,,47.3,,no-official-km,6,5,C
浙江:X308,X308,,8.3,,no-official-km,3,2,C
浙江:X309,X309,,43.6,,no-official-km,4,3,C
浙江:X310,X310,,34.3,,no-official-km,3,2,C
浙江:X311,X311,,39.8,,no-official-km,2,1,C
浙江:X312,X312,,13.4,,no-official-km,2,1,C
浙江:X313,X313,,25.5,,no-official-km,3,2,C
浙江:X314,X314,,21.7,,no-official-km,3,2,C
浙江:X315,X315,,29.6,,no-official-km,2,1,C
浙江:X316,X316,,10.1,,no-official-km,2,1,C
浙江:X317,X317,,50.1,,no-official-km,3,2,C
浙江:X318,X318,,28.9,,no-official-km,4,3,C
浙江:X319,X319,,25.6,,no-official-km,3,2,C
浙江:X321,X321,,14.4,,no-official-km,1,0,C
浙江:X322,X322,,26.8,,no-official-km,2,1,C
浙江:X325,X325,,9.4,,no-official-km,1,0,C
浙江:X326,X326,,3.9,,no-official-km,1,0,C
浙江:X327,X327,,5.9,,no-official-km,1,0,C
浙江:X328,X328,,6.3,,no-official-km,1,0,C
浙江:X329,X329,,10.5,,no-official-km,1,0,C
浙江:X330,X330,,1.9,,no-official-km,1,0,C
浙江:X331,X331,,46.2,,no-official-km,1,0,C
浙江:X333,X333,,3.4,,no-official-km,1,0,C
浙江:X336,X336,,16.4,,no-official-km,1,0,C
浙江:X346,X346,,3.0,,no-official-km,1,0,C
浙江:X4,X4,,19.0,,no-official-km,1,0,C
浙江:X401,X401,,67.5,,no-official-km,6,5,C
浙江:X402,X402,,20.1,,no-official-km,1,0,C
浙江:X403,X403,,22.8,,no-official-km,4,3,C
浙江:X404,X404,,39.7,,no-official-km,1,0,C
浙江:X405,X405,,26.6,,no-official-km,2,1,C
浙江:X406,X406,,46.8,,no-official-km,4,3,C
浙江:X407,X407,,26.9,,no-official-km,2,1,C
浙江:X408,X408,,44.6,,no-official-km,6,5,C
浙江:X409,X409,,48.8,,no-official-km,7,6,C
浙江:X410,X410,,42.4,,no-official-km,5,4,C
浙江:X411,X411,,33.6,,no-official-km,2,1,C
浙江:X412,X412,,48.9,,no-official-km,7,6,C
浙江:X413,X413,,17.9,,no-official-km,1,0,C
浙江:X414,X414,,42.3,,no-official-km,2,1,C
浙江:X415,X415,,33.2,,no-official-km,3,2,C
浙江:X416,X416,,14.6,,no-official-km,2,1,C
浙江:X417,X417,,2.1,,no-official-km,1,0,C
浙江:X418,X418,,3.0,,no-official-km,1,0,C
浙江:X419,X419,,29.1,,no-official-km,4,3,C
浙江:X420,X420,,7.0,,no-official-km,1,0,C
浙江:X421,X421,,62.4,,no-official-km,8,7,C
浙江:X422,X422,,1.3,,no-official-km,2,1,C
浙江:X423,X423,,3.5,,no-official-km,1,0,C
浙江:X430,X430,,6.8,,no-official-km,1,0,C
浙江:X432,X432,,15.2,,no-official-km,1,0,C
浙江:X433,X433,,0.9,,no-official-km,1,0,C
浙江:X45,X45,,10.7,,no-official-km,2,1,C
浙江:X5,X5,,75.9,,no-official-km,9,8,C
浙江:X501,X501,,59.2,,no-official-km,6,5,C
浙江:X502,X502,,79.1,,no-official-km,7,6,C
浙江:X503,X503,,10.3,,no-official-km,2,1,C
浙江:X504,X504,,9.9,,no-official-km,1,0,C
浙江:X506,X506,,46.2,,no-official-km,3,2,C
浙江:X507,X507,,70.0,,no-official-km,9,8,C
浙江:X508,X508,,20.6,,no-official-km,2,1,C
浙江:X509,X509,,11.5,,no-official-km,1,0,C
浙江:X510,X510,,77.0,,no-official-km,7,6,C
浙江:X511,X511,,2.4,,no-official-km,2,1,C
浙江:X513,X513,,26.5,,no-official-km,3,2,C
浙江:X514,X514,,14.4,,no-official-km,1,0,C
浙江:X515,X515,,35.2,,no-official-km,4,3,C
浙江:X516,X516,,7.7,,no-official-km,1,0,C
浙江:X523,X523,,75.0,,no-official-km,6,5,C
浙江:X525,X525,,24.3,,no-official-km,2,1,C
浙江:X530,X530,,21.2,,no-official-km,2,1,C
浙江:X54,X54,,4.4,,no-official-km,1,0,C
浙江:X601,X601,,23.9,,no-official-km,2,1,C
浙江:X602,X602,,39.8,,no-official-km,5,4,C
浙江:X603,X603,,83.4,,no-official-km,10,9,C
浙江:X604,X604,,108.4,,no-official-km,9,8,C
浙江:X605,X605,,69.5,,no-official-km,6,5,C
浙江:X606,X606,,38.2,,no-official-km,3,2,C
浙江:X607,X607,,36.9,,no-official-km,3,2,C
浙江:X608,X608,,15.6,,no-official-km,1,0,C
浙江:X609,X609,,10.7,,no-official-km,1,0,C
浙江:X610,X610,,29.2,,no-official-km,1,0,C
浙江:X611,X611,,38.1,,no-official-km,2,1,C
浙江:X612,X612,,14.3,,no-official-km,1,0,C
浙江:X613,X613,,55.3,,no-official-km,3,2,C
浙江:X614,X614,,15.2,,no-official-km,1,0,C
浙江:X615,X615,,88.7,,no-official-km,3,2,C
浙江:X616,X616,,20.2,,no-official-km,5,4,C
浙江:X617,X617,,8.3,,no-official-km,2,1,C
浙江:X618,X618,,21.7,,no-official-km,3,2,C
浙江:X619,X619,,35.6,,no-official-km,5,4,C
浙江:X620,X620,,15.2,,no-official-km,2,1,C
浙江:X621,X621,,43.2,,no-official-km,1,0,C
浙江:X622,X622,,15.1,,no-official-km,1,0,C
浙江:X623,X623,,5.5,,no-official-km,1,0,C
浙江:X625,X625,,21.3,,no-official-km,1,0,C
浙江:X626,X626,,10.8,,no-official-km,1,0,C
浙江:X627,X627,,4.0,,no-official-km,1,0,C
浙江:X629,X629,,2.8,,no-official-km,2,1,C
浙江:X632,X632,,5.2,,no-official-km,1,0,C
浙江:X651,X651,,7.4,,no-official-km,1,0,C
浙江:X7,X7,,38.7,,no-official-km,3,2,C
浙江:X701,X701,,33.6,,no-official-km,5,4,C
浙江:X703,X703,,2.4,,no-official-km,1,0,C
浙江:X704,X704,,21.3,,no-official-km,2,1,C
浙江:X706,X706,,4.9,,no-official-km,2,1,C
浙江:X710,X710,,50.9,,no-official-km,2,1,C
浙江:X711,X711,,57.4,,no-official-km,5,4,C
浙江:X712,X712,,22.4,,no-official-km,1,0,C
浙江:X713,X713,,16.0,,no-official-km,1,0,C
浙江:X714,X714,,5.2,,no-official-km,1,0,C
浙江:X716,X716,,8.7,,no-official-km,1,0,C
浙江:X731,X731,,3.8,,no-official-km,1,0,C
浙江:X8,X8,,21.5,,no-official-km,2,1,C
浙江:X801,X801,,37.7,,no-official-km,4,3,C
浙江:X802,X802,,127.1,,no-official-km,6,5,C
浙江:X803,X803,,87.5,,no-official-km,10,9,C
浙江:X804,X804,,21.3,,no-official-km,1,0,C
浙江:X805,X805,,12.2,,no-official-km,1,0,C
浙江:X806,X806,,11.0,,no-official-km,2,1,C
浙江:X807,X807,,40.9,,no-official-km,4,3,C
浙江:X808,X808,,19.8,,no-official-km,1,0,C
浙江:X809,X809,,8.1,,no-official-km,2,1,C
浙江:X811,X811,,9.7,,no-official-km,1,0,C
浙江:X812,X812,,1.7,,no-official-km,1,0,C
浙江:X815,X815,,6.4,,no-official-km,1,0,C
浙江:X816,X816,,4.0,,no-official-km,1,0,C
浙江:X820,X820,,6.4,,no-official-km,1,0,C
浙江:X822,X822,,3.5,,no-official-km,1,0,C
浙江:X823,X823,,25.6,,no-official-km,1,0,C
浙江:X830,X830,,16.4,,no-official-km,5,4,C
浙江:X857,X857,,9.0,,no-official-km,2,1,C
浙江:X87,X87,,0.3,,no-official-km,1,0,C
浙江:X9,X9,,9.4,,no-official-km,1,0,C
浙江:X901,X901,,22.0,,no-official-km,2,1,C
浙江:X903,X903,,3.9,,no-official-km,1,0,C
浙江:X922,X922,,7.5,,no-official-km,1,0,C
浙江:X924,X924,,7.2,,no-official-km,1,0,C
浙江:X941,X941,,13.4,,no-official-km,1,0,C
浙江:X944,X944,,36.2,,no-official-km,2,1,C
浙江:X945,X945,,29.0,,no-official-km,3,2,C
浙江:X946,X946,,37.4,,no-official-km,1,0,C
浙江:X957,X957,,10.3,,no-official-km,1,0,C
浙江:X961,X961,,10.5,,no-official-km,1,0,C
浙江:X971,X971,,17.8,,no-official-km,1,0,C
浙江:X972,X972,,12.6,,no-official-km,1,0,C
浙江:X973,X973,,21.4,,no-official-km,1,0,C
浙江:X977,X977,,11.4,,no-official-km,1,0,C
安徽:S1,S1,,57.1,,no-official-km,1,0,C
安徽:S101,S101,,276.3,,no-official-km,15,14,C
安徽:S102,S102,,333.2,,broken-jump,13,12,C
安徽:S103,S103,,411.2,,no-official-km,11,10,C
安徽:S104,S104,,247.5,,no-official-km,14,13,C
安徽:S105,S105,,176.8,,no-official-km,12,11,C
安徽:S11,S11,,192.2,,no-official-km,1,0,C
安徽:S12,S12,,371.5,,no-official-km,2,1,C
安徽:S121,S121,,9.9,,broken-jump,3,2,C
安徽:S124,S124,,,,no-geometry,0,0,
安徽:S126,S126,,8.6,,no-official-km,1,0,C
安徽:S14,S14,,8.1,,no-official-km,1,0,C
安徽:S17,S17,,111.8,,no-official-km,2,1,C
安徽:S20,S20,,4.0,,no-official-km,1,0,C
安徽:S201,S201,,59.6,,no-official-km,6,5,C
安徽:S202,S202,,73.1,,no-official-km,5,4,C
安徽:S203,S203,,131.3,,no-official-km,7,6,C
安徽:S204,S204,,103.4,,no-official-km,5,4,C
安徽:S205,S205,,87.6,,no-official-km,7,6,C
安徽:S206,S206,,128.6,,no-official-km,6,5,C
安徽:S207,S207,,137.9,,no-official-km,3,2,C
安徽:S208,S208,,157.9,,no-official-km,11,10,C
安徽:S209,S209,,102.7,,no-official-km,6,5,C
安徽:S21,S21,,19.5,,no-official-km,1,0,C
安徽:S210,S210,,65.4,,no-official-km,4,3,C
安徽:S211,S211,,130.8,,no-official-km,4,3,C
安徽:S212,S212,,57.6,,no-official-km,2,1,C
安徽:S213,S213,,128.9,,no-official-km,5,4,C
安徽:S214,S214,,77.1,,no-official-km,3,2,C
安徽:S215,S215,,150.3,,no-official-km,7,6,C
安徽:S216,S216,,125.6,,no-official-km,5,4,C
安徽:S217,S217,,144.3,,no-official-km,3,2,C
安徽:S218,S218,,58.3,,no-official-km,4,3,C
安徽:S219,S219,,139.4,,no-official-km,5,4,C
安徽:S22,S22,,290.8,,no-official-km,3,2,C
安徽:S220,S220,,62.8,,no-official-km,1,0,C
安徽:S221,S221,,25.1,,no-official-km,2,1,C
安徽:S222,S222,,142.8,,no-official-km,4,3,C
安徽:S223,S223,,90.9,,no-official-km,3,2,C
安徽:S224,S224,,114.3,,no-official-km,9,8,C
安徽:S225,S225,,90.6,,no-official-km,4,3,C
安徽:S226,S226,,53.4,,no-official-km,1,0,C
安徽:S227,S227,,81.9,,no-official-km,3,2,C
安徽:S228,S228,,79.8,,no-official-km,4,3,C
安徽:S229,S229,,65.3,,broken-jump,1,0,C
安徽:S230,S230,,195.3,,no-official-km,9,8,C
安徽:S231,S231,,83.2,,no-official-km,3,2,C
安徽:S232,S232,,99.4,,no-official-km,5,4,C
安徽:S233,S233,,96.0,,no-official-km,4,3,C
安徽:S234,S234,,127.0,,no-official-km,2,1,C
安徽:S235,S235,,73.3,,no-official-km,4,3,C
安徽:S236,S236,,114.8,,no-official-km,9,8,C
安徽:S237,S237,,223.6,,no-official-km,7,6,C
安徽:S238,S238,,230.6,,no-official-km,11,10,C
安徽:S239,S239,,81.6,,broken-jump,2,1,C
安徽:S240,S240,,91.9,,no-official-km,3,2,C
安徽:S241,S241,,211.4,,no-official-km,6,5,C
安徽:S242,S242,,67.1,,broken-jump,1,0,C
安徽:S243,S243,,22.0,,no-official-km,1,0,C
安徽:S244,S244,,83.7,,no-official-km,2,1,C
安徽:S245,S245,,302.8,,no-official-km,12,11,C
安徽:S246,S246,,174.5,,no-official-km,4,3,C
安徽:S247,S247,,77.3,,broken-jump,6,5,C
安徽:S248,S248,,105.9,,no-official-km,3,2,C
安徽:S249,S249,,81.8,,no-official-km,2,1,C
安徽:S25,S25,,170.8,,no-official-km,3,2,C
安徽:S250,S250,,81.1,,broken-jump,3,2,C
安徽:S251,S251,,149.8,,no-official-km,5,4,C
安徽:S252,S252,,82.6,,broken-jump,7,6,C
安徽:S253,S253,,64.1,,no-official-km,4,3,C
安徽:S254,S254,,131.2,,no-official-km,3,2,C
安徽:S255,S255,,73.7,,no-official-km,2,1,C
安徽:S26,S26,,23.5,,no-official-km,1,0,C
安徽:S269,S269,,13.1,,no-official-km,2,1,C
安徽:S27,S27,,77.1,,no-official-km,1,0,C
安徽:S271,S271,,21.1,,broken-jump,1,0,C
安徽:S278,S278,,7.6,,no-official-km,1,0,C
安徽:S28,S28,,26.5,,no-official-km,1,0,C
安徽:S29,S29,,13.3,,no-official-km,3,2,C
安徽:S3,S3,,43.9,,no-official-km,1,0,C
安徽:S30,S30,,69.8,,no-official-km,1,0,C
安徽:S301,S301,,5.2,,no-official-km,1,0,C
安徽:S302,S302,,158.1,,no-official-km,7,6,C
安徽:S303,S303,,141.7,,no-official-km,11,10,C
安徽:S304,S304,,104.0,,no-official-km,4,3,C
安徽:S305,S305,,28.4,,no-official-km,5,4,C
安徽:S306,S306,,239.5,,no-official-km,10,9,C
安徽:S307,S307,,121.2,,no-official-km,7,6,C
安徽:S308,S308,,121.0,,broken-jump,5,4,C
安徽:S309,S309,,172.5,,broken-jump,5,4,C
安徽:S310,S310,,30.7,,no-official-km,5,4,C
安徽:S311,S311,,16.0,,no-official-km,2,1,C
安徽:S312,S312,,238.2,,broken-jump,9,8,C
安徽:S313,S313,,74.4,,no-official-km,2,1,C
安徽:S314,S314,,61.5,,broken-jump,2,1,C
安徽:S315,S315,,94.2,,broken-jump,4,3,C
安徽:S316,S316,,69.7,,no-official-km,4,3,C
安徽:S317,S317,,98.0,,no-official-km,6,5,C
安徽:S318,S318,,89.7,,broken-jump,6,5,C
安徽:S319,S319,,135.9,,broken-jump,6,5,C
安徽:S32,S32,,55.3,,no-official-km,2,1,C
安徽:S320,S320,,179.9,,no-official-km,9,8,C
安徽:S321,S321,,78.3,,broken-jump,7,6,C
安徽:S322,S322,,138.9,,no-official-km,5,4,C
安徽:S323,S323,,30.9,,no-official-km,1,0,C
安徽:S324,S324,,204.5,,no-official-km,8,7,C
安徽:S325,S325,,45.3,,no-official-km,1,0,C
安徽:S326,S326,,80.6,,no-official-km,2,1,C
安徽:S327,S327,,44.2,,no-official-km,7,6,C
安徽:S328,S328,,81.3,,no-official-km,3,2,C
安徽:S329,S329,,119.5,,no-official-km,1,0,C
安徽:S33,S33,,35.8,,no-official-km,1,0,C
安徽:S330,S330,,253.8,,no-official-km,16,15,C
安徽:S331,S331,,135.4,,no-official-km,4,3,C
安徽:S332,S332,,152.9,,no-official-km,8,7,C
安徽:S333,S333,,2.8,,no-official-km,2,1,C
安徽:S334,S334,,95.3,,no-official-km,6,5,C
安徽:S335,S335,,100.7,,no-official-km,11,10,C
安徽:S336,S336,,3.9,,no-official-km,1,0,C
安徽:S337,S337,,1.6,,no-official-km,1,0,C
安徽:S338,S338,,36.0,,no-official-km,4,3,C
安徽:S339,S339,,50.0,,no-official-km,1,0,C
安徽:S340,S340,,85.4,,no-official-km,8,7,C
安徽:S341,S341,,67.9,,no-official-km,7,6,C
安徽:S342,S342,,17.6,,no-official-km,2,1,C
安徽:S343,S343,,77.9,,no-official-km,2,1,C
安徽:S344,S344,,56.5,,no-official-km,1,0,C
安徽:S345,S345,,108.3,,no-official-km,2,1,C
安徽:S346,S346,,81.5,,no-official-km,3,2,C
安徽:S347,S347,,16.1,,broken-jump,4,3,C
安徽:S348,S348,,92.4,,no-official-km,4,3,C
安徽:S349,S349,,65.0,,no-official-km,1,0,C
安徽:S351,S351,,40.5,,no-official-km,3,2,C
安徽:S353,S353,,3.0,,no-official-km,1,0,C
安徽:S358,S358,,20.6,,no-official-km,3,2,C
安徽:S36,S36,,90.5,,no-official-km,1,0,C
安徽:S360,S360,,18.0,,no-official-km,1,0,C
安徽:S38,S38,,15.8,,no-official-km,2,1,C
安徽:S4,S4,,16.7,,no-official-km,2,1,C
安徽:S40,S40,,39.6,,no-official-km,1,0,C
安徽:S401,S401,,19.7,,no-official-km,1,0,C
安徽:S402,S402,,27.8,,no-official-km,2,1,C
安徽:S403,S403,,12.5,,no-official-km,1,0,C
安徽:S404,S404,,16.2,,no-official-km,1,0,C
安徽:S405,S405,,26.1,,broken-jump,1,0,C
安徽:S406,S406,,27.0,,no-official-km,2,1,C
安徽:S407,S407,,43.2,,no-official-km,1,0,C
安徽:S408,S408,,48.6,,no-official-km,1,0,C
安徽:S409,S409,,6.5,,no-official-km,1,0,C
安徽:S410,S410,,31.7,,no-official-km,2,1,C
安徽:S411,S411,,39.0,,no-official-km,1,0,C
安徽:S412,S412,,24.4,,no-official-km,1,0,C
安徽:S413,S413,,17.8,,no-official-km,2,1,C
安徽:S414,S414,,36.0,,no-official-km,1,0,C
安徽:S415,S415,,4.8,,no-official-km,1,0,C
安徽:S417,S417,,46.6,,broken-jump,2,1,C
安徽:S419,S419,,30.8,,no-official-km,1,0,C
安徽:S42,S42,,117.4,,no-official-km,1,0,C
安徽:S420,S420,,10.9,,no-official-km,1,0,C
安徽:S421,S421,,71.7,,broken-jump,4,3,C
安徽:S422,S422,,38.1,,no-official-km,1,0,C
安徽:S423,S423,,38.6,,no-official-km,1,0,C
安徽:S424,S424,,14.2,,no-official-km,1,0,C
安徽:S425,S425,,5.8,,no-official-km,1,0,C
安徽:S433,S433,,48.0,,no-official-km,2,1,C
安徽:S435,S435,,21.0,,no-official-km,1,0,C
安徽:S436,S436,,20.4,,no-official-km,1,0,C
安徽:S437,S437,,13.6,,no-official-km,1,0,C
安徽:S438,S438,,12.3,,no-official-km,1,0,C
安徽:S44,S44,,10.8,,no-official-km,1,0,C
安徽:S440,S440,,38.6,,no-official-km,2,1,C
安徽:S441,S441,,25.9,,no-official-km,2,1,C
安徽:S442,S442,,27.4,,no-official-km,3,2,C
安徽:S443,S443,,29.4,,no-official-km,1,0,C
安徽:S444,S444,,2.9,,no-official-km,1,0,C
安徽:S445,S445,,36.7,,no-official-km,2,1,C
安徽:S446,S446,,33.8,,no-official-km,1,0,C
安徽:S447,S447,,46.2,,no-official-km,2,1,C
安徽:S448,S448,,38.5,,no-official-km,1,0,C
安徽:S449,S449,,30.2,,no-official-km,2,1,C
安徽:S450,S450,,12.7,,no-official-km,2,1,C
安徽:S451,S451,,56.6,,no-official-km,2,1,C
安徽:S453,S453,,6.1,,no-official-km,1,0,C
安徽:S454,S454,,19.6,,no-official-km,1,0,C
安徽:S455,S455,,9.8,,no-official-km,1,0,C
安徽:S456,S456,,8.3,,no-official-km,1,0,C
安徽:S457,S457,,51.9,,no-official-km,4,3,C
安徽:S458,S458,,30.6,,no-official-km,1,0,C
安徽:S459,S459,,23.7,,no-official-km,4,3,C
安徽:S460,S460,,45.0,,no-official-km,6,5,C
安徽:S461,S461,,16.2,,no-official-km,1,0,C
安徽:S462,S462,,31.5,,no-official-km,2,1,C
安徽:S463,S463,,3.8,,no-official-km,1,0,C
安徽:S465,S465,,25.0,,no-official-km,2,1,C
安徽:S466,S466,,8.1,,no-official-km,1,0,C
安徽:S467,S467,,33.4,,no-official-km,1,0,C
安徽:S468,S468,,9.1,,no-official-km,1,0,C
安徽:S470,S470,,38.0,,broken-jump,1,0,C
安徽:S471,S471,,23.8,,no-official-km,1,0,C
安徽:S474,S474,,20.3,,no-official-km,1,0,C
安徽:S476,S476,,15.7,,no-official-km,1,0,C
安徽:S477,S477,,12.9,,no-official-km,1,0,C
安徽:S478,S478,,9.2,,no-official-km,3,2,C
安徽:S48,S48,,0.6,,no-official-km,1,0,C
安徽:S480,S480,,17.0,,no-official-km,1,0,C
安徽:S49,S49,,7.1,,no-official-km,3,2,C
安徽:S5,S5,,89.2,,no-official-km,1,0,C
安徽:S502,S502,,6.8,,no-official-km,1,0,C
安徽:S518,S518,,17.5,,no-official-km,4,3,C
安徽:S534,S534,,3.4,,no-official-km,2,1,C
安徽:S55,S55,,2.9,,no-official-km,1,0,C
安徽:S6,S6,,53.0,,no-official-km,1,0,C
安徽:S601,S601,,188.3,,no-official-km,6,5,C
安徽:S602,S602,,31.2,,no-official-km,1,0,C
安徽:S603,S603,,43.4,,no-official-km,3,2,C
安徽:S604,S604,,8.6,,no-official-km,1,0,C
安徽:S605,S605,,42.2,,no-official-km,2,1,C
安徽:S606,S606,,15.6,,no-official-km,1,0,C
安徽:S65,S65,,3.8,,no-official-km,1,0,C
安徽:S68,S68,,13.4,,no-official-km,1,0,C
安徽:S7,S7,,153.3,,no-official-km,1,0,C
安徽:S78,S78,,2.4,,no-official-km,1,0,C
安徽:S8,S8,,212.7,,no-official-km,2,1,C
安徽:S80,S80,,2.2,,no-official-km,2,1,C
安徽:S81,S81,,23.5,,no-official-km,1,0,C
安徽:S9,S9,,133.4,,no-official-km,1,0,C
安徽:S92,S92,,12.8,,no-official-km,1,0,C
安徽:S93,S93,,15.9,,no-official-km,1,0,C
安徽:S95,S95,,57.4,,no-official-km,1,0,C
安徽:S96,S96,,0.3,,no-official-km,1,0,C
安徽:S98,S98,,40.0,,no-official-km,1,0,C
北京:S1,S1,,2.2,,no-official-km,1,0,C
北京:S101,S101,,5.3,,no-official-km,1,0,C
北京:S11,S11,,29.4,,broken-jump,5,4,C
北京:S12,S12,,21.3,,broken-jump,1,0,C
北京:S15,S15,,36.9,,no-official-km,1,0,C
北京:S201,S201,,37.4,,no-official-km,5,4,C
北京:S202,S202,,28.2,,no-official-km,5,4,C
北京:S203,S203,,32.8,,no-official-km,5,4,C
北京:S204,S204,,44.7,,broken-jump,3,2,C
北京:S205,S205,,34.8,,no-official-km,6,5,C
北京:S206,S206,,3.0,,no-official-km,1,0,C
北京:S207,S207,,15.5,,no-official-km,1,0,C
北京:S208,S208,,11.2,,no-official-km,4,3,C
北京:S209,S209,,18.9,,no-official-km,2,1,C
北京:S210,S210,,11.1,,no-official-km,3,2,C
北京:S211,S211,,25.0,,no-official-km,1,0,C
北京:S212,S212,,98.6,,no-official-km,7,6,C
北京:S213,S213,,68.0,,no-official-km,3,2,C
北京:S214,S214,,13.3,,broken-jump,2,1,C
北京:S215,S215,,19.2,,no-official-km,1,0,C
北京:S216,S216,,103.8,,no-official-km,9,8,C
北京:S217,S217,,11.5,,no-official-km,2,1,C
北京:S218,S218,,13.9,,no-official-km,2,1,C
北京:S219,S219,,41.7,,no-official-km,3,2,C
北京:S22,S22,,3.4,,no-official-km,1,0,C
北京:S220,S220,,11.1,,no-official-km,3,2,C
北京:S221,S221,,10.1,,no-official-km,3,2,C
北京:S222,S222,,11.9,,no-official-km,2,1,C
北京:S223,S223,,21.1,,broken-jump,4,3,C
北京:S224,S224,,14.5,,no-official-km,4,3,C
北京:S225,S225,,10.2,,no-official-km,2,1,C
北京:S226,S226,,15.0,,no-official-km,2,1,C
北京:S227,S227,,11.2,,no-official-km,2,1,C
北京:S228,S228,,27.3,,no-official-km,3,2,C
北京:S229,S229,,70.0,,no-official-km,2,1,C
北京:S230,S230,,33.3,,no-official-km,1,0,C
北京:S231,S231,,15.4,,no-official-km,2,1,C
北京:S233,S233,,6.3,,no-official-km,2,1,C
北京:S234,S234,,6.8,,no-official-km,1,0,C
北京:S235,S235,,16.4,,broken-jump,3,2,C
北京:S236,S236,,22.7,,no-official-km,1,0,C
北京:S237,S237,,14.8,,no-official-km,3,2,C
北京:S271,S271,,5.4,,no-official-km,2,1,C
北京:S28,S28,,9.8,,no-official-km,1,0,C
北京:S30,S30,,3.1,,no-official-km,1,0,C
北京:S301,S301,,10.8,,no-official-km,1,0,C
北京:S302,S302,,23.9,,no-official-km,7,6,C
北京:S303,S303,,10.5,,no-official-km,3,2,C
北京:S304,S304,,14.1,,no-official-km,3,2,C
北京:S305,S305,,66.5,,no-official-km,4,3,C
北京:S306,S306,,16.1,,broken-jump,2,1,C
北京:S307,S307,,20.2,,broken-jump,2,1,C
北京:S308,S308,,47.6,,no-official-km,4,3,C
北京:S309,S309,,63.1,,no-official-km,1,0,C
北京:S3105,S3105,,48.0,,no-official-km,2,1,C
北京:S311,S311,,37.7,,no-official-km,3,2,C
北京:S312,S312,,38.5,,no-official-km,1,0,C
北京:S313,S313,,37.2,,no-official-km,3,2,C
北京:S314,S314,,23.1,,no-official-km,4,3,C
北京:S315,S315,,27.0,,no-official-km,3,2,C
北京:S316,S316,,24.5,,no-official-km,10,9,C
北京:S317,S317,,31.6,,no-official-km,5,4,C
北京:S318,S318,,2.4,,no-official-km,1,0,C
北京:S319,S319,,10.9,,no-official-km,3,2,C
北京:S32,S32,,63.2,,no-official-km,6,5,C
北京:S320,S320,,22.0,,no-official-km,3,2,C
北京:S3201,S3201,,2.2,,no-official-km,1,0,C
北京:S321,S321,,45.5,,no-official-km,6,5,C
北京:S322,S322,,26.5,,no-official-km,1,0,C
北京:S323,S323,,13.4,,no-official-km,5,4,C
北京:S324,S324,,13.7,,no-official-km,1,0,C
北京:S325,S325,,6.7,,no-official-km,1,0,C
北京:S326,S326,,11.3,,no-official-km,1,0,C
北京:S327,S327,,20.2,,broken-jump,2,1,C
北京:S328,S328,,24.6,,no-official-km,5,4,C
北京:S329,S329,,12.0,,no-official-km,3,2,C
北京:S330,S330,,80.2,,no-official-km,9,8,C
北京:S3300,S3300,,22.9,,no-official-km,1,0,C
北京:S3301,S3301,,37.4,,no-official-km,2,1,C
北京:S331,S331,,11.2,,no-official-km,2,1,C
北京:S332,S332,,27.4,,no-official-km,4,3,C
北京:S333,S333,,1.6,,no-official-km,1,0,C
北京:S335,S335,,61.3,,no-official-km,1,0,C
北京:S336,S336,,13.4,,no-official-km,1,0,C
北京:S337,S337,,30.8,,no-official-km,3,2,C
北京:S338,S338,,5.1,,no-official-km,1,0,C
北京:S35,S35,,9.3,,no-official-km,1,0,C
北京:S3501,S3501,,45.3,,broken-jump,1,0,C
北京:S353,S353,,6.3,,no-official-km,1,0,C
北京:S3601,S3601,,29.7,,no-official-km,1,0,C
北京:S361,S361,,2.8,,no-official-km,1,0,C
北京:S3701,S3701,,87.9,,no-official-km,1,0,C
北京:S371,S371,,6.2,,no-official-km,1,0,C
北京:S3801,S3801,,117.4,,no-official-km,3,2,C
北京:S3901,S3901,,1.5,,no-official-km,1,0,C
北京:S46,S46,,4.7,,no-official-km,1,0,C
北京:S50,S50,,107.0,,no-official-km,3,2,C
北京:S51,S51,,12.3,,no-official-km,2,1,C
北京:S66,S66,,10.0,,no-official-km,1,0,C
重庆:S1,S1,,42.4,,no-official-km,1,0,C
重庆:S10,S10,,121.4,,no-official-km,2,1,C
重庆:S101,S101,,37.9,,no-official-km,4,3,C
重庆:S102,S102,,875.0,,no-official-km,10,9,C
重庆:S103,S103,,100.3,,no-official-km,7,6,C
重庆:S104,S104,,217.4,,no-official-km,5,4,C
重庆:S105,S105,,114.2,,no-official-km,4,3,C
重庆:S106,S106,,93.1,,no-official-km,7,6,C
重庆:S107,S107,,191.8,,no-official-km,11,10,C
重庆:S108,S108,,55.9,,no-official-km,7,6,C
重庆:S109,S109,,3.4,,no-official-km,1,0,C
重庆:S11,S11,,20.2,,no-official-km,2,1,C
重庆:S12,S12,,13.2,,no-official-km,2,1,C
重庆:S15,S15,,19.8,,no-official-km,3,2,C
重庆:S16,S16,,21.5,,no-official-km,1,0,C
重庆:S17,S17,,4.8,,no-official-km,1,0,C
重庆:S19,S19,,45.8,,no-official-km,1,0,C
重庆:S2,S2,,0.2,,no-official-km,2,1,C
重庆:S20,S20,,6.6,,no-official-km,1,0,C
重庆:S201,S201,,391.7,,no-official-km,11,10,C
重庆:S202,S202,,166.7,,no-official-km,13,12,C
重庆:S203,S203,,218.1,,no-official-km,6,5,C
重庆:S204,S204,,429.6,,no-official-km,4,3,C
重庆:S205,S205,,107.9,,no-official-km,11,10,C
重庆:S206,S206,,494.0,,no-official-km,11,10,C
重庆:S207,S207,,230.5,,no-official-km,9,8,C
重庆:S208,S208,,220.3,,no-official-km,14,13,C
重庆:S209,S209,,135.3,,no-official-km,7,6,C
重庆:S21,S21,,69.1,,no-official-km,2,1,C
重庆:S214,S214,,3.3,,no-official-km,1,0,C
重庆:S22,S22,,13.2,,no-official-km,1,0,C
重庆:S231,S231,,1.7,,no-official-km,1,0,C
重庆:S248,S248,,6.7,,no-official-km,1,0,C
重庆:S249,S249,,30.0,,no-official-km,4,3,C
重庆:S25,S25,,43.0,,no-official-km,2,1,C
重庆:S256,S256,,9.3,,no-official-km,1,0,C
重庆:S27,S27,,5.4,,broken-jump,1,0,C
重庆:S270,S270,,1.8,,no-official-km,1,0,C
重庆:S285,S285,,4.9,,no-official-km,1,0,C
重庆:S286,S286,,36.1,,no-official-km,2,1,C
重庆:S3,S3,,233.1,,no-official-km,4,3,C
重庆:S301,S301,,73.8,,no-official-km,4,3,C
重庆:S302,S302,,128.6,,no-official-km,7,6,C
重庆:S303,S303,,125.6,,no-official-km,4,3,C
重庆:S304,S304,,213.8,,no-official-km,5,4,C
重庆:S305,S305,,168.4,,no-official-km,5,4,C
重庆:S306,S306,,181.4,,no-official-km,5,4,C
重庆:S307,S307,,90.9,,no-official-km,4,3,C
重庆:S308,S308,,19.1,,no-official-km,2,1,C
重庆:S309,S309,,12.3,,no-official-km,3,2,C
重庆:S31,S31,,23.0,,no-official-km,2,1,C
重庆:S310,S310,,,,no-geometry,0,0,
重庆:S311,S311,,0.1,,no-official-km,1,0,C
重庆:S317,S317,,7.1,,no-official-km,1,0,C
重庆:S33,S33,,3.4,,no-official-km,1,0,C
重庆:S34,S34,,32.9,,no-official-km,1,0,C
重庆:S348,S348,,0.1,,no-official-km,1,0,C
重庆:S360,S360,,17.1,,no-official-km,1,0,C
重庆:S365,S365,,3.0,,no-official-km,2,1,C
重庆:S37,S37,,80.4,,no-official-km,1,0,C
重庆:S38,S38,,2.3,,no-official-km,1,0,C
重庆:S39,S39,,54.8,,no-official-km,1,0,C
重庆:S4,S4,,26.5,,no-official-km,1,0,C
重庆:S402,S402,,1.0,,no-official-km,1,0,C
重庆:S404,S404,,8.1,,no-official-km,1,0,C
重庆:S407,S407,,13.5,,no-official-km,2,1,C
重庆:S412,S412,,,,no-geometry,0,0,
重庆:S414,S414,,1.4,,no-official-km,1,0,C
重庆:S426,S426,,6.1,,no-official-km,2,1,C
重庆:S437,S437,,38.9,,no-official-km,3,2,C
重庆:S438,S438,,6.5,,no-official-km,1,0,C
重庆:S441,S441,,33.9,,no-official-km,2,1,C
重庆:S463,S463,,31.5,,no-official-km,1,0,C
重庆:S465,S465,,5.6,,no-official-km,1,0,C
重庆:S466,S466,,12.8,,no-official-km,1,0,C
重庆:S47,S47,,10.9,,no-official-km,1,0,C
重庆:S48,S48,,8.0,,no-official-km,1,0,C
重庆:S49,S49,,0.0,,no-official-km,1,0,C
重庆:S5,S5,,74.4,,no-official-km,1,0,C
重庆:S501,S501,,26.0,,no-official-km,2,1,C
重庆:S502,S502,,263.4,,no-official-km,2,1,C
重庆:S503,S503,,81.3,,no-official-km,5,4,C
重庆:S504,S504,,52.7,,no-official-km,1,0,C
重庆:S505,S505,,112.4,,no-official-km,5,4,C
重庆:S506,S506,,97.9,,no-official-km,4,3,C
重庆:S507,S507,,15.0,,no-official-km,2,1,C
重庆:S508,S508,,19.5,,no-official-km,2,1,C
重庆:S509,S509,,10.1,,no-official-km,1,0,C
重庆:S510,S510,,50.4,,no-official-km,3,2,C
重庆:S511,S511,,50.1,,no-official-km,2,1,C
重庆:S512,S512,,233.5,,no-official-km,6,5,C
重庆:S513,S513,,176.3,,no-official-km,4,3,C
重庆:S515,S515,,105.8,,no-official-km,1,0,C
重庆:S516,S516,,63.1,,no-official-km,1,0,C
重庆:S517,S517,,59.3,,no-official-km,1,0,C
重庆:S518,S518,,125.7,,no-official-km,6,5,C
重庆:S519,S519,,53.0,,no-official-km,2,1,C
重庆:S520,S520,,53.0,,no-official-km,1,0,C
重庆:S521,S521,,33.0,,no-official-km,3,2,C
重庆:S522,S522,,247.7,,no-official-km,8,7,C
重庆:S523,S523,,112.5,,no-official-km,2,1,C
重庆:S524,S524,,118.1,,no-official-km,6,5,C
重庆:S525,S525,,147.8,,no-official-km,4,3,C
重庆:S526,S526,,80.2,,no-official-km,3,2,C
重庆:S527,S527,,45.5,,no-official-km,3,2,C
重庆:S528,S528,,102.7,,no-official-km,2,1,C
重庆:S529,S529,,130.1,,no-official-km,1,0,C
重庆:S53,S53,,148.2,,no-official-km,2,1,C
重庆:S531,S531,,54.1,,no-official-km,3,2,C
重庆:S532,S532,,92.1,,no-official-km,4,3,C
重庆:S534,S534,,88.9,,no-official-km,4,3,C
重庆:S535,S535,,13.8,,no-official-km,2,1,C
重庆:S536,S536,,51.9,,no-official-km,1,0,C
重庆:S537,S537,,66.4,,no-official-km,2,1,C
重庆:S538,S538,,64.2,,no-official-km,2,1,C
重庆:S539,S539,,101.6,,no-official-km,4,3,C
重庆:S540,S540,,89.6,,no-official-km,5,4,C
重庆:S541,S541,,41.8,,no-official-km,2,1,C
重庆:S542,S542,,19.9,,no-official-km,2,1,C
重庆:S543,S543,,82.2,,no-official-km,3,2,C
重庆:S544,S544,,173.2,,no-official-km,7,6,C
重庆:S545,S545,,125.7,,no-official-km,7,6,C
重庆:S546,S546,,171.5,,no-official-km,4,3,C
重庆:S547,S547,,133.2,,no-official-km,7,6,C
重庆:S548,S548,,70.4,,no-official-km,4,3,C
重庆:S549,S549,,74.2,,no-official-km,2,1,C
重庆:S55,S55,,148.4,,no-official-km,1,0,C
重庆:S550,S550,,74.9,,no-official-km,3,2,C
重庆:S551,S551,,6.6,,no-official-km,1,0,C
重庆:S552,S552,,0.5,,no-official-km,1,0,C
重庆:S553,S553,,16.3,,no-official-km,2,1,C
重庆:S56,S56,,27.3,,no-official-km,1,0,C
重庆:S561,S561,,7.8,,no-official-km,1,0,C
重庆:S562,S562,,5.8,,no-official-km,1,0,C
重庆:S57,S57,,26.9,,no-official-km,1,0,C
重庆:S580,S580,,3.9,,no-official-km,1,0,C
重庆:S583,S583,,39.2,,no-official-km,2,1,C
重庆:S59,S59,,2.0,,no-official-km,1,0,C
重庆:S6,S6,,57.5,,no-official-km,1,0,C
重庆:S74,S74,,4.1,,no-official-km,1,0,C
重庆:S8,S8,,53.3,,no-official-km,1,0,C
重庆:S82,S82,,13.0,,no-official-km,1,0,C
重庆:S9,S9,,95.3,,no-official-km,1,0,C
福建:S10,S10,,4.3,,no-official-km,2,1,C
福建:S104,S104,,15.5,,no-official-km,1,0,C
福建:S11,S11,,115.5,,no-official-km,2,1,C
福建:S12,S12,,19.4,,no-official-km,1,0,C
福建:S15,S15,,21.0,,no-official-km,1,0,C
福建:S1573,S1573,,8.4,,no-official-km,1,0,C
福建:S201,S201,,334.5,,no-official-km,26,25,C
福建:S202,S202,,197.0,,no-official-km,13,12,C
福建:S203,S203,,301.2,,no-official-km,24,23,C
福建:S204,S204,,146.7,,no-official-km,11,10,C
福建:S205,S205,,304.2,,no-official-km,11,10,C
福建:S206,S206,,312.4,,no-official-km,26,25,C
福建:S207,S207,,175.9,,no-official-km,14,13,C
福建:S208,S208,,164.9,,no-official-km,7,6,C
福建:S209,S209,,4.0,,no-official-km,1,0,C
福建:S21,S21,,122.2,,no-official-km,3,2,C
福建:S211,S211,,77.1,,no-official-km,3,2,C
福建:S212,S212,,15.2,,no-official-km,1,0,C
福建:S213,S213,,46.3,,no-official-km,3,2,C
福建:S217,S217,,19.2,,no-official-km,1,0,C
福建:S219,S219,,79.1,,no-official-km,3,2,C
福建:S221,S221,,45.2,,no-official-km,6,5,C
福建:S223,S223,,15.1,,no-official-km,1,0,C
福建:S227,S227,,10.0,,no-official-km,2,1,C
福建:S232,S232,,6.5,,no-official-km,2,1,C
福建:S239,S239,,16.7,,no-official-km,2,1,C
福建:S30,S30,,158.7,,no-official-km,2,1,C
福建:S301,S301,,11.9,,no-official-km,7,6,C
福建:S302,S302,,127.5,,no-official-km,12,11,C
福建:S303,S303,,42.0,,no-official-km,7,6,C
福建:S304,S304,,179.6,,no-official-km,14,13,C
福建:S305,S305,,8.3,,no-official-km,4,3,C
福建:S306,S306,,342.9,,no-official-km,12,11,C
福建:S307,S307,,129.5,,no-official-km,11,10,C
福建:S308,S308,,294.6,,no-official-km,27,26,C
福建:S309,S309,,65.4,,no-official-km,7,6,C
福建:S31,S31,,210.1,,no-official-km,3,2,C
福建:S310,S310,,7.6,,no-official-km,1,0,C
福建:S318,S318,,83.9,,no-official-km,4,3,C
福建:S326,S326,,2.4,,no-official-km,1,0,C
福建:S329,S329,,11.0,,no-official-km,2,1,C
福建:S331,S331,,29.8,,no-official-km,3,2,C
福建:S332,S332,,4.0,,no-official-km,1,0,C
福建:S333,S333,,10.9,,no-official-km,1,0,C
福建:S334,S334,,5.4,,no-official-km,1,0,C
福建:S36,S36,,7.2,,no-official-km,1,0,C
福建:S40,S40,,260.3,,no-official-km,4,3,C
福建:S448,S448,,24.6,,no-official-km,1,0,C
福建:S502,S502,,23.4,,no-official-km,3,2,C
福建:S507,S507,,28.3,,broken-jump,3,2,C
福建:S51,S51,,15.4,,no-official-km,1,0,C
福建:S52,S52,,18.7,,no-official-km,1,0,C
福建:S53,S53,,45.7,,no-official-km,1,0,C
福建:S54,S54,,6.8,,no-official-km,1,0,C
福建:S55,S55,,142.7,,no-official-km,1,0,C
福建:S56,S56,,105.6,,no-official-km,2,1,C
福建:S57,S57,,13.9,,no-official-km,1,0,C
福建:S58,S58,,28.8,,no-official-km,3,2,C
福建:S59,S59,,19.4,,no-official-km,1,0,C
福建:S606,S606,,0.0,,no-official-km,1,0,C
福建:S61,S61,,27.0,,no-official-km,1,0,C
福建:S62,S62,,46.2,,no-official-km,1,0,C
福建:S63,S63,,39.8,,no-official-km,1,0,C
福建:S64,S64,,11.6,,no-official-km,1,0,C
福建:S65,S65,,21.5,,no-official-km,1,0,C
福建:S66,S66,,38.4,,no-official-km,1,0,C
福建:S67,S67,,14.7,,no-official-km,1,0,C
福建:S68,S68,,4.2,,no-official-km,1,0,C
福建:S71,S71,,24.8,,no-official-km,1,0,C
福建:S7211,S7211,,1.2,,no-official-km,1,0,C
福建:S76,S76,,54.2,,no-official-km,1,0,C
福建:S80,S80,,3.4,,no-official-km,1,0,C
福建:S81,S81,,59.5,,no-official-km,4,3,C
甘肃:S1,S1,,44.7,,no-official-km,3,2,C
甘肃:S10,S10,,59.9,,no-official-km,2,1,C
甘肃:S101,S101,,40.4,,no-official-km,2,1,C
甘肃:S102,S102,,6.3,,no-official-km,1,0,C
甘肃:S103,S103,,98.0,,no-official-km,6,5,C
甘肃:S104,S104,,88.4,,no-official-km,5,4,C
甘肃:S105,S105,,37.0,,no-official-km,4,3,C
甘肃:S106,S106,,137.9,,no-official-km,5,4,C
甘肃:S12,S12,,51.6,,no-official-km,1,0,C
甘肃:S13,S13,,18.0,,no-official-km,1,0,C
甘肃:S14,S14,,34.4,,no-official-km,2,1,C
甘肃:S15,S15,,78.0,,no-official-km,1,0,C
甘肃:S17,S17,,35.1,,broken-jump,1,0,C
甘肃:S18,S18,,53.8,,no-official-km,1,0,C
甘肃:S186,S186,,0.2,,no-official-km,1,0,C
甘肃:S2,S2,,1.4,,no-official-km,1,0,C
甘肃:S201,S201,,156.4,,no-official-km,5,4,C
甘肃:S202,S202,,291.3,,no-official-km,7,6,C
甘肃:S203,S203,,186.5,,no-official-km,8,7,C
甘肃:S204,S204,,71.9,,no-official-km,3,2,C
甘肃:S205,S205,,94.7,,no-official-km,4,3,C
甘肃:S206,S206,,113.7,,no-official-km,1,0,C
甘肃:S207,S207,,259.6,,no-official-km,11,10,C
甘肃:S208,S208,,221.3,,no-official-km,4,3,C
甘肃:S209,S209,,207.6,,no-official-km,8,7,C
甘肃:S210,S210,,69.0,,no-official-km,1,0,C
甘肃:S211,S211,,69.7,,no-official-km,4,3,C
甘肃:S212,S212,,113.5,,no-official-km,4,3,C
甘肃:S213,S213,,211.9,,no-official-km,4,3,C
甘肃:S214,S214,,306.3,,broken-jump,7,6,C
甘肃:S215,S215,,178.0,,no-official-km,3,2,C
甘肃:S216,S216,,89.9,,no-official-km,2,1,C
甘肃:S217,S217,,124.4,,broken-jump,3,2,C
甘肃:S218,S218,,105.8,,no-official-km,2,1,C
甘肃:S219,S219,,4.1,,no-official-km,1,0,C
甘肃:S22,S22,,8.5,,broken-jump,1,0,C
甘肃:S222,S222,,9.9,,no-official-km,1,0,C
甘肃:S225,S225,,,,no-geometry,0,0,
甘肃:S227,S227,,24.3,,no-official-km,1,0,C
甘肃:S228,S228,,157.2,,broken-jump,2,1,C
甘肃:S229,S229,,24.7,,no-official-km,1,0,C
甘肃:S23,S23,,2.0,,no-official-km,2,1,C
甘肃:S230,S230,,126.5,,no-official-km,1,0,C
甘肃:S231,S231,,48.4,,no-official-km,1,0,C
甘肃:S233,S233,,61.5,,no-official-km,1,0,C
甘肃:S236,S236,,25.1,,no-official-km,1,0,C
甘肃:S237,S237,,79.6,,no-official-km,5,4,C
甘肃:S240,S240,,21.4,,no-official-km,1,0,C
甘肃:S245,S245,,196.3,,broken-jump,1,0,C
甘肃:S25,S25,,208.0,,no-official-km,4,3,C
甘肃:S256,S256,,69.0,,broken-jump,1,0,C
甘肃:S28,S28,,83.8,,no-official-km,2,1,C
甘肃:S301,S301,80,403.3,404.1,broken-jump,8,7,X
甘肃:S302,S302,,231.8,,no-official-km,8,7,C
甘肃:S303,S303,,290.0,,broken-jump,2,1,C
甘肃:S304,S304,,216.0,,no-official-km,10,9,C
甘肃:S305,S305,,134.2,,no-official-km,6,5,C
甘肃:S306,S306,,57.8,,no-official-km,6,5,C
甘肃:S307,S307,,6.6,,no-official-km,1,0,C
甘肃:S308,S308,,348.4,,no-official-km,10,9,C
甘肃:S309,S309,,142.9,,no-official-km,5,4,C
甘肃:S31,S31,,188.3,,no-official-km,1,0,C
甘肃:S311,S311,,152.8,,no-official-km,10,9,C
甘肃:S312,S312,,78.4,,no-official-km,3,2,C
甘肃:S313,S313,,68.9,,no-official-km,6,5,C
甘肃:S314,S314,,159.7,,no-official-km,4,3,C
甘肃:S315,S315,,203.1,,broken-jump,4,3,C
甘肃:S316,S316,,27.1,,no-official-km,1,0,C
甘肃:S318,S318,,265.7,,no-official-km,4,3,C
甘肃:S319,S319,,167.3,,no-official-km,3,2,C
甘肃:S32,S32,,54.4,,no-official-km,1,0,C
甘肃:S320,S320,,16.1,,no-official-km,2,1,C
甘肃:S323,S323,,122.9,,no-official-km,5,4,C
甘肃:S324,S324,,116.1,,no-official-km,3,2,C
甘肃:S326,S326,,67.8,,no-official-km,5,4,C
甘肃:S327,S327,,59.2,,no-official-km,1,0,C
甘肃:S328,S328,,74.7,,no-official-km,2,1,C
甘肃:S330,S330,,17.3,,no-official-km,1,0,C
甘肃:S34,S34,,45.6,,no-official-km,1,0,C
甘肃:S35,S35,,77.2,,no-official-km,2,1,C
甘肃:S36,S36,,61.6,,no-official-km,1,0,C
甘肃:S38,S38,,40.9,,no-official-km,1,0,C
甘肃:S4,S4,,13.3,,no-official-km,1,0,C
甘肃:S410,S410,,31.5,,no-official-km,1,0,C
甘肃:S42,S42,,30.4,,no-official-km,1,0,C
甘肃:S44,S44,,35.3,,no-official-km,1,0,C
甘肃:S445,S445,,53.3,,no-official-km,2,1,C
甘肃:S452,S452,,43.5,,no-official-km,2,1,C
甘肃:S50,S50,,59.5,,no-official-km,6,5,C
甘肃:S501,S501,,32.8,,no-official-km,1,0,C
甘肃:S502,S502,,22.2,,no-official-km,1,0,C
甘肃:S503,S503,,31.9,,no-official-km,2,1,C
甘肃:S504,S504,,51.3,,no-official-km,1,0,C
甘肃:S505,S505,,17.4,,no-official-km,1,0,C
甘肃:S506,S506,,98.4,,no-official-km,1,0,C
甘肃:S507,S507,,60.9,,no-official-km,4,3,C
甘肃:S508,S508,,27.3,,broken-jump,2,1,C
甘肃:S509,S509,,35.9,,no-official-km,2,1,C
甘肃:S510,S510,,27.2,,no-official-km,2,1,C
甘肃:S513,S513,,96.4,,no-official-km,2,1,C
甘肃:S514,S514,,32.3,,no-official-km,3,2,C
甘肃:S515,S515,,22.0,,no-official-km,1,0,C
甘肃:S518,S518,,27.2,,no-official-km,1,0,C
甘肃:S533,S533,,39.9,,no-official-km,1,0,C
甘肃:S55,S55,,164.7,,no-official-km,1,0,C
甘肃:S57,S57,,9.7,,no-official-km,2,1,C
甘肃:S571,S571,,15.4,,no-official-km,1,0,C
甘肃:S576,S576,,17.3,,no-official-km,1,0,C
甘肃:S580,S580,,40.4,,no-official-km,1,0,C
甘肃:S593,S593,,19.5,,no-official-km,1,0,C
甘肃:S6,S6,,56.4,,no-official-km,1,0,C
甘肃:S60,S60,,87.5,,no-official-km,2,1,C
甘肃:S65,S65,,194.8,,broken-jump,3,2,C
广东:S1,S1,,296.1,,no-official-km,2,1,C
广东:S10,S10,,43.4,,no-official-km,2,1,C
广东:S102,S102,,0.1,,no-official-km,1,0,C
广东:S11,S11,,92.9,,no-official-km,2,1,C
广东:S111,S111,,52.5,,no-official-km,4,3,C
广东:S112,S112,,72.9,,no-official-km,6,5,C
广东:S113,S113,,18.7,,no-official-km,8,7,C
广东:S114,S114,,5.6,,no-official-km,5,4,C
广东:S115,S115,,40.3,,no-official-km,1,0,C
广东:S116,S116,,38.8,,no-official-km,4,3,C
广东:S117,S117,,21.0,,no-official-km,2,1,C
广东:S118,S118,,217.3,,no-official-km,23,22,C
广东:S119,S119,,81.3,,no-official-km,3,2,C
广东:S120,S120,,378.1,,no-official-km,18,17,C
广东:S121,S121,,60.1,,no-official-km,2,1,C
广东:S1211,S1211,,14.4,,no-official-km,1,0,C
广东:S122,S122,,75.3,,no-official-km,6,5,C
广东:S123,S123,,78.3,,no-official-km,3,2,C
广东:S13,S13,,62.0,,no-official-km,1,0,C
广东:S14,S14,,907.8,,no-official-km,5,4,C
广东:S1408,S1408,,18.8,,no-official-km,2,1,C
广东:S15,S15,,87.4,,no-official-km,1,0,C
广东:S16,S16,,163.8,,no-official-km,1,0,C
广东:S17,S17,,105.1,,no-official-km,2,1,C
广东:S18,S18,,56.3,,no-official-km,1,0,C
广东:S19,S19,,216.0,,no-official-km,1,0,C
广东:S2,S2,,155.4,,no-official-km,1,0,C
广东:S20,S20,,62.5,,no-official-km,2,1,C
广东:S201,S201,,9.4,,no-official-km,1,0,C
广东:S202,S202,,5.9,,no-official-km,1,0,C
广东:S203,S203,,11.0,,no-official-km,2,1,C
广东:S204,S204,,10.0,,no-official-km,1,0,C
广东:S205,S205,,1.9,,no-official-km,1,0,C
广东:S207,S207,,3.6,,no-official-km,1,0,C
广东:S209,S209,,4.0,,no-official-km,1,0,C
广东:S21,S21,,77.2,,no-official-km,1,0,C
广东:S211,S211,,28.3,,no-official-km,3,2,C
广东:S212,S212,,15.6,,no-official-km,1,0,C
广东:S213,S213,,0.8,,no-official-km,1,0,C
广东:S214,S214,,24.4,,no-official-km,1,0,C
广东:S22,S22,,24.1,,no-official-km,1,0,C
广东:S221,S221,,62.7,,no-official-km,4,3,C
广东:S222,S222,,222.6,,no-official-km,7,6,C
广东:S223,S223,,274.8,,no-official-km,11,10,C
广东:S224,S224,,93.0,,no-official-km,6,5,C
广东:S225,S225,,164.5,,no-official-km,12,11,C
广东:S226,S226,,166.9,,no-official-km,10,9,C
广东:S227,S227,,269.5,,no-official-km,8,7,C
广东:S228,S228,,291.6,,no-official-km,4,3,C
广东:S229,S229,,113.6,,no-official-km,1,0,C
广东:S23,S23,,59.8,,no-official-km,2,1,C
广东:S230,S230,,123.0,,no-official-km,6,5,C
广东:S231,S231,,76.0,,no-official-km,8,7,C
广东:S232,S232,,102.0,,no-official-km,7,6,C
广东:S233,S233,,142.9,,broken-jump,4,3,C
广东:S234,S234,,111.0,,no-official-km,7,6,C
广东:S235,S235,,91.3,,no-official-km,4,3,C
广东:S236,S236,,119.5,,no-official-km,5,4,C
广东:S237,S237,,128.4,,no-official-km,3,2,C
广东:S238,S238,,288.7,,no-official-km,13,12,C
广东:S239,S239,,252.8,,no-official-km,7,6,C
广东:S240,S240,,29.8,,no-official-km,2,1,C
广东:S241,S241,,38.8,,no-official-km,3,2,C
广东:S242,S242,,100.2,,no-official-km,3,2,C
广东:S243,S243,,102.6,,no-official-km,3,2,C
广东:S244,S244,,159.6,,no-official-km,2,1,C
广东:S245,S245,,165.6,,no-official-km,1,0,C
广东:S246,S246,,127.5,,no-official-km,3,2,C
广东:S247,S247,,37.9,,no-official-km,1,0,C
广东:S248,S248,,176.4,,no-official-km,11,10,C
广东:S249,S249,,65.2,,no-official-km,2,1,C
广东:S250,S250,,52.9,,no-official-km,2,1,C
广东:S251,S251,,58.1,,no-official-km,1,0,C
广东:S252,S252,,122.5,,no-official-km,5,4,C
广东:S253,S253,,149.0,,no-official-km,8,7,C
广东:S254,S254,,253.4,,no-official-km,14,13,C
广东:S255,S255,,73.8,,no-official-km,3,2,C
广东:S256,S256,,151.6,,no-official-km,8,7,C
广东:S257,S257,,42.3,,no-official-km,9,8,C
广东:S258,S258,,119.4,,no-official-km,2,1,C
广东:S259,S259,,226.5,,no-official-km,7,6,C
广东:S26,S26,,409.6,,no-official-km,1,0,C
广东:S260,S260,,126.8,,no-official-km,3,2,C
广东:S261,S261,,118.5,,no-official-km,3,2,C
广东:S262,S262,,93.9,,no-official-km,1,0,C
广东:S263,S263,,115.3,,no-official-km,7,6,C
广东:S264,S264,,51.3,,no-official-km,2,1,C
广东:S265,S265,,195.0,,no-official-km,2,1,C
广东:S266,S266,,152.4,,no-official-km,6,5,C
广东:S267,S267,,105.2,,no-official-km,15,14,C
广东:S268,S268,,111.2,,no-official-km,13,12,C
广东:S269,S269,,54.3,,no-official-km,1,0,C
广东:S27,S27,,198.2,,no-official-km,1,0,C
广东:S270,S270,,192.3,,no-official-km,15,14,C
广东:S271,S271,,75.9,,no-official-km,7,6,C
广东:S272,S272,,243.7,,no-official-km,14,13,C
广东:S273,S273,,168.8,,no-official-km,21,20,C
广东:S274,S274,,270.7,,no-official-km,11,10,C
广东:S275,S275,,110.6,,no-official-km,10,9,C
广东:S276,S276,,176.6,,no-official-km,13,12,C
广东:S277,S277,,161.1,,no-official-km,13,12,C
广东:S278,S278,,188.7,,no-official-km,5,4,C
广东:S279,S279,,110.3,,no-official-km,2,1,C
广东:S28,S28,,16.0,,no-official-km,1,0,C
广东:S280,S280,,233.8,,no-official-km,5,4,C
广东:S281,S281,,148.5,,no-official-km,7,6,C
广东:S282,S282,,168.0,,no-official-km,11,10,C
广东:S283,S283,,191.2,,no-official-km,10,9,C
广东:S284,S284,,86.7,,no-official-km,4,3,C
广东:S285,S285,,111.2,,no-official-km,3,2,C
广东:S286,S286,,81.3,,no-official-km,4,3,C
广东:S287,S287,,72.0,,no-official-km,2,1,C
广东:S288,S288,,50.9,,no-official-km,6,5,C
广东:S289,S289,,80.5,,no-official-km,2,1,C
广东:S29,S29,,154.7,,no-official-km,2,1,C
广东:S290,S290,,178.3,,no-official-km,1,0,C
广东:S291,S291,,146.5,,no-official-km,5,4,C
广东:S292,S292,,131.9,,no-official-km,5,4,C
广东:S293,S293,,132.0,,broken-jump,9,8,C
广东:S294,S294,,124.5,,no-official-km,3,2,C
广东:S295,S295,,90.1,,no-official-km,3,2,C
广东:S296,S296,,38.6,,no-official-km,8,7,C
广东:S297,S297,,203.4,,no-official-km,13,12,C
广东:S3,S3,,127.5,,no-official-km,1,0,C
广东:S30,S30,,104.8,,no-official-km,1,0,C
广东:S3012,S3012,,5.5,,no-official-km,1,0,C
广东:S303,S303,,0.2,,no-official-km,1,0,C
广东:S31,S31,,43.0,,no-official-km,5,4,C
广东:S3111,S3111,,20.0,,no-official-km,2,1,C
广东:S317,S317,,10.4,,no-official-km,1,0,C
广东:S32,S32,,204.6,,no-official-km,3,2,C
广东:S3211,S3211,,41.6,,no-official-km,1,0,C
广东:S3213,S3213,,23.6,,no-official-km,1,0,C
广东:S323,S323,,1.8,,no-official-km,1,0,C
广东:S327,S327,,28.2,,no-official-km,1,0,C
广东:S33,S33,,41.0,,no-official-km,1,0,C
广东:S331,S331,,74.5,,no-official-km,2,1,C
广东:S332,S332,,150.2,,no-official-km,4,3,C
广东:S333,S333,,198.0,,no-official-km,3,2,C
广东:S334,S334,,89.8,,no-official-km,3,2,C
广东:S336,S336,,61.2,,no-official-km,1,0,C
广东:S337,S337,,144.1,,no-official-km,8,7,C
广东:S339,S339,,78.3,,no-official-km,2,1,C
广东:S34,S34,,38.2,,no-official-km,1,0,C
广东:S340,S340,,171.6,,no-official-km,3,2,C
广东:S341,S341,,74.3,,no-official-km,3,2,C
广东:S342,S342,,144.9,,no-official-km,2,1,C
广东:S343,S343,,4.6,,no-official-km,1,0,C
广东:S346,S346,,141.9,,no-official-km,5,4,C
广东:S347,S347,,58.4,,no-official-km,4,3,C
广东:S348,S348,,104.8,,no-official-km,3,2,C
广东:S349,S349,,5.4,,no-official-km,1,0,C
广东:S350,S350,,59.2,,no-official-km,4,3,C
广东:S352,S352,,105.9,,no-official-km,4,3,C
广东:S353,S353,,59.0,,no-official-km,5,4,C
广东:S354,S354,,88.7,,no-official-km,8,7,C
广东:S355,S355,,118.2,,no-official-km,4,3,C
广东:S356,S356,,178.4,,no-official-km,3,2,C
广东:S357,S357,,116.6,,no-official-km,7,6,C
广东:S358,S358,,28.5,,no-official-km,6,5,C
广东:S359,S359,,130.5,,no-official-km,11,10,C
广东:S36,S36,,86.9,,no-official-km,2,1,C
广东:S360,S360,,94.4,,no-official-km,7,6,C
广东:S361,S361,,49.5,,no-official-km,5,4,C
广东:S362,S362,,64.4,,no-official-km,5,4,C
广东:S363,S363,,56.9,,no-official-km,5,4,C
广东:S364,S364,,77.9,,no-official-km,11,10,C
广东:S365,S365,,19.9,,no-official-km,5,4,C
广东:S366,S366,,80.1,,no-official-km,9,8,C
广东:S367,S367,,87.1,,no-official-km,2,1,C
广东:S368,S368,,103.4,,no-official-km,6,5,C
广东:S369,S369,,144.5,,no-official-km,5,4,C
广东:S371,S371,,45.4,,no-official-km,1,0,C
广东:S373,S373,,148.3,,no-official-km,9,8,C
广东:S374,S374,,61.6,,no-official-km,5,4,C
广东:S375,S375,,39.8,,no-official-km,1,0,C
广东:S376,S376,,85.0,,no-official-km,2,1,C
广东:S377,S377,,,,no-geometry,0,0,
广东:S378,S378,,43.4,,no-official-km,5,4,C
广东:S379,S379,,59.4,,no-official-km,5,4,C
广东:S38,S38,,24.8,,no-official-km,1,0,C
广东:S380,S380,,48.8,,no-official-km,4,3,C
广东:S381,S381,,60.1,,no-official-km,4,3,C
广东:S382,S382,,35.6,,no-official-km,2,1,C
广东:S383,S383,,97.4,,no-official-km,2,1,C
广东:S384,S384,,41.5,,no-official-km,2,1,C
广东:S385,S385,,44.5,,no-official-km,2,1,C
广东:S386,S386,,284.2,,no-official-km,19,18,C
广东:S387,S387,,190.9,,no-official-km,12,11,C
广东:S388,S388,,257.3,,no-official-km,7,6,C
广东:S39,S39,,47.5,,no-official-km,1,0,C
广东:S4,S4,,34.3,,no-official-km,2,1,C
广东:S40,S40,,143.5,,no-official-km,2,1,C
广东:S4001,S4001,,2.1,,no-official-km,1,0,C
广东:S4011,S4011,,4.0,,no-official-km,1,0,C
广东:S41,S41,,35.4,,no-official-km,2,1,C
广东:S42,S42,,52.5,,no-official-km,7,6,C
广东:S43,S43,,80.5,,no-official-km,1,0,C
广东:S45,S45,,47.7,,no-official-km,1,0,C
广东:S454,S454,,34.3,,no-official-km,2,1,C
广东:S46,S46,,24.3,,no-official-km,1,0,C
广东:S47,S47,,171.7,,no-official-km,3,2,C
广东:S49,S49,,56.3,,no-official-km,1,0,C
广东:S5,S5,,190.1,,no-official-km,2,1,C
广东:S50,S50,,42.1,,no-official-km,3,2,C
广东:S501,S501,,30.2,,no-official-km,8,7,C
广东:S502,S502,,50.8,,no-official-km,5,4,C
广东:S503,S503,,33.9,,no-official-km,1,0,C
广东:S504,S504,,26.1,,no-official-km,4,3,C
广东:S505,S505,,44.7,,no-official-km,7,6,C
广东:S506,S506,,8.2,,no-official-km,1,0,C
广东:S507,S507,,33.5,,no-official-km,1,0,C
广东:S508,S508,,51.1,,no-official-km,2,1,C
广东:S509,S509,,26.9,,no-official-km,1,0,C
广东:S51,S51,,178.7,,no-official-km,1,0,C
广东:S510,S510,,42.5,,no-official-km,2,1,C
广东:S511,S511,,21.8,,no-official-km,1,0,C
广东:S512,S512,,48.6,,no-official-km,3,2,C
广东:S513,S513,,68.3,,no-official-km,1,0,C
广东:S514,S514,,6.7,,no-official-km,2,1,C
广东:S515,S515,,46.2,,no-official-km,1,0,C
广东:S516,S516,,64.0,,no-official-km,1,0,C
广东:S517,S517,,51.1,,no-official-km,1,0,C
广东:S518,S518,,12.5,,no-official-km,1,0,C
广东:S519,S519,,21.9,,no-official-km,1,0,C
广东:S520,S520,,32.2,,no-official-km,1,0,C
广东:S521,S521,,60.0,,no-official-km,2,1,C
广东:S522,S522,,48.2,,no-official-km,1,0,C
广东:S523,S523,,22.8,,no-official-km,1,0,C
广东:S524,S524,,25.9,,no-official-km,1,0,C
广东:S525,S525,,53.9,,no-official-km,2,1,C
广东:S526,S526,,23.0,,no-official-km,2,1,C
广东:S527,S527,,28.3,,no-official-km,1,0,C
广东:S528,S528,,30.8,,no-official-km,3,2,C
广东:S529,S529,,48.3,,no-official-km,2,1,C
广东:S53,S53,,66.2,,no-official-km,1,0,C
广东:S530,S530,,78.3,,no-official-km,8,7,C
广东:S531,S531,,25.8,,no-official-km,2,1,C
广东:S5311,S5311,,13.9,,no-official-km,1,0,C
广东:S532,S532,,58.7,,broken-jump,4,3,C
广东:S533,S533,,34.9,,no-official-km,1,0,C
广东:S534,S534,,73.7,,no-official-km,5,4,C
广东:S535,S535,,83.1,,no-official-km,1,0,C
广东:S536,S536,,33.6,,no-official-km,2,1,C
广东:S537,S537,,20.8,,no-official-km,2,1,C
广东:S538,S538,,52.3,,no-official-km,1,0,C
广东:S539,S539,,72.6,,no-official-km,6,5,C
广东:S540,S540,,111.0,,no-official-km,5,4,C
广东:S541,S541,,27.5,,no-official-km,3,2,C
广东:S542,S542,,23.3,,no-official-km,1,0,C
广东:S543,S543,,80.7,,no-official-km,5,4,C
广东:S544,S544,,64.1,,no-official-km,4,3,C
广东:S545,S545,,55.4,,no-official-km,3,2,C
广东:S546,S546,,68.4,,broken-jump,1,0,C
广东:S547,S547,,88.6,,no-official-km,5,4,C
广东:S548,S548,,21.2,,no-official-km,5,4,C
广东:S55,S55,,23.1,,no-official-km,1,0,C
广东:S550,S550,,9.4,,no-official-km,2,1,C
广东:S551,S551,,11.1,,no-official-km,2,1,C
广东:S556,S556,,0.8,,no-official-km,1,0,C
广东:S57,S57,,41.1,,no-official-km,1,0,C
广东:S59,S59,,112.9,,no-official-km,1,0,C
广东:S6,S6,,394.6,,no-official-km,2,1,C
广东:S60,S60,,11.9,,no-official-km,1,0,C
广东:S61,S61,,33.5,,no-official-km,3,2,C
广东:S612,S612,,9.7,,no-official-km,1,0,C
广东:S62,S62,,4.8,,no-official-km,1,0,C
广东:S63,S63,,105.8,,no-official-km,1,0,C
广东:S6311,S6311,,8.5,,no-official-km,1,0,C
广东:S66,S66,,36.2,,no-official-km,1,0,C
广东:S68,S68,,74.0,,no-official-km,2,1,C
广东:S70,S70,,37.3,,no-official-km,1,0,C
广东:S73,S73,,76.8,,no-official-km,2,1,C
广东:S75,S75,,2.2,,no-official-km,1,0,C
广东:S76,S76,,11.6,,no-official-km,1,0,C
广东:S78,S78,,32.6,,no-official-km,2,1,C
广东:S7811,S7811,,12.2,,no-official-km,1,0,C
广东:S786,S786,,3.5,,no-official-km,1,0,C
广东:S79,S79,,75.9,,no-official-km,2,1,C
广东:S8,S8,,331.1,,no-official-km,2,1,C
广东:S81,S81,,70.9,,no-official-km,2,1,C
广东:S8111,S8111,,11.6,,no-official-km,1,0,C
广东:S8116,S8116,,4.4,,no-official-km,2,1,C
广东:S84,S84,,28.9,,no-official-km,1,0,C
广东:S85,S85,,62.6,,no-official-km,2,1,C
广东:S8511,S8511,,25.7,,no-official-km,1,0,C
广东:S86,S86,,87.2,,no-official-km,2,1,C
广东:S88,S88,,15.7,,no-official-km,1,0,C
广东:S9911,S9911,,9.8,,no-official-km,1,0,C
广东:S9917,S9917,,35.2,,no-official-km,1,0,C
广东:S9918,S9918,,13.8,,no-official-km,1,0,C
广东:S9919,S9919,,1.3,,no-official-km,1,0,C
广东:S9925,S9925,,9.4,,no-official-km,1,0,C
广东:S9955,S9955,,4.8,,no-official-km,1,0,C
广东:S9975,S9975,,4.4,,no-official-km,1,0,C
广西:S10,S10,,17.2,,no-official-km,1,0,C
广西:S101,S101,,5.4,,no-official-km,3,2,C
广西:S103,S103,,41.6,,no-official-km,3,2,C
广西:S13,S13,,98.3,,no-official-km,5,4,C
广西:S1301,S1301,,52.1,,no-official-km,1,0,C
广西:S15,S15,,321.8,,no-official-km,4,3,C
广西:S1511,S1511,,75.0,,no-official-km,1,0,C
广西:S17,S17,,43.4,,no-official-km,2,1,C
广西:S1701,S1701,,119.2,,no-official-km,1,0,C
广西:S201,S201,,111.7,,no-official-km,10,9,C
广西:S202,S202,,172.9,,no-official-km,4,3,C
广西:S203,S203,,106.3,,no-official-km,4,3,C
广西:S204,S204,,48.8,,no-official-km,4,3,C
广西:S206,S206,,125.2,,no-official-km,9,8,C
广西:S207,S207,,289.6,,no-official-km,5,4,C
广西:S208,S208,,410.1,,no-official-km,9,8,C
广西:S209,S209,,171.3,,no-official-km,4,3,C
广西:S21,S21,,3.1,,no-official-km,1,0,C
广西:S210,S210,,340.5,,no-official-km,8,7,C
广西:S211,S211,,332.9,,no-official-km,5,4,C
广西:S212,S212,,282.2,,broken-jump,7,6,C
广西:S213,S213,,29.6,,no-official-km,4,3,C
广西:S214,S214,,271.1,,no-official-km,6,5,C
广西:S215,S215,,412.7,,no-official-km,9,8,C
广西:S216,S216,,160.9,,no-official-km,5,4,C
广西:S217,S217,,114.0,,no-official-km,2,1,C
广西:S219,S219,,73.5,,no-official-km,5,4,C
广西:S22,S22,,177.9,,no-official-km,3,2,C
广西:S2201,S2201,,102.0,,no-official-km,1,0,C
广西:S245,S245,,7.9,,no-official-km,1,0,C
广西:S248,S248,,10.2,,no-official-km,1,0,C
广西:S251,S251,,23.1,,no-official-km,2,1,C
广西:S26,S26,,115.5,,no-official-km,2,1,C
广西:S283,S283,,24.1,,no-official-km,2,1,C
广西:S284,S284,,13.1,,no-official-km,1,0,C
广西:S285,S285,,7.9,,no-official-km,1,0,C
广西:S287,S287,,7.3,,no-official-km,1,0,C
广西:S293,S293,,9.3,,no-official-km,3,2,C
广西:S30,S30,,719.0,,no-official-km,3,2,C
广西:S301,S301,,203.1,,no-official-km,7,6,C
广西:S302,S302,,370.1,,no-official-km,17,16,C
广西:S303,S303,,485.8,,no-official-km,3,2,C
广西:S304,S304,,208.8,,no-official-km,15,14,C
广西:S305,S305,,234.9,,no-official-km,3,2,C
广西:S306,S306,,118.6,,no-official-km,5,4,C
广西:S307,S307,,238.2,,no-official-km,4,3,C
广西:S308,S308,,127.6,,no-official-km,3,2,C
广西:S309,S309,,358.9,,no-official-km,7,6,C
广西:S31,S31,,394.8,,no-official-km,1,0,C
广西:S310,S310,,250.1,,no-official-km,5,4,C
广西:S3101,S3101,,63.7,,no-official-km,1,0,C
广西:S311,S311,,183.6,,no-official-km,6,5,C
广西:S312,S312,,208.3,,no-official-km,6,5,C
广西:S313,S313,,365.8,,no-official-km,16,15,C
广西:S314,S314,,1.5,,no-official-km,1,0,C
广西:S315,S315,,0.3,,no-official-km,1,0,C
广西:S316,S316,,37.6,,no-official-km,2,1,C
广西:S317,S317,,,,no-geometry,0,0,
广西:S318,S318,,0.1,,no-official-km,2,1,C
广西:S319,S319,,39.7,,no-official-km,3,2,C
广西:S32,S32,,117.8,,no-official-km,1,0,C
广西:S323,S323,,59.5,,no-official-km,9,8,C
广西:S325,S325,,45.3,,no-official-km,2,1,C
广西:S327,S327,,82.0,,no-official-km,2,1,C
广西:S347,S347,,0.2,,no-official-km,1,0,C
广西:S348,S348,,3.2,,no-official-km,1,0,C
广西:S35,S35,,61.8,,no-official-km,2,1,C
广西:S350,S350,,1.1,,no-official-km,1,0,C
广西:S352,S352,,28.1,,no-official-km,1,0,C
广西:S36,S36,,28.4,,no-official-km,1,0,C
广西:S368,S368,,13.9,,no-official-km,1,0,C
广西:S388,S388,,38.6,,no-official-km,5,4,C
广西:S40,S40,,377.7,,no-official-km,3,2,C
广西:S4001,S4001,,31.5,,no-official-km,2,1,C
广西:S4011,S4011,,6.5,,no-official-km,1,0,C
广西:S42,S42,,3.4,,no-official-km,1,0,C
广西:S43,S43,,197.8,,no-official-km,1,0,C
广西:S4301,S4301,,42.8,,no-official-km,1,0,C
广西:S50,S50,,272.7,,no-official-km,1,0,C
广西:S501,S501,,138.4,,no-official-km,8,7,C
广西:S5012,S5012,,3.1,,no-official-km,1,0,C
广西:S502,S502,,33.6,,no-official-km,1,0,C
广西:S505,S505,,26.8,,no-official-km,3,2,C
广西:S506,S506,,39.0,,no-official-km,3,2,C
广西:S507,S507,,181.2,,no-official-km,7,6,C
广西:S508,S508,,95.6,,no-official-km,1,0,C
广西:S509,S509,,137.2,,no-official-km,2,1,C
广西:S51,S51,,80.4,,no-official-km,1,0,C
广西:S510,S510,,100.1,,no-official-km,2,1,C
广西:S511,S511,,119.3,,broken-jump,5,4,C
广西:S513,S513,,78.9,,no-official-km,1,0,C
广西:S514,S514,,130.4,,no-official-km,3,2,C
广西:S515,S515,,30.2,,no-official-km,2,1,C
广西:S516,S516,,125.8,,no-official-km,1,0,C
广西:S517,S517,,84.9,,no-official-km,3,2,C
广西:S518,S518,,72.4,,no-official-km,1,0,C
广西:S519,S519,,32.5,,no-official-km,2,1,C
广西:S52,S52,,266.5,,no-official-km,3,2,C
广西:S520,S520,,13.7,,no-official-km,1,0,C
广西:S521,S521,,24.5,,no-official-km,1,0,C
广西:S535,S535,,8.0,,no-official-km,1,0,C
广西:S57,S57,,138.5,,no-official-km,20,19,C
广西:S5923,S5923,,20.7,,no-official-km,1,0,C
广西:S60,S60,,449.0,,no-official-km,3,2,C
广西:S6001,S6001,,16.0,,no-official-km,1,0,C
广西:S6011,S6011,,9.7,,no-official-km,1,0,C
广西:S62,S62,,142.6,,no-official-km,2,1,C
广西:S63,S63,,3.5,,no-official-km,1,0,C
广西:S65,S65,,284.2,,no-official-km,5,4,C
广西:S6502,S6502,,3.4,,no-official-km,2,1,C
广西:S68,S68,,33.0,,no-official-km,1,0,C
广西:S6901,S6901,,101.2,,no-official-km,2,1,C
广西:S71,S71,,52.5,,no-official-km,2,1,C
广西:S72,S72,,12.0,,no-official-km,1,0,C
广西:S7221,S7221,,22.8,,no-official-km,1,0,C
广西:S73,S73,,78.7,,no-official-km,1,0,C
广西:S74,S74,,7.8,,no-official-km,4,3,C
广西:S75,S75,,65.4,,no-official-km,2,1,C
广西:S7501,S7501,,41.7,,no-official-km,1,0,C
广西:S7512,S7512,,12.5,,no-official-km,1,0,C
广西:S7513,S7513,,3.3,,no-official-km,1,0,C
广西:S7516,S7516,,8.2,,no-official-km,1,0,C
广西:S7811,S7811,,14.3,,no-official-km,1,0,C
广西:S79,S79,,74.4,,no-official-km,1,0,C
广西:S8,S8,,5.5,,no-official-km,1,0,C
广西:S8012,S8012,,14.1,,no-official-km,1,0,C
广西:S81,S81,,192.7,,no-official-km,2,1,C
广西:S84,S84,,91.6,,no-official-km,2,1,C
广西:S85,S85,,65.3,,no-official-km,1,0,C
广西:S86,S86,,50.8,,no-official-km,1,0,C
广西:S88,S88,,53.9,,no-official-km,3,2,C
广西:S90,S90,,96.5,,no-official-km,3,2,C
贵州:S1,S1,,39.7,,no-official-km,1,0,C
贵州:S10,S10,,246.8,,no-official-km,2,1,C
贵州:S101,S101,,231.3,,no-official-km,12,11,C
贵州:S102,S102,,237.7,,no-official-km,22,21,C
贵州:S103,S103,,68.8,,no-official-km,6,5,C
贵州:S104,S104,,89.2,,no-official-km,8,7,C
贵州:S106,S106,,51.2,,no-official-km,4,3,C
贵州:S107,S107,,10.9,,no-official-km,2,1,C
贵州:S11,S11,,40.9,,no-official-km,4,3,C
贵州:S111,S111,,2.9,,no-official-km,1,0,C
贵州:S115,S115,,0.3,,no-official-km,1,0,C
贵州:S116,S116,,0.8,,no-official-km,1,0,C
贵州:S12,S12,,115.0,,no-official-km,2,1,C
贵州:S14,S14,,185.7,,no-official-km,1,0,C
贵州:S142,S142,,0.9,,no-official-km,1,0,C
贵州:S143,S143,,0.5,,no-official-km,1,0,C
贵州:S15,S15,,248.2,,no-official-km,3,2,C
贵州:S154,S154,,0.3,,no-official-km,1,0,C
贵州:S17,S17,,52.5,,no-official-km,2,1,C
贵州:S175,S175,,1.0,,no-official-km,1,0,C
贵州:S19,S19,,69.3,,no-official-km,2,1,C
贵州:S2,S2,,106.1,,no-official-km,1,0,C
贵州:S20,S20,,173.0,,no-official-km,3,2,C
贵州:S201,S201,,118.1,,no-official-km,9,8,C
贵州:S202,S202,,73.3,,no-official-km,12,11,C
贵州:S203,S203,,183.3,,no-official-km,9,8,C
贵州:S204,S204,,60.2,,no-official-km,4,3,C
贵州:S205,S205,,308.7,,no-official-km,13,12,C
贵州:S206,S206,,54.1,,no-official-km,4,3,C
贵州:S207,S207,,94.5,,no-official-km,7,6,C
贵州:S208,S208,,206.1,,no-official-km,12,11,C
贵州:S209,S209,,289.9,,no-official-km,11,10,C
贵州:S21,S21,,2.8,,no-official-km,1,0,C
贵州:S210,S210,,144.5,,no-official-km,3,2,C
贵州:S211,S211,,108.8,,no-official-km,7,6,C
贵州:S212,S212,,443.9,,no-official-km,11,10,C
贵州:S2123,S2123,,1.6,,no-official-km,1,0,C
贵州:S213,S213,,95.7,,no-official-km,4,3,C
贵州:S214,S214,,4.6,,no-official-km,1,0,C
贵州:S217,S217,,59.5,,no-official-km,2,1,C
贵州:S222,S222,,6.7,,no-official-km,1,0,C
贵州:S25,S25,,410.6,,no-official-km,3,2,C
贵州:S263,S263,,12.5,,no-official-km,1,0,C
贵州:S27,S27,,53.1,,broken-jump,1,0,C
贵州:S29,S29,,105.8,,no-official-km,1,0,C
贵州:S3,S3,,51.7,,no-official-km,2,1,C
贵州:S30,S30,,307.2,,no-official-km,3,2,C
贵州:S302,S302,,69.3,,no-official-km,6,5,C
贵州:S303,S303,,455.3,,no-official-km,12,11,C
贵州:S304,S304,,371.5,,no-official-km,9,8,C
贵州:S305,S305,,328.9,,no-official-km,14,13,C
贵州:S306,S306,,132.4,,no-official-km,7,6,C
贵州:S307,S307,,257.9,,no-official-km,8,7,C
贵州:S308,S308,,255.0,,no-official-km,7,6,C
贵州:S309,S309,,538.6,,no-official-km,31,30,C
贵州:S31,S31,,2.7,,no-official-km,1,0,C
贵州:S310,S310,,64.1,,no-official-km,1,0,C
贵州:S311,S311,,215.4,,no-official-km,3,2,C
贵州:S312,S312,,419.9,,no-official-km,13,12,C
贵州:S313,S313,,220.9,,no-official-km,4,3,C
贵州:S314,S314,,85.8,,no-official-km,4,3,C
贵州:S315,S315,,41.2,,no-official-km,2,1,C
贵州:S317,S317,,51.7,,no-official-km,2,1,C
贵州:S32,S32,,201.2,,no-official-km,1,0,C
贵州:S338,S338,,4.4,,no-official-km,1,0,C
贵州:S34,S34,,99.8,,no-official-km,1,0,C
贵州:S35,S35,,66.5,,no-official-km,1,0,C
贵州:S36,S36,,180.1,,no-official-km,1,0,C
贵州:S4,S4,,25.6,,no-official-km,1,0,C
贵州:S412,S412,,,,no-geometry,0,0,
贵州:S42,S42,,22.2,,no-official-km,1,0,C
贵州:S438,S438,,41.0,,no-official-km,5,4,C
贵州:S439,S439,,10.8,,no-official-km,1,0,C
贵州:S441,S441,,26.4,,no-official-km,1,0,C
贵州:S442,S442,,8.3,,no-official-km,1,0,C
贵州:S5,S5,,57.5,,no-official-km,1,0,C
贵州:S50,S50,,211.1,,no-official-km,1,0,C
贵州:S509,S509,,16.1,,no-official-km,1,0,C
贵州:S518,S518,,10.4,,no-official-km,1,0,C
贵州:S519,S519,,12.3,,no-official-km,1,0,C
贵州:S524,S524,,28.4,,no-official-km,1,0,C
贵州:S525,S525,,49.7,,no-official-km,5,4,C
贵州:S526,S526,,2.5,,no-official-km,1,0,C
贵州:S534,S534,,2.4,,no-official-km,1,0,C
贵州:S535,S535,,6.4,,no-official-km,2,1,C
贵州:S541,S541,,17.4,,no-official-km,1,0,C
贵州:S55,S55,,422.5,,no-official-km,7,6,C
贵州:S554,S554,,5.2,,no-official-km,1,0,C
贵州:S555,S555,,12.6,,no-official-km,1,0,C
贵州:S57,S57,,151.5,,no-official-km,1,0,C
贵州:S58,S58,,2.0,,no-official-km,1,0,C
贵州:S61,S61,,113.1,,no-official-km,1,0,C
贵州:S62,S62,,466.5,,no-official-km,3,2,C
贵州:S63,S63,,102.6,,no-official-km,1,0,C
贵州:S7,S7,,55.8,,no-official-km,1,0,C
贵州:S71,S71,,37.3,,no-official-km,1,0,C
贵州:S718,S718,,0.5,,no-official-km,1,0,C
贵州:S72,S72,,99.4,,no-official-km,2,1,C
贵州:S73,S73,,106.7,,no-official-km,1,0,C
贵州:S74,S74,,90.2,,no-official-km,2,1,C
贵州:S77,S77,,190.7,,no-official-km,1,0,C
贵州:S79,S79,,37.5,,no-official-km,1,0,C
贵州:S8,S8,,45.4,,no-official-km,1,0,C
贵州:S80,S80,,18.1,,no-official-km,2,1,C
贵州:S81,S81,,84.6,,no-official-km,3,2,C
贵州:S82,S82,,135.2,,no-official-km,1,0,C
贵州:S84,S84,,80.1,,no-official-km,1,0,C
贵州:S86,S86,,5.3,,no-official-km,1,0,C
贵州:S88,S88,,142.1,,no-official-km,2,1,C
贵州:S89,S89,,92.8,,no-official-km,1,0,C
贵州:S9,S9,,64.8,,no-official-km,1,0,C
海南:S10,S10,,79.8,,no-official-km,2,1,C
海南:S100,S100,,34.8,,no-official-km,1,0,C
海南:S108,S108,,26.1,,no-official-km,1,0,C
海南:S111,S111,,18.3,,no-official-km,3,2,C
海南:S15,S15,,35.5,,no-official-km,1,0,C
海南:S201,S201,,114.8,,no-official-km,5,4,C
海南:S202,S202,,77.3,,no-official-km,3,2,C
海南:S203,S203,,99.1,,no-official-km,3,2,C
海南:S205,S205,,30.7,,no-official-km,2,1,C
海南:S206,S206,,161.4,,no-official-km,2,1,C
海南:S208,S208,,19.8,,no-official-km,2,1,C
海南:S210,S210,,1.9,,no-official-km,1,0,C
海南:S212,S212,,65.6,,no-official-km,3,2,C
海南:S213,S213,,25.0,,no-official-km,5,4,C
海南:S214,S214,,29.2,,no-official-km,2,1,C
海南:S215,S215,,50.7,,no-official-km,2,1,C
海南:S216,S216,,17.1,,no-official-km,4,3,C
海南:S217,S217,,20.4,,no-official-km,1,0,C
海南:S218,S218,,20.9,,no-official-km,3,2,C
海南:S219,S219,,17.8,,no-official-km,1,0,C
海南:S22,S22,,120.3,,no-official-km,2,1,C
海南:S220,S220,,37.1,,no-official-km,4,3,C
海南:S26,S26,,17.9,,no-official-km,3,2,C
海南:S301,S301,,29.5,,no-official-km,1,0,C
海南:S302,S302,,41.6,,no-official-km,1,0,C
海南:S303,S303,,61.8,,no-official-km,3,2,C
海南:S304,S304,,59.0,,no-official-km,1,0,C
海南:S306,S306,,66.8,,no-official-km,4,3,C
海南:S307,S307,,63.1,,no-official-km,1,0,C
海南:S308,S308,,111.2,,no-official-km,1,0,C
海南:S310,S310,,27.1,,no-official-km,2,1,C
海南:S311,S311,,7.9,,no-official-km,1,0,C
海南:S314,S314,,150.7,,no-official-km,4,3,C
海南:S315,S315,,111.9,,no-official-km,2,1,C
海南:S316,S316,,14.7,,no-official-km,1,0,C
海南:S317,S317,,22.9,,no-official-km,1,0,C
海南:S81,S81,,10.3,,no-official-km,1,0,C
海南:S82,S82,,24.9,,no-official-km,2,1,C
海南:S84,S84,,1.8,,no-official-km,1,0,C
海南:S86,S86,,23.1,,no-official-km,1,0,C
海南:S88,S88,,35.2,,no-official-km,1,0,C
河北:S1,S1,,123.2,,no-official-km,2,1,C
河北:S10,S10,,153.6,,no-official-km,7,6,C
河北:S101,S101,,53.1,,no-official-km,11,10,C
河北:S102,S102,,61.7,,broken-jump,1,0,C
河北:S103,S103,,64.4,,broken-jump,4,3,C
河北:S104,S104,,16.3,,no-official-km,2,1,C
河北:S105,S105,,84.1,,no-official-km,7,6,C
河北:S106,S106,,30.4,,no-official-km,1,0,C
河北:S107,S107,,30.2,,no-official-km,1,0,C
河北:S109,S109,,13.3,,broken-jump,2,1,C
河北:S11,S11,,87.8,,broken-jump,6,5,C
河北:S110,S110,,37.3,,no-official-km,3,2,C
河北:S111,S111,,14.8,,no-official-km,1,0,C
河北:S112,S112,,18.9,,no-official-km,4,3,C
河北:S113,S113,,2.1,,no-official-km,3,2,C
河北:S115,S115,,12.9,,no-official-km,1,0,C
河北:S116,S116,,30.0,,no-official-km,8,7,C
河北:S119,S119,,4.9,,no-official-km,1,0,C
河北:S12,S12,,47.3,,broken-jump,3,2,C
河北:S120,S120,,16.5,,no-official-km,2,1,C
河北:S121,S121,,6.9,,no-official-km,1,0,C
河北:S123,S123,,68.8,,no-official-km,4,3,C
河北:S127,S127,,14.2,,no-official-km,1,0,C
河北:S15,S15,,36.9,,no-official-km,1,0,C
河北:S151,S151,,8.8,,no-official-km,1,0,C
河北:S2,S2,,50.4,,no-official-km,1,0,C
河北:S201,S201,,257.4,,no-official-km,15,14,C
河北:S202,S202,,228.1,,no-official-km,19,18,C
河北:S203,S203,,241.2,,no-official-km,26,25,C
河北:S204,S204,,105.5,,broken-jump,8,7,C
河北:S205,S205,,151.7,,no-official-km,10,9,C
河北:S206,S206,,61.2,,no-official-km,5,4,C
河北:S207,S207,,116.5,,no-official-km,11,10,C
河北:S208,S208,,65.5,,no-official-km,13,12,C
河北:S209,S209,,98.9,,no-official-km,5,4,C
河北:S21,S21,,84.8,,no-official-km,3,2,C
河北:S210,S210,,57.8,,broken-jump,8,7,C
河北:S211,S211,,120.5,,no-official-km,6,5,C
河北:S212,S212,,157.5,,no-official-km,13,12,C
河北:S213,S213,,120.5,,no-official-km,8,7,C
河北:S214,S214,,40.4,,no-official-km,3,2,C
河北:S215,S215,,107.1,,no-official-km,5,4,C
河北:S216,S216,,103.8,,no-official-km,9,8,C
河北:S217,S217,,25.1,,no-official-km,5,4,C
河北:S218,S218,,33.5,,no-official-km,4,3,C
河北:S219,S219,,112.3,,broken-jump,6,5,C
河北:S22,S22,,3.4,,no-official-km,1,0,C
河北:S220,S220,,110.7,,no-official-km,10,9,C
河北:S2201,S2201,,74.9,,no-official-km,1,0,C
河北:S221,S221,,76.3,,broken-jump,8,7,C
河北:S222,S222,,123.3,,no-official-km,10,9,C
河北:S223,S223,,71.4,,broken-jump,5,4,C
河北:S224,S224,,14.5,,no-official-km,4,3,C
河北:S225,S225,,14.1,,no-official-km,3,2,C
河北:S226,S226,,15.0,,no-official-km,2,1,C
河北:S227,S227,,11.2,,no-official-km,2,1,C
河北:S228,S228,,39.9,,no-official-km,7,6,C
河北:S229,S229,,102.6,,no-official-km,3,2,C
河北:S23,S23,,6.1,,no-official-km,1,0,C
河北:S230,S230,,33.3,,no-official-km,1,0,C
河北:S231,S231,,230.5,,broken-jump,14,13,C
河北:S232,S232,,24.1,,no-official-km,2,1,C
河北:S233,S233,,117.0,,no-official-km,13,12,C
河北:S234,S234,,78.9,,no-official-km,9,8,C
河北:S235,S235,,68.8,,broken-jump,5,4,C
河北:S236,S236,,31.1,,no-official-km,2,1,C
河北:S237,S237,,40.3,,no-official-km,4,3,C
河北:S24,S24,,5.6,,no-official-km,1,0,C
河北:S240,S240,,7.0,,no-official-km,1,0,C
河北:S241,S241,,479.0,,no-official-km,17,16,C
河北:S242,S242,,186.1,,no-official-km,11,10,C
河北:S243,S243,,41.7,,no-official-km,3,2,C
河北:S244,S244,,237.1,,no-official-km,7,6,C
河北:S245,S245,,109.7,,no-official-km,9,8,C
河北:S246,S246,,9.8,,no-official-km,3,2,C
河北:S247,S247,,34.2,,no-official-km,3,2,C
河北:S248,S248,,77.1,,no-official-km,4,3,C
河北:S251,S251,,236.5,,no-official-km,3,2,C
河北:S252,S252,,184.4,,no-official-km,9,8,C
河北:S253,S253,,66.4,,no-official-km,1,0,C
河北:S254,S254,,133.4,,no-official-km,3,2,C
河北:S255,S255,,41.5,,no-official-km,2,1,C
河北:S256,S256,,115.4,,no-official-km,3,2,C
河北:S257,S257,,66.9,,no-official-km,2,1,C
河北:S26,S26,,6.6,,no-official-km,1,0,C
河北:S260,S260,,,,no-geometry,0,0,
河北:S261,S261,,145.3,,no-official-km,8,7,C
河北:S262,S262,,124.3,,no-official-km,12,11,C
河北:S263,S263,,50.5,,no-official-km,2,1,C
河北:S264,S264,,66.3,,no-official-km,3,2,C
河北:S265,S265,,36.3,,no-official-km,1,0,C
河北:S267,S267,,6.3,,no-official-km,2,1,C
河北:S269,S269,,15.2,,no-official-km,2,1,C
河北:S27,S27,,42.0,,no-official-km,3,2,C
河北:S271,S271,,6.2,,no-official-km,3,2,C
河北:S272,S272,90,159.8,77.6,deviation-large,3,2,X
河北:S273,S273,,48.1,,no-official-km,1,0,C
河北:S274,S274,,24.8,,no-official-km,1,0,C
河北:S28,S28,,33.0,,no-official-km,2,1,C
河北:S281,S281,,68.5,,no-official-km,4,3,C
河北:S282,S282,,162.5,,broken-jump,15,14,C
河北:S283,S283,,58.0,,no-official-km,2,1,C
河北:S284,S284,,12.3,,no-official-km,2,1,C
河北:S285,S285,,47.4,,no-official-km,1,0,C
河北:S3,S3,,29.2,,no-official-km,2,1,C
河北:S30,S30,,213.4,,no-official-km,5,4,C
河北:S301,S301,,29.5,,broken-jump,3,2,C
河北:S302,S302,,74.5,,no-official-km,11,10,C
河北:S303,S303,,32.0,,broken-jump,7,6,C
河北:S304,S304,,17.2,,no-official-km,4,3,C
河北:S305,S305,,101.2,,no-official-km,6,5,C
河北:S306,S306,,53.6,,no-official-km,7,6,C
河北:S307,S307,,96.8,,no-official-km,8,7,C
河北:S308,S308,,122.7,,no-official-km,12,11,C
河北:S309,S309,,63.1,,no-official-km,1,0,C
河北:S31,S31,,38.8,,no-official-km,1,0,C
河北:S310,S310,,9.3,,no-official-km,1,0,C
河北:S3105,S3105,,116.8,,no-official-km,2,1,C
河北:S311,S311,,87.9,,broken-jump,8,7,C
河北:S312,S312,,79.9,,no-official-km,2,1,C
河北:S313,S313,,162.2,,broken-jump,6,5,C
河北:S314,S314,,123.8,,no-official-km,8,7,C
河北:S315,S315,,190.8,,no-official-km,9,8,C
河北:S316,S316,,173.7,,no-official-km,20,19,C
河北:S317,S317,,55.3,,no-official-km,8,7,C
河北:S318,S318,,108.5,,no-official-km,7,6,C
河北:S319,S319,,25.3,,no-official-km,4,3,C
河北:S32,S32,,107.1,,no-official-km,11,10,C
河北:S320,S320,,30.7,,no-official-km,5,4,C
河北:S3201,S3201,,30.0,,no-official-km,2,1,C
河北:S321,S321,,124.9,,no-official-km,13,12,C
河北:S322,S322,,73.4,,no-official-km,5,4,C
河北:S323,S323,,153.0,,no-official-km,21,20,C
河北:S324,S324,,232.3,,no-official-km,8,7,C
河北:S325,S325,,49.8,,broken-jump,10,9,C
河北:S326,S326,,139.9,,no-official-km,10,9,C
河北:S327,S327,,87.2,,no-official-km,8,7,C
河北:S328,S328,,103.0,,no-official-km,11,10,C
河北:S329,S329,,114.4,,broken-jump,10,9,C
河北:S33,S33,,44.9,,no-official-km,3,2,C
河北:S330,S330,,80.2,,no-official-km,9,8,C
河北:S3300,S3300,,35.3,,no-official-km,1,0,C
河北:S3301,S3301,,146.4,,no-official-km,1,0,C
河北:S3305,S3305,,55.3,,no-official-km,8,7,C
河北:S331,S331,,167.4,,broken-jump,12,11,C
河北:S332,S332,,37.5,,no-official-km,5,4,C
河北:S333,S333,,81.8,,no-official-km,9,8,C
河北:S334,S334,,90.2,,no-official-km,5,4,C
河北:S335,S335,,142.1,,no-official-km,6,5,C
河北:S336,S336,,13.4,,no-official-km,1,0,C
河北:S337,S337,,30.8,,no-official-km,3,2,C
河北:S338,S338,,5.1,,no-official-km,1,0,C
河北:S34,S34,,23.9,,no-official-km,2,1,C
河北:S342,S342,,129.9,,no-official-km,4,3,C
河北:S344,S344,,42.0,,no-official-km,1,0,C
河北:S345,S345,,25.7,,no-official-km,1,0,C
河北:S346,S346,,3.6,,no-official-km,1,0,C
河北:S347,S347,,16.4,,broken-jump,1,0,C
河北:S35,S35,,9.3,,no-official-km,1,0,C
河北:S3500,S3500,,49.8,,no-official-km,1,0,C
河北:S3501,S3501,,45.3,,broken-jump,1,0,C
河北:S351,S351,,51.4,,no-official-km,1,0,C
河北:S352,S352,,50.4,,no-official-km,1,0,C
河北:S353,S353,,53.4,,no-official-km,1,0,C
河北:S354,S354,,92.7,,no-official-km,7,6,C
河北:S355,S355,,133.3,,no-official-km,5,4,C
河北:S356,S356,,112.9,,no-official-km,9,8,C
河北:S357,S357,,80.5,,no-official-km,1,0,C
河北:S358,S358,,112.5,,no-official-km,5,4,C
河北:S36,S36,,33.4,,no-official-km,3,2,C
河北:S360,S360,,2.6,,no-official-km,2,1,C
河北:S3600,S3600,,26.5,,no-official-km,2,1,C
河北:S3601,S3601,,96.7,,no-official-km,1,0,C
河北:S361,S361,,60.3,,broken-jump,3,2,C
河北:S362,S362,,106.0,,no-official-km,5,4,C
河北:S363,S363,,108.0,,no-official-km,5,4,C
河北:S364,S364,,106.3,,no-official-km,7,6,C
河北:S365,S365,,13.8,,no-official-km,1,0,C
河北:S3700,S3700,,113.6,,no-official-km,1,0,C
河北:S3701,S3701,,184.6,,no-official-km,2,1,C
河北:S371,S371,,68.0,,no-official-km,6,5,C
河北:S3800,S3800,,99.5,,no-official-km,1,0,C
河北:S3801,S3801,,223.4,,no-official-km,3,2,C
河北:S381,S381,,109.4,,broken-jump,12,11,C
河北:S382,S382,,107.4,,no-official-km,9,8,C
河北:S383,S383,,120.8,,no-official-km,3,2,C
河北:S384,S384,,41.6,,no-official-km,1,0,C
河北:S385,S385,,52.6,,no-official-km,2,1,C
河北:S39,S39,,20.2,,broken-jump,1,0,C
河北:S390,S390,,7.1,,no-official-km,1,0,C
河北:S3901,S3901,,104.7,,no-official-km,1,0,C
河北:S391,S391,,51.7,,no-official-km,2,1,C
河北:S392,S392,,179.2,,broken-jump,10,9,C
河北:S393,S393,,43.8,,no-official-km,7,6,C
河北:S4,S4,,27.2,,no-official-km,2,1,C
河北:S40,S40,,119.5,,no-official-km,9,8,C
河北:S41,S41,,4.6,,no-official-km,1,0,C
河北:S42,S42,,14.0,,no-official-km,2,1,C
河北:S43,S43,,9.0,,no-official-km,1,0,C
河北:S44,S44,,8.3,,no-official-km,3,2,C
河北:S45,S45,,6.8,,no-official-km,2,1,C
河北:S46,S46,,4.7,,no-official-km,1,0,C
河北:S49,S49,,1.0,,no-official-km,1,0,C
河北:S5,S5,,8.0,,no-official-km,1,0,C
河北:S50,S50,,168.2,,no-official-km,9,8,C
河北:S505,S505,,36.9,,no-official-km,2,1,C
河北:S51,S51,,188.0,,no-official-km,7,6,C
河北:S511,S511,,91.6,,broken-jump,3,2,C
河北:S517,S517,,8.3,,no-official-km,1,0,C
河北:S52,S52,,211.2,,no-official-km,2,1,C
河北:S53,S53,,35.6,,no-official-km,1,0,C
河北:S537,S537,,22.8,,no-official-km,1,0,C
河北:S542,S542,,12.7,,no-official-km,5,4,C
河北:S57,S57,,65.4,,broken-jump,1,0,C
河北:S6,S6,,9.6,,no-official-km,4,3,C
河北:S60,S60,,10.1,,no-official-km,2,1,C
河北:S62,S62,,9.5,,no-official-km,1,0,C
河北:S64,S64,,80.6,,no-official-km,17,16,C
河北:S66,S66,,10.0,,no-official-km,1,0,C
河北:S67,S67,,28.3,,no-official-km,1,0,C
河北:S7,S7,,7.0,,no-official-km,2,1,C
河北:S71,S71,,40.6,,no-official-km,3,2,C
河北:S72,S72,,57.5,,no-official-km,3,2,C
河北:S73,S73,,24.0,,no-official-km,1,0,C
河北:S75,S75,,330.6,,no-official-km,4,3,C
河北:S76,S76,,193.1,,no-official-km,2,1,C
河北:S78,S78,,110.2,,no-official-km,4,3,C
河北:S81,S81,,15.8,,no-official-km,1,0,C
河北:S84,S84,,,,no-geometry,0,0,
河北:S85,S85,,4.7,,no-official-km,1,0,C
河北:S86,S86,,139.2,,no-official-km,1,0,C
河北:S87,S87,,3.5,,no-official-km,1,0,C
河北:S9,S9,,1.5,,no-official-km,1,0,C
河北:S9902,S9902,,62.3,,no-official-km,4,3,C
河北:S9905,S9905,,76.9,,no-official-km,1,0,C
河北:S9960,S9960,,11.0,,no-official-km,1,0,C
河北:S9961,S9961,,14.4,,no-official-km,1,0,C
河南:S1,S1,,28.8,,no-official-km,1,0,C
河南:S101,S101,,171.0,,no-official-km,13,12,C
河南:S102,S102,,160.0,,no-official-km,9,8,C
河南:S103,S103,,328.3,,broken-jump,14,13,C
河南:S104,S104,,21.6,,no-official-km,2,1,C
河南:S108,S108,,6.9,,no-official-km,1,0,C
河南:S12,S12,,3.7,,no-official-km,1,0,C
河南:S201,S201,,65.2,,no-official-km,6,5,C
河南:S202,S202,,28.6,,no-official-km,2,1,C
河南:S203,S203,,64.3,,no-official-km,4,3,C
河南:S204,S204,,111.4,,broken-jump,4,3,C
河南:S205,S205,,146.5,,no-official-km,9,8,C
河南:S206,S206,,177.1,,no-official-km,18,17,C
河南:S207,S207,,178.2,,no-official-km,12,11,C
河南:S208,S208,,73.9,,broken-jump,1,0,C
河南:S209,S209,,125.3,,no-official-km,5,4,C
河南:S21,S21,,80.8,,no-official-km,2,1,C
河南:S210,S210,,103.1,,broken-jump,10,9,C
河南:S211,S211,,107.3,,broken-jump,6,5,C
河南:S212,S212,,34.1,,no-official-km,8,7,C
河南:S213,S213,,294.7,,broken-jump,13,12,C
河南:S214,S214,,56.6,,no-official-km,5,4,C
河南:S215,S215,,109.9,,broken-jump,8,7,C
河南:S216,S216,,72.4,,no-official-km,5,4,C
河南:S217,S217,,61.8,,broken-jump,4,3,C
河南:S218,S218,,109.7,,broken-jump,4,3,C
河南:S219,S219,,205.6,,no-official-km,20,19,C
河南:S22,S22,,148.5,,no-official-km,1,0,C
河南:S220,S220,,208.1,,broken-jump,13,12,C
河南:S221,S221,,112.6,,no-official-km,4,3,C
河南:S222,S222,,211.5,,no-official-km,11,10,C
河南:S223,S223,,182.7,,no-official-km,11,10,C
河南:S224,S224,,143.4,,broken-jump,8,7,C
河南:S225,S225,,42.1,,broken-jump,3,2,C
河南:S226,S226,,19.8,,no-official-km,1,0,C
河南:S227,S227,,184.4,,broken-jump,7,6,C
河南:S228,S228,,91.6,,no-official-km,5,4,C
河南:S229,S229,,56.7,,no-official-km,7,6,C
河南:S23,S23,,38.2,,no-official-km,1,0,C
河南:S230,S230,,93.1,,no-official-km,7,6,C
河南:S231,S231,,61.0,,no-official-km,11,10,C
河南:S232,S232,,114.8,,broken-jump,10,9,C
河南:S233,S233,,199.8,,no-official-km,6,5,C
河南:S234,S234,,244.6,,no-official-km,13,12,C
河南:S235,S235,,124.7,,no-official-km,7,6,C
河南:S236,S236,,40.3,,no-official-km,4,3,C
河南:S237,S237,,260.7,,no-official-km,13,12,C
河南:S238,S238,,153.6,,no-official-km,14,13,C
河南:S239,S239,,99.4,,broken-jump,3,2,C
河南:S24,S24,,5.8,,no-official-km,1,0,C
河南:S240,S240,,159.6,,no-official-km,12,11,C
河南:S241,S241,,229.9,,no-official-km,15,14,C
河南:S242,S242,,198.5,,no-official-km,15,14,C
河南:S243,S243,,106.9,,no-official-km,7,6,C
河南:S244,S244,,14.9,,no-official-km,1,0,C
河南:S245,S245,,57.3,,no-official-km,6,5,C
河南:S246,S246,,64.6,,no-official-km,7,6,C
河南:S247,S247,,117.2,,no-official-km,4,3,C
河南:S248,S248,,145.9,,no-official-km,10,9,C
河南:S249,S249,,177.2,,no-official-km,10,9,C
河南:S25,S25,,0.1,,no-official-km,1,0,C
河南:S250,S250,,138.9,,no-official-km,4,3,C
河南:S251,S251,,5.6,,no-official-km,1,0,C
河南:S252,S252,,11.2,,no-official-km,3,2,C
河南:S253,S253,,24.8,,no-official-km,2,1,C
河南:S254,S254,,13.5,,no-official-km,2,1,C
河南:S255,S255,,49.9,,no-official-km,4,3,C
河南:S26,S26,,214.6,,no-official-km,5,4,C
河南:S260,S260,,,,no-geometry,0,0,
河南:S273,S273,,7.1,,no-official-km,1,0,C
河南:S274,S274,,10.4,,no-official-km,3,2,C
河南:S28,S28,,7.8,,no-official-km,2,1,C
河南:S29,S29,,250.7,,no-official-km,3,2,C
河南:S30,S30,,2.8,,no-official-km,1,0,C
河南:S301,S301,,61.1,,broken-jump,4,3,C
河南:S302,S302,,204.8,,broken-jump,16,15,C
河南:S303,S303,,105.6,,broken-jump,6,5,C
河南:S304,S304,,48.1,,broken-jump,3,2,C
河南:S305,S305,,53.5,,no-official-km,6,5,C
河南:S306,S306,,63.7,,no-official-km,3,2,C
河南:S307,S307,,237.2,,no-official-km,23,22,C
河南:S308,S308,,92.9,,no-official-km,9,8,C
河南:S309,S309,,172.5,,broken-jump,13,12,C
河南:S310,S310,,137.3,,no-official-km,7,6,C
河南:S311,S311,,31.7,,no-official-km,2,1,C
河南:S312,S312,,288.0,,no-official-km,14,13,C
河南:S314,S314,,191.1,,broken-jump,10,9,C
河南:S315,S315,,59.6,,no-official-km,4,3,C
河南:S316,S316,,130.2,,no-official-km,8,7,C
河南:S317,S317,,48.0,,no-official-km,4,3,C
河南:S318,S318,,208.4,,no-official-km,7,6,C
河南:S319,S319,,118.8,,no-official-km,7,6,C
河南:S32,S32,,253.7,,no-official-km,3,2,C
河南:S320,S320,,196.6,,no-official-km,8,7,C
河南:S321,S321,,31.8,,no-official-km,2,1,C
河南:S322,S322,,206.3,,no-official-km,8,7,C
河南:S323,S323,,451.3,,no-official-km,26,25,C
河南:S324,S324,,223.6,,broken-jump,12,11,C
河南:S325,S325,,253.7,,no-official-km,17,16,C
河南:S326,S326,,86.0,,no-official-km,4,3,C
河南:S327,S327,,201.6,,no-official-km,10,9,C
河南:S328,S328,,339.3,,no-official-km,16,15,C
河南:S329,S329,,104.6,,no-official-km,9,8,C
河南:S33,S33,,171.9,,no-official-km,5,4,C
河南:S330,S330,,216.6,,no-official-km,13,12,C
河南:S331,S331,,131.0,,no-official-km,5,4,C
河南:S332,S332,,53.8,,no-official-km,3,2,C
河南:S333,S333,,137.3,,broken-jump,14,13,C
河南:S334,S334,,135.4,,no-official-km,7,6,C
河南:S335,S335,,309.5,,no-official-km,13,12,C
河南:S336,S336,,95.7,,no-official-km,4,3,C
河南:S337,S337,,213.0,,no-official-km,10,9,C
河南:S338,S338,,58.6,,no-official-km,4,3,C
河南:S339,S339,,114.3,,no-official-km,9,8,C
河南:S355,S355,,6.5,,no-official-km,2,1,C
河南:S363,S363,,43.1,,no-official-km,4,3,C
河南:S37,S37,,114.4,,no-official-km,1,0,C
河南:S371,S371,,6.9,,no-official-km,1,0,C
河南:S374,S374,,11.3,,no-official-km,2,1,C
河南:S378,S378,,32.5,,no-official-km,1,0,C
河南:S38,S38,,178.6,,no-official-km,3,2,C
河南:S405,S405,,1.9,,no-official-km,1,0,C
河南:S41,S41,,6.9,,no-official-km,2,1,C
河南:S410,S410,,6.7,,no-official-km,2,1,C
河南:S411,S411,,5.4,,no-official-km,3,2,C
河南:S412,S412,,6.8,,no-official-km,1,0,C
河南:S42,S42,,53.6,,no-official-km,1,0,C
河南:S422,S422,,29.3,,no-official-km,2,1,C
河南:S444,S444,,3.5,,no-official-km,1,0,C
河南:S48,S48,,51.1,,no-official-km,2,1,C
河南:S49,S49,,346.2,,no-official-km,3,2,C
河南:S502,S502,,42.3,,no-official-km,1,0,C
河南:S504,S504,,8.7,,no-official-km,1,0,C
河南:S515,S515,,13.4,,no-official-km,1,0,C
河南:S517,S517,,2.7,,no-official-km,1,0,C
河南:S518,S518,,9.4,,no-official-km,1,0,C
河南:S520,S520,,82.8,,broken-jump,8,7,C
河南:S524,S524,,9.1,,no-official-km,1,0,C
河南:S526,S526,,27.6,,no-official-km,1,0,C
河南:S528,S528,,10.5,,no-official-km,1,0,C
河南:S53,S53,,3.3,,no-official-km,1,0,C
河南:S533,S533,,11.2,,no-official-km,1,0,C
河南:S534,S534,,13.6,,no-official-km,2,1,C
河南:S535,S535,,13.7,,no-official-km,1,0,C
河南:S542,S542,,1.4,,no-official-km,1,0,C
河南:S57,S57,,249.5,,no-official-km,2,1,C
河南:S59,S59,,1.5,,no-official-km,1,0,C
河南:S60,S60,,224.9,,no-official-km,1,0,C
河南:S62,S62,,144.5,,no-official-km,1,0,C
河南:S65,S65,,118.8,,no-official-km,2,1,C
河南:S68,S68,,89.3,,no-official-km,2,1,C
河南:S71,S71,,26.1,,no-official-km,1,0,C
河南:S72,S72,,99.4,,no-official-km,3,2,C
河南:S73,S73,,78.6,,no-official-km,2,1,C
河南:S74,S74,,26.8,,no-official-km,1,0,C
河南:S75,S75,,2.6,,no-official-km,1,0,C
河南:S76,S76,,85.1,,no-official-km,1,0,C
河南:S77,S77,,9.4,,no-official-km,1,0,C
河南:S80,S80,,46.4,,no-official-km,2,1,C
河南:S81,S81,,387.6,,no-official-km,3,2,C
河南:S82,S82,,122.8,,no-official-km,2,1,C
河南:S84,S84,,71.3,,no-official-km,1,0,C
河南:S85,S85,,54.6,,no-official-km,5,4,C
河南:S87,S87,,65.2,,no-official-km,1,0,C
河南:S88,S88,,274.1,,no-official-km,2,1,C
河南:S89,S89,,1.0,,no-official-km,1,0,C
河南:S95,S95,,183.0,,no-official-km,2,1,C
河南:S96,S96,,136.6,,no-official-km,1,0,C
河南:S97,S97,,127.9,,no-official-km,1,0,C
河南:S98,S98,,90.6,,no-official-km,1,0,C
河南:S99,S99,,12.7,,no-official-km,1,0,C
黑龙江:S1,S1,,32.6,,no-official-km,4,3,C
黑龙江:S101,S101,,324.6,,broken-jump,21,20,C
黑龙江:S102,S102,,231.8,,no-official-km,12,11,C
黑龙江:S104,S104,,175.2,,broken-jump,2,1,C
黑龙江:S12,S12,,198.4,,no-official-km,1,0,C
黑龙江:S16,S16,,158.2,,no-official-km,2,1,C
黑龙江:S18,S18,,180.8,,no-official-km,1,0,C
黑龙江:S201,S201,,197.4,,no-official-km,5,4,C
黑龙江:S202,S202,,234.3,,no-official-km,8,7,C
黑龙江:S203,S203,,802.7,,no-official-km,16,15,C
黑龙江:S204,S204,,319.7,,broken-jump,3,2,C
黑龙江:S205,S205,,131.2,,no-official-km,5,4,C
黑龙江:S206,S206,,263.9,,no-official-km,7,6,C
黑龙江:S207,S207,,355.9,,no-official-km,9,8,C
黑龙江:S209,S209,,207.2,,no-official-km,8,7,C
黑龙江:S210,S210,,181.9,,no-official-km,13,12,C
黑龙江:S211,S211,,328.0,,broken-jump,8,7,C
黑龙江:S212,S212,,213.0,,broken-jump,3,2,C
黑龙江:S213,S213,,196.1,,broken-jump,3,2,C
黑龙江:S214,S214,,293.4,,no-official-km,6,5,C
黑龙江:S215,S215,,272.1,,no-official-km,2,1,C
黑龙江:S216,S216,,25.8,,no-official-km,1,0,C
黑龙江:S217,S217,,270.3,,broken-jump,4,3,C
黑龙江:S218,S218,,198.7,,no-official-km,2,1,C
黑龙江:S219,S219,,15.0,,no-official-km,1,0,C
黑龙江:S22,S22,,113.4,,broken-jump,1,0,C
黑龙江:S221,S221,,3.0,,no-official-km,1,0,C
黑龙江:S301,S301,,177.1,,no-official-km,3,2,C
黑龙江:S302,S302,,18.6,,no-official-km,3,2,C
黑龙江:S303,S303,,174.0,,broken-jump,3,2,C
黑龙江:S304,S304,,298.4,,no-official-km,7,6,C
黑龙江:S305,S305,,149.5,,broken-jump,3,2,C
黑龙江:S306,S306,,205.3,,broken-jump,2,1,C
黑龙江:S307,S307,,141.3,,broken-jump,5,4,C
黑龙江:S308,S308,,413.9,,broken-jump,7,6,C
黑龙江:S309,S309,,597.4,,broken-jump,13,12,C
黑龙江:S310,S310,,85.9,,no-official-km,3,2,C
黑龙江:S311,S311,,413.0,,broken-jump,12,11,C
黑龙江:S312,S312,,166.0,,no-official-km,8,7,C
黑龙江:S314,S314,,90.3,,no-official-km,2,1,C
黑龙江:S315,S315,,60.4,,no-official-km,2,1,C
黑龙江:S316,S316,,90.4,,no-official-km,1,0,C
黑龙江:S317,S317,,157.8,,no-official-km,4,3,C
黑龙江:S501,S501,,73.4,,broken-jump,2,1,C
黑龙江:S502,S502,,76.1,,no-official-km,4,3,C
黑龙江:S503,S503,,49.3,,no-official-km,2,1,C
黑龙江:S504,S504,,37.1,,no-official-km,2,1,C
黑龙江:S505,S505,,38.6,,broken-jump,1,0,C
黑龙江:S506,S506,,36.1,,no-official-km,3,2,C
黑龙江:S507,S507,,60.7,,no-official-km,2,1,C
黑龙江:S508,S508,,66.5,,no-official-km,2,1,C
黑龙江:S509,S509,,37.8,,broken-jump,1,0,C
黑龙江:S510,S510,,51.2,,no-official-km,1,0,C
黑龙江:S511,S511,,119.1,,no-official-km,3,2,C
黑龙江:S512,S512,,96.5,,no-official-km,1,0,C
黑龙江:S513,S513,,76.5,,no-official-km,1,0,C
黑龙江:S514,S514,,78.2,,no-official-km,1,0,C
黑龙江:S515,S515,,56.1,,no-official-km,2,1,C
黑龙江:S516,S516,,115.3,,no-official-km,1,0,C
黑龙江:S517,S517,,57.0,,no-official-km,1,0,C
黑龙江:S518,S518,,58.5,,no-official-km,1,0,C
黑龙江:S601,S601,,19.9,,no-official-km,1,0,C
黑龙江:S602,S602,,6.1,,no-official-km,1,0,C
黑龙江:S603,S603,,9.4,,no-official-km,1,0,C
黑龙江:S604,S604,,24.3,,no-official-km,2,1,C
黑龙江:S605,S605,,3.5,,no-official-km,1,0,C
黑龙江:S607,S607,,3.4,,no-official-km,1,0,C
黑龙江:S611,S611,,6.5,,no-official-km,1,0,C
黑龙江:S614,S614,,2.8,,no-official-km,1,0,C
黑龙江:S622,S622,,0.7,,no-official-km,1,0,C
黑龙江:S623,S623,,31.0,,no-official-km,1,0,C
黑龙江:S624,S624,,3.5,,no-official-km,1,0,C
黑龙江:S631,S631,,9.3,,no-official-km,2,1,C
黑龙江:S632,S632,,9.1,,no-official-km,1,0,C
黑龙江:S633,S633,,16.0,,no-official-km,1,0,C
黑龙江:S634,S634,,3.6,,no-official-km,1,0,C
黑龙江:S641,S641,,96.1,,no-official-km,5,4,C
黑龙江:S642,S642,,64.1,,no-official-km,1,0,C
黑龙江:S643,S643,,23.2,,no-official-km,1,0,C
黑龙江:S644,S644,,48.4,,no-official-km,1,0,C
黑龙江:S645,S645,,67.6,,no-official-km,2,1,C
湖北:S1,S1,,23.5,,no-official-km,2,1,C
湖北:S101,S101,,72.2,,no-official-km,5,4,C
湖北:S102,S102,,103.7,,no-official-km,6,5,C
湖北:S103,S103,,168.6,,no-official-km,13,12,C
湖北:S104,S104,,28.9,,no-official-km,3,2,C
湖北:S105,S105,,27.6,,no-official-km,4,3,C
湖北:S106,S106,,51.8,,broken-jump,5,4,C
湖北:S107,S107,,45.0,,no-official-km,5,4,C
湖北:S108,S108,,105.0,,no-official-km,4,3,C
湖北:S109,S109,,85.6,,no-official-km,10,9,C
湖北:S11,S11,,14.5,,no-official-km,1,0,C
湖北:S110,S110,,36.8,,no-official-km,1,0,C
湖北:S111,S111,,29.7,,no-official-km,3,2,C
湖北:S112,S112,,143.1,,no-official-km,9,8,C
湖北:S113,S113,,37.8,,no-official-km,3,2,C
湖北:S114,S114,,55.9,,no-official-km,3,2,C
湖北:S115,S115,,72.5,,no-official-km,5,4,C
湖北:S116,S116,,43.2,,no-official-km,2,1,C
湖北:S117,S117,,55.3,,broken-jump,3,2,C
湖北:S118,S118,,27.3,,no-official-km,1,0,C
湖北:S119,S119,,7.2,,no-official-km,1,0,C
湖北:S121,S121,,48.3,,no-official-km,3,2,C
湖北:S122,S122,,54.5,,no-official-km,3,2,C
湖北:S124,S124,,39.2,,no-official-km,1,0,C
湖北:S13,S13,,149.2,,no-official-km,1,0,C
湖北:S14,S14,,61.1,,no-official-km,2,1,C
湖北:S15,S15,,40.6,,no-official-km,1,0,C
湖北:S17,S17,,50.9,,no-official-km,1,0,C
湖北:S18,S18,,19.7,,no-official-km,1,0,C
湖北:S19,S19,,20.8,,no-official-km,1,0,C
湖北:S2,S2,,42.6,,no-official-km,1,0,C
湖北:S201,S201,,205.6,,no-official-km,16,15,C
湖北:S202,S202,,21.7,,no-official-km,3,2,C
湖北:S203,S203,,185.8,,no-official-km,14,13,C
湖北:S204,S204,,65.3,,no-official-km,3,2,C
湖北:S205,S205,,77.1,,no-official-km,5,4,C
湖北:S206,S206,,77.7,,no-official-km,3,2,C
湖北:S207,S207,,27.3,,no-official-km,1,0,C
湖北:S208,S208,,163.1,,no-official-km,11,10,C
湖北:S209,S209,,23.9,,no-official-km,3,2,C
湖北:S210,S210,,67.4,,no-official-km,2,1,C
湖北:S211,S211,,84.0,,broken-jump,4,3,C
湖北:S212,S212,,225.1,,no-official-km,11,10,C
湖北:S213,S213,,82.4,,no-official-km,6,5,C
湖北:S214,S214,,156.3,,no-official-km,13,12,C
湖北:S215,S215,,117.9,,broken-jump,7,6,C
湖北:S216,S216,,147.0,,no-official-km,5,4,C
湖北:S217,S217,,121.0,,no-official-km,9,8,C
湖北:S218,S218,,110.4,,no-official-km,6,5,C
湖北:S219,S219,,44.4,,no-official-km,3,2,C
湖北:S220,S220,,29.3,,no-official-km,1,0,C
湖北:S221,S221,,133.5,,broken-jump,7,6,C
湖北:S222,S222,,4.4,,no-official-km,2,1,C
湖北:S223,S223,,0.1,,no-official-km,1,0,C
湖北:S224,S224,,193.3,,no-official-km,4,3,C
湖北:S225,S225,,79.3,,no-official-km,2,1,C
湖北:S226,S226,,35.2,,no-official-km,1,0,C
湖北:S228,S228,,131.9,,no-official-km,6,5,C
湖北:S229,S229,,63.9,,no-official-km,1,0,C
湖北:S231,S231,,32.5,,no-official-km,1,0,C
湖北:S232,S232,,116.7,,no-official-km,2,1,C
湖北:S233,S233,,142.9,,no-official-km,4,3,C
湖北:S234,S234,,78.3,,no-official-km,5,4,C
湖北:S235,S235,,118.2,,no-official-km,5,4,C
湖北:S236,S236,,197.6,,no-official-km,7,6,C
湖北:S237,S237,,49.9,,no-official-km,2,1,C
湖北:S238,S238,,114.6,,no-official-km,3,2,C
湖北:S239,S239,,36.1,,no-official-km,2,1,C
湖北:S24,S24,,1.6,,no-official-km,1,0,C
湖北:S240,S240,,45.3,,no-official-km,4,3,C
湖北:S241,S241,,66.6,,no-official-km,3,2,C
湖北:S242,S242,,109.6,,no-official-km,4,3,C
湖北:S243,S243,,15.2,,no-official-km,1,0,C
湖北:S244,S244,,4.8,,no-official-km,3,2,C
湖北:S245,S245,,173.6,,no-official-km,5,4,C
湖北:S246,S246,,93.2,,no-official-km,6,5,C
湖北:S247,S247,,150.2,,broken-jump,5,4,C
湖北:S248,S248,,64.8,,no-official-km,3,2,C
湖北:S249,S249,,163.5,,no-official-km,7,6,C
湖北:S25,S25,,1.3,,no-official-km,1,0,C
湖北:S250,S250,,131.5,,no-official-km,2,1,C
湖北:S251,S251,,219.6,,no-official-km,4,3,C
湖北:S252,S252,,97.1,,no-official-km,3,2,C
湖北:S253,S253,,164.9,,broken-jump,2,1,C
湖北:S254,S254,,155.4,,no-official-km,10,9,C
湖北:S255,S255,,183.6,,no-official-km,4,3,C
湖北:S256,S256,,39.1,,broken-jump,1,0,C
湖北:S257,S257,,5.7,,no-official-km,2,1,C
湖北:S258,S258,,73.0,,no-official-km,3,2,C
湖北:S259,S259,,65.6,,no-official-km,2,1,C
湖北:S26,S26,,44.8,,no-official-km,1,0,C
湖北:S260,S260,,43.9,,no-official-km,4,3,C
湖北:S267,S267,,36.9,,no-official-km,2,1,C
湖北:S269,S269,,79.7,,no-official-km,6,5,C
湖北:S27,S27,,13.0,,no-official-km,1,0,C
湖北:S271,S271,,0.6,,no-official-km,1,0,C
湖北:S272,S272,,129.0,,no-official-km,4,3,C
湖北:S273,S273,,82.7,,no-official-km,1,0,C
湖北:S274,S274,,45.5,,broken-jump,3,2,C
湖北:S275,S275,,128.6,,no-official-km,4,3,C
湖北:S276,S276,,59.4,,no-official-km,4,3,C
湖北:S277,S277,,84.6,,no-official-km,1,0,C
湖北:S278,S278,,42.0,,no-official-km,1,0,C
湖北:S279,S279,,25.1,,no-official-km,1,0,C
湖北:S28,S28,,53.9,,broken-jump,1,0,C
湖北:S281,S281,,75.1,,no-official-km,3,2,C
湖北:S282,S282,,48.2,,no-official-km,1,0,C
湖北:S284,S284,,93.3,,no-official-km,1,0,C
湖北:S285,S285,,48.0,,no-official-km,1,0,C
湖北:S286,S286,,111.5,,no-official-km,1,0,C
湖北:S287,S287,,192.7,,no-official-km,3,2,C
湖北:S29,S29,,186.4,,no-official-km,2,1,C
湖北:S3,S3,,13.1,,no-official-km,1,0,C
湖北:S301,S301,,166.2,,no-official-km,7,6,C
湖北:S302,S302,,50.6,,no-official-km,4,3,C
湖北:S303,S303,,84.0,,no-official-km,3,2,C
湖北:S304,S304,,113.2,,no-official-km,14,13,C
湖北:S305,S305,,114.0,,no-official-km,10,9,C
湖北:S306,S306,,170.4,,no-official-km,8,7,C
湖北:S307,S307,,113.9,,no-official-km,2,1,C
湖北:S308,S308,,75.7,,no-official-km,3,2,C
湖北:S309,S309,,52.2,,no-official-km,3,2,C
湖北:S31,S31,,105.1,,no-official-km,1,0,C
湖北:S310,S310,,30.8,,no-official-km,4,3,C
湖北:S311,S311,,226.8,,broken-jump,6,5,C
湖北:S312,S312,,128.0,,no-official-km,4,3,C
湖北:S314,S314,,63.2,,no-official-km,2,1,C
湖北:S315,S315,,81.2,,no-official-km,6,5,C
湖北:S316,S316,,186.0,,broken-jump,8,7,C
湖北:S317,S317,,21.4,,no-official-km,2,1,C
湖北:S319,S319,,40.9,,no-official-km,1,0,C
湖北:S32,S32,,3.5,,no-official-km,1,0,C
湖北:S320,S320,,182.2,,no-official-km,5,4,C
湖北:S321,S321,,78.0,,broken-jump,3,2,C
湖北:S322,S322,,147.9,,broken-jump,7,6,C
湖北:S323,S323,,82.9,,no-official-km,5,4,C
湖北:S324,S324,,151.1,,no-official-km,2,1,C
湖北:S325,S325,,66.4,,no-official-km,1,0,C
湖北:S326,S326,,13.7,,no-official-km,3,2,C
湖北:S327,S327,,79.0,,no-official-km,5,4,C
湖北:S328,S328,,128.1,,no-official-km,3,2,C
湖北:S33,S33,,84.7,,no-official-km,1,0,C
湖北:S330,S330,,42.1,,no-official-km,5,4,C
湖北:S331,S331,,36.2,,no-official-km,1,0,C
湖北:S332,S332,,42.3,,no-official-km,1,0,C
湖北:S333,S333,,34.1,,no-official-km,1,0,C
湖北:S334,S334,,90.1,,no-official-km,7,6,C
湖北:S335,S335,,93.4,,no-official-km,4,3,C
湖北:S336,S336,,38.3,,no-official-km,1,0,C
湖北:S337,S337,,112.7,,no-official-km,6,5,C
湖北:S338,S338,,86.1,,no-official-km,1,0,C
湖北:S339,S339,,151.3,,no-official-km,2,1,C
湖北:S341,S341,,73.2,,no-official-km,1,0,C
湖北:S342,S342,,21.1,,no-official-km,1,0,C
湖北:S343,S343,,13.6,,no-official-km,4,3,C
湖北:S344,S344,,17.2,,no-official-km,1,0,C
湖北:S345,S345,,73.5,,broken-jump,1,0,C
湖北:S346,S346,,41.3,,no-official-km,2,1,C
湖北:S347,S347,,6.9,,no-official-km,2,1,C
湖北:S349,S349,,51.1,,no-official-km,3,2,C
湖北:S351,S351,,1.6,,no-official-km,1,0,C
湖北:S352,S352,,36.7,,no-official-km,1,0,C
湖北:S353,S353,,13.6,,no-official-km,1,0,C
湖北:S355,S355,,42.7,,no-official-km,1,0,C
湖北:S356,S356,,5.3,,no-official-km,1,0,C
湖北:S359,S359,,13.8,,no-official-km,1,0,C
湖北:S360,S360,,43.8,,no-official-km,2,1,C
湖北:S361,S361,,48.8,,no-official-km,5,4,C
湖北:S363,S363,,85.5,,no-official-km,2,1,C
湖北:S364,S364,,95.2,,no-official-km,1,0,C
湖北:S365,S365,,41.1,,no-official-km,1,0,C
湖北:S366,S366,,151.2,,no-official-km,2,1,C
湖北:S367,S367,,95.0,,no-official-km,1,0,C
湖北:S368,S368,,56.5,,no-official-km,5,4,C
湖北:S37,S37,,5.6,,no-official-km,1,0,C
湖北:S38,S38,,1.1,,no-official-km,1,0,C
湖北:S40,S40,,125.0,,no-official-km,1,0,C
湖北:S401,S401,,13.3,,no-official-km,1,0,C
湖北:S405,S405,,44.9,,no-official-km,1,0,C
湖北:S406,S406,,70.3,,no-official-km,2,1,C
湖北:S409,S409,,9.0,,no-official-km,2,1,C
湖北:S412,S412,,9.1,,no-official-km,1,0,C
湖北:S413,S413,,19.6,,no-official-km,1,0,C
湖北:S414,S414,,5.6,,no-official-km,1,0,C
湖北:S415,S415,,9.9,,no-official-km,1,0,C
湖北:S419,S419,,17.4,,no-official-km,3,2,C
湖北:S4214,S4214,,27.4,,no-official-km,1,0,C
湖北:S422,S422,,16.6,,broken-jump,1,0,C
湖北:S423,S423,,45.1,,broken-jump,1,0,C
湖北:S424,S424,,8.5,,no-official-km,1,0,C
湖北:S425,S425,,25.5,,no-official-km,1,0,C
湖北:S426,S426,,4.6,,no-official-km,1,0,C
湖北:S427,S427,,9.5,,no-official-km,1,0,C
湖北:S43,S43,,212.0,,no-official-km,1,0,C
湖北:S433,S433,,12.3,,no-official-km,1,0,C
湖北:S434,S434,,15.3,,no-official-km,1,0,C
湖北:S435,S435,,25.1,,no-official-km,1,0,C
湖北:S438,S438,,10.8,,no-official-km,1,0,C
湖北:S439,S439,,25.9,,no-official-km,1,0,C
湖北:S440,S440,,31.4,,broken-jump,2,1,C
湖北:S441,S441,,47.8,,no-official-km,2,1,C
湖北:S442,S442,,19.2,,no-official-km,2,1,C
湖北:S443,S443,,36.3,,no-official-km,1,0,C
湖北:S444,S444,,51.8,,no-official-km,1,0,C
湖北:S447,S447,,25.6,,no-official-km,1,0,C
湖北:S448,S448,,26.1,,no-official-km,1,0,C
湖北:S455,S455,,15.5,,broken-jump,1,0,C
湖北:S456,S456,,39.1,,no-official-km,1,0,C
湖北:S457,S457,,45.4,,no-official-km,3,2,C
湖北:S458,S458,,22.6,,no-official-km,1,0,C
湖北:S459,S459,,58.5,,no-official-km,1,0,C
湖北:S460,S460,,34.5,,no-official-km,1,0,C
湖北:S461,S461,,17.7,,no-official-km,1,0,C
湖北:S462,S462,,81.1,,no-official-km,1,0,C
湖北:S463,S463,,55.8,,no-official-km,3,2,C
湖北:S464,S464,,24.0,,no-official-km,2,1,C
湖北:S465,S465,,39.5,,no-official-km,1,0,C
湖北:S466,S466,,61.0,,no-official-km,1,0,C
湖北:S469,S469,,4.3,,no-official-km,1,0,C
湖北:S471,S471,,15.4,,no-official-km,1,0,C
湖北:S472,S472,,37.1,,no-official-km,1,0,C
湖北:S476,S476,,94.3,,no-official-km,3,2,C
湖北:S478,S478,,28.3,,no-official-km,1,0,C
湖北:S479,S479,,6.6,,no-official-km,2,1,C
湖北:S48,S48,,38.0,,no-official-km,1,0,C
湖北:S481,S481,,32.4,,no-official-km,1,0,C
湖北:S482,S482,,62.2,,broken-jump,2,1,C
湖北:S49,S49,,2.9,,no-official-km,1,0,C
湖北:S501,S501,,1.3,,no-official-km,1,0,C
湖北:S502,S502,,5.1,,no-official-km,1,0,C
湖北:S504,S504,,7.3,,no-official-km,1,0,C
湖北:S505,S505,,3.5,,no-official-km,1,0,C
湖北:S516,S516,,42.7,,no-official-km,2,1,C
湖北:S520,S520,,4.2,,no-official-km,1,0,C
湖北:S521,S521,,6.5,,no-official-km,1,0,C
湖北:S524,S524,,18.6,,no-official-km,2,1,C
湖北:S53,S53,,332.2,,no-official-km,1,0,C
湖北:S54,S54,,21.6,,no-official-km,1,0,C
湖北:S561,S561,,7.8,,no-official-km,1,0,C
湖北:S562,S562,,3.5,,no-official-km,1,0,C
湖北:S57,S57,,2.3,,no-official-km,1,0,C
湖北:S58,S58,,55.5,,no-official-km,1,0,C
湖北:S61,S61,,64.3,,no-official-km,1,0,C
湖北:S63,S63,,70.4,,no-official-km,6,5,C
湖北:S64,S64,,86.8,,no-official-km,2,1,C
湖北:S68,S68,,60.6,,no-official-km,1,0,C
湖北:S7,S7,,77.0,,no-official-km,1,0,C
湖北:S71,S71,,8.4,,no-official-km,1,0,C
湖北:S73,S73,,94.3,,no-official-km,1,0,C
湖北:S74,S74,,68.1,,no-official-km,1,0,C
湖北:S77,S77,,43.2,,no-official-km,1,0,C
湖北:S78,S78,,217.3,,no-official-km,1,0,C
湖北:S8,S8,,2.2,,no-official-km,1,0,C
湖北:S83,S83,,142.5,,no-official-km,1,0,C
湖北:S86,S86,,101.9,,no-official-km,1,0,C
湖北:S88,S88,,159.2,,no-official-km,1,0,C
湖北:S89,S89,,58.9,,no-official-km,1,0,C
湖北:S99,S99,,4.4,,no-official-km,1,0,C
湖南:S1,S1,,67.6,,no-official-km,8,7,C
湖南:S10,S10,,155.9,,no-official-km,1,0,C
湖南:S101,S101,,20.5,,no-official-km,1,0,C
湖南:S102,S102,,51.5,,broken-jump,2,1,C
湖南:S103,S103,,45.2,,no-official-km,2,1,C
湖南:S104,S104,,92.1,,no-official-km,2,1,C
湖南:S106,S106,,51.5,,no-official-km,2,1,C
湖南:S11,S11,,0.9,,no-official-km,2,1,C
湖南:S12,S12,,120.3,,no-official-km,1,0,C
湖南:S13,S13,,7.1,,no-official-km,1,0,C
湖南:S15,S15,,8.0,,no-official-km,1,0,C
湖南:S18,S18,,2.9,,no-official-km,1,0,C
湖南:S19,S19,,48.2,,no-official-km,1,0,C
湖南:S20,S20,,234.2,,no-official-km,5,4,C
湖南:S201,S201,,112.3,,no-official-km,11,10,C
湖南:S202,S202,,148.0,,no-official-km,9,8,C
湖南:S203,S203,,22.9,,broken-jump,1,0,C
湖南:S204,S204,,34.0,,no-official-km,6,5,C
湖南:S205,S205,,404.0,,no-official-km,11,10,C
湖南:S206,S206,,67.8,,no-official-km,5,4,C
湖南:S207,S207,,104.7,,no-official-km,6,5,C
湖南:S208,S208,,162.3,,no-official-km,7,6,C
湖南:S209,S209,,137.1,,no-official-km,12,11,C
湖南:S21,S21,,41.9,,no-official-km,1,0,C
湖南:S210,S210,,231.7,,broken-jump,7,6,C
湖南:S211,S211,,365.2,,no-official-km,10,9,C
湖南:S212,S212,,161.0,,no-official-km,6,5,C
湖南:S213,S213,,36.0,,no-official-km,2,1,C
湖南:S214,S214,,240.9,,no-official-km,11,10,C
湖南:S215,S215,,182.7,,no-official-km,6,5,C
湖南:S217,S217,,339.6,,broken-jump,13,12,C
湖南:S218,S218,,47.6,,no-official-km,5,4,C
湖南:S219,S219,,308.5,,no-official-km,12,11,C
湖南:S220,S220,,18.7,,no-official-km,3,2,C
湖南:S221,S221,,174.9,,no-official-km,4,3,C
湖南:S222,S222,,320.3,,no-official-km,11,10,C
湖南:S223,S223,,87.8,,no-official-km,7,6,C
湖南:S224,S224,,7.8,,no-official-km,3,2,C
湖南:S225,S225,,3.5,,no-official-km,2,1,C
湖南:S226,S226,,85.4,,broken-jump,7,6,C
湖南:S227,S227,,213.1,,no-official-km,9,8,C
湖南:S228,S228,40,46.0,15,ok,6,5,B
湖南:S229,S229,,23.4,,no-official-km,2,1,C
湖南:S23,S23,,38.3,,no-official-km,1,0,C
湖南:S230,S230,,192.8,,no-official-km,6,5,C
湖南:S231,S231,,27.8,,broken-jump,8,7,C
湖南:S232,S232,,15.0,,no-official-km,2,1,C
湖南:S234,S234,,24.3,,no-official-km,1,0,C
湖南:S236,S236,,83.9,,broken-jump,3,2,C
湖南:S237,S237,,24.9,,no-official-km,2,1,C
湖南:S238,S238,,0.6,,no-official-km,1,0,C
湖南:S239,S239,,57.0,,no-official-km,5,4,C
湖南:S240,S240,,49.0,,no-official-km,3,2,C
湖南:S241,S241,,17.9,,no-official-km,2,1,C
湖南:S245,S245,,40.2,,no-official-km,2,1,C
湖南:S247,S247,,10.4,,no-official-km,1,0,C
湖南:S248,S248,,114.6,,no-official-km,3,2,C
湖南:S250,S250,,58.5,,no-official-km,1,0,C
湖南:S251,S251,,69.4,,no-official-km,1,0,C
湖南:S252,S252,,61.3,,no-official-km,4,3,C
湖南:S254,S254,,32.6,,no-official-km,2,1,C
湖南:S256,S256,,22.3,,no-official-km,4,3,C
湖南:S259,S259,,58.8,,no-official-km,1,0,C
湖南:S260,S260,,38.1,,no-official-km,1,0,C
湖南:S262,S262,,62.1,,no-official-km,1,0,C
湖南:S263,S263,,23.7,,no-official-km,1,0,C
湖南:S3,S3,,19.0,,no-official-km,3,2,C
湖南:S30,S30,,2.7,,no-official-km,2,1,C
湖南:S301,S301,,105.2,,no-official-km,4,3,C
湖南:S302,S302,,119.4,,no-official-km,7,6,C
湖南:S303,S303,,80.8,,no-official-km,4,3,C
湖南:S304,S304,,28.5,,no-official-km,4,3,C
湖南:S305,S305,,124.7,,no-official-km,5,4,C
湖南:S306,S306,,370.0,,no-official-km,24,23,C
湖南:S307,S307,,40.7,,no-official-km,6,5,C
湖南:S308,S308,,345.3,,no-official-km,31,30,C
湖南:S309,S309,,2.6,,no-official-km,1,0,C
湖南:S31,S31,,57.3,,no-official-km,1,0,C
湖南:S310,S310,,79.1,,no-official-km,4,3,C
湖南:S311,S311,,98.3,,no-official-km,5,4,C
湖南:S312,S312,,147.8,,no-official-km,6,5,C
湖南:S313,S313,,222.8,,no-official-km,9,8,C
湖南:S314,S314,,87.7,,no-official-km,5,4,C
湖南:S315,S315,,512.0,,no-official-km,15,14,C
湖南:S316,S316,,56.1,,no-official-km,6,5,C
湖南:S317,S317,,370.3,,no-official-km,19,18,C
湖南:S318,S318,,37.4,,no-official-km,2,1,C
湖南:S319,S319,,244.3,,no-official-km,8,7,C
湖南:S32,S32,,5.5,,no-official-km,1,0,C
湖南:S320,S320,,35.4,,no-official-km,5,4,C
湖南:S322,S322,,119.7,,no-official-km,4,3,C
湖南:S323,S323,,26.3,,no-official-km,3,2,C
湖南:S324,S324,,53.0,,no-official-km,3,2,C
湖南:S325,S325,,34.3,,no-official-km,3,2,C
湖南:S326,S326,,24.6,,no-official-km,4,3,C
湖南:S33,S33,,1.8,,no-official-km,1,0,C
湖南:S331,S331,,57.0,,no-official-km,2,1,C
湖南:S332,S332,,7.1,,no-official-km,1,0,C
湖南:S333,S333,,69.0,,no-official-km,2,1,C
湖南:S336,S336,,71.3,,no-official-km,3,2,C
湖南:S337,S337,,8.5,,no-official-km,1,0,C
湖南:S338,S338,,67.0,,no-official-km,4,3,C
湖南:S339,S339,,88.6,,no-official-km,3,2,C
湖南:S340,S340,,62.6,,no-official-km,4,3,C
湖南:S341,S341,,145.1,,no-official-km,3,2,C
湖南:S343,S343,,68.5,,no-official-km,3,2,C
湖南:S344,S344,,60.9,,no-official-km,2,1,C
湖南:S345,S345,,186.6,,no-official-km,6,5,C
湖南:S346,S346,,195.2,,no-official-km,7,6,C
湖南:S347,S347,,40.6,,no-official-km,1,0,C
湖南:S348,S348,,75.1,,no-official-km,1,0,C
湖南:S349,S349,,62.0,,no-official-km,4,3,C
湖南:S351,S351,,81.8,,no-official-km,3,2,C
湖南:S352,S352,,27.4,,no-official-km,1,0,C
湖南:S353,S353,,9.3,,no-official-km,1,0,C
湖南:S355,S355,,40.2,,no-official-km,2,1,C
湖南:S360,S360,,46.3,,no-official-km,1,0,C
湖南:S362,S362,,45.1,,no-official-km,2,1,C
湖南:S39,S39,,7.7,,no-official-km,2,1,C
湖南:S40,S40,,16.0,,no-official-km,2,1,C
湖南:S407,S407,,3.6,,no-official-km,1,0,C
湖南:S41,S41,,26.2,,no-official-km,1,0,C
湖南:S42,S42,,20.7,,no-official-km,1,0,C
湖南:S430,S430,,5.1,,no-official-km,1,0,C
湖南:S433,S433,,3.1,,no-official-km,1,0,C
湖南:S435,S435,,3.6,,no-official-km,1,0,C
湖南:S437,S437,,7.6,,no-official-km,1,0,C
湖南:S464,S464,,4.4,,no-official-km,2,1,C
湖南:S476,S476,,29.8,,no-official-km,1,0,C
湖南:S479,S479,,5.0,,no-official-km,1,0,C
湖南:S49,S49,,8.9,,no-official-km,2,1,C
湖南:S50,S50,,359.3,,no-official-km,7,6,C
湖南:S501,S501,,21.5,,no-official-km,1,0,C
湖南:S502,S502,,38.6,,no-official-km,3,2,C
湖南:S504,S504,,17.8,,no-official-km,1,0,C
湖南:S505,S505,,21.8,,no-official-km,2,1,C
湖南:S506,S506,,8.0,,no-official-km,1,0,C
湖南:S508,S508,,42.1,,no-official-km,3,2,C
湖南:S509,S509,,29.4,,broken-jump,1,0,C
湖南:S51,S51,,36.9,,no-official-km,1,0,C
湖南:S510,S510,,4.6,,no-official-km,1,0,C
湖南:S511,S511,,37.8,,no-official-km,5,4,C
湖南:S517,S517,,34.8,,no-official-km,1,0,C
湖南:S519,S519,,21.9,,no-official-km,1,0,C
湖南:S52,S52,,40.6,,no-official-km,4,3,C
湖南:S522,S522,,7.1,,no-official-km,3,2,C
湖南:S526,S526,,30.9,,no-official-km,4,3,C
湖南:S528,S528,,44.1,,no-official-km,3,2,C
湖南:S529,S529,,38.6,,no-official-km,1,0,C
湖南:S530,S530,,39.5,,no-official-km,1,0,C
湖南:S531,S531,,10.1,,no-official-km,1,0,C
湖南:S546,S546,,8.4,,no-official-km,1,0,C
湖南:S547,S547,,6.7,,no-official-km,1,0,C
湖南:S566,S566,,47.3,,no-official-km,2,1,C
湖南:S571,S571,,25.3,,no-official-km,1,0,C
湖南:S575,S575,,26.4,,no-official-km,2,1,C
湖南:S576,S576,,62.7,,no-official-km,1,0,C
湖南:S58,S58,,33.4,,no-official-km,1,0,C
湖南:S64,S64,,26.0,,no-official-km,1,0,C
湖南:S70,S70,,197.3,,no-official-km,3,2,C
湖南:S71,S71,,397.2,,no-official-km,7,6,C
湖南:S72,S72,,3.9,,no-official-km,1,0,C
湖南:S75,S75,,36.2,,no-official-km,2,1,C
湖南:S76,S76,,39.0,,no-official-km,1,0,C
湖南:S78,S78,,26.8,,no-official-km,1,0,C
湖南:S80,S80,,162.3,,no-official-km,1,0,C
湖南:S81,S81,,115.6,,no-official-km,3,2,C
湖南:S85,S85,,32.4,,no-official-km,1,0,C
湖南:S86,S86,,116.4,,no-official-km,3,2,C
湖南:S88,S88,,17.7,,no-official-km,1,0,C
湖南:S89,S89,,30.1,,no-official-km,4,3,C
湖南:S903,S903,,1.0,,no-official-km,1,0,C
湖南:S91,S91,,97.0,,no-official-km,3,2,C
湖南:S92,S92,,114.1,,no-official-km,1,0,C
湖南:S95,S95,,51.0,,no-official-km,2,1,C
湖南:S97,S97,,23.3,,no-official-km,1,0,C
湖南:S99,S99,,163.6,,no-official-km,1,0,C
吉林:S1,S1,,778.0,,broken-jump,14,13,C
吉林:S10,S10,,6.2,,no-official-km,1,0,C
吉林:S101,S101,,136.3,,no-official-km,1,0,C
吉林:S102,S102,,152.5,,no-official-km,7,6,C
吉林:S103,S103,,28.8,,no-official-km,1,0,C
吉林:S104,S104,,41.5,,no-official-km,1,0,C
吉林:S105,S105,,1.6,,no-official-km,2,1,C
吉林:S13,S13,,83.0,,no-official-km,1,0,C
吉林:S14,S14,,73.8,,no-official-km,2,1,C
吉林:S15,S15,,44.2,,no-official-km,1,0,C
吉林:S16,S16,,49.4,,no-official-km,1,0,C
吉林:S17,S17,,31.6,,no-official-km,2,1,C
吉林:S2,S2,,183.6,,no-official-km,1,0,C
吉林:S201,S201,,306.3,,no-official-km,4,3,C
吉林:S202,S202,,182.6,,no-official-km,4,3,C
吉林:S203,S203,,83.2,,no-official-km,1,0,C
吉林:S205,S205,,75.7,,no-official-km,5,4,C
吉林:S206,S206,,329.8,,no-official-km,9,8,C
吉林:S207,S207,,146.1,,no-official-km,4,3,C
吉林:S208,S208,,137.3,,no-official-km,3,2,C
吉林:S209,S209,,112.0,,no-official-km,4,3,C
吉林:S210,S210,,132.6,,broken-jump,2,1,C
吉林:S211,S211,,96.6,,broken-jump,2,1,C
吉林:S212,S212,,222.9,,broken-jump,3,2,C
吉林:S216,S216,,21.8,,no-official-km,1,0,C
吉林:S220,S220,,47.9,,no-official-km,1,0,C
吉林:S26,S26,,0.0,,no-official-km,1,0,C
吉林:S2612,S2612,,29.3,,no-official-km,1,0,C
吉林:S301,S301,,137.0,,no-official-km,2,1,C
吉林:S302,S302,,119.5,,broken-jump,5,4,C
吉林:S303,S303,,308.7,,broken-jump,4,3,C
吉林:S304,S304,,57.2,,no-official-km,3,2,C
吉林:S305,S305,,101.4,,no-official-km,3,2,C
吉林:S308,S308,,36.0,,no-official-km,1,0,C
吉林:S317,S317,,79.5,,no-official-km,1,0,C
吉林:S501,S501,,44.8,,no-official-km,2,1,C
吉林:S502,S502,,100.2,,no-official-km,2,1,C
吉林:S504,S504,,54.1,,no-official-km,1,0,C
吉林:S506,S506,,28.2,,no-official-km,1,0,C
吉林:S508,S508,,66.2,,no-official-km,2,1,C
吉林:S509,S509,,20.3,,no-official-km,2,1,C
吉林:S51,S51,,14.3,,no-official-km,1,0,C
吉林:S510,S510,,36.2,,no-official-km,1,0,C
吉林:S511,S511,,123.4,,no-official-km,5,4,C
吉林:S512,S512,,66.2,,no-official-km,1,0,C
吉林:S513,S513,,37.6,,no-official-km,2,1,C
吉林:S515,S515,,35.6,,broken-jump,1,0,C
吉林:S517,S517,,43.8,,no-official-km,1,0,C
吉林:S518,S518,,50.1,,no-official-km,1,0,C
吉林:S519,S519,,64.5,,no-official-km,2,1,C
吉林:S604,S604,,0.2,,no-official-km,1,0,C
吉林:S610,S610,,10.1,,no-official-km,1,0,C
吉林:S644,S644,,52.5,,no-official-km,1,0,C
吉林:S738,S738,,0.5,,no-official-km,1,0,C
吉林:S739,S739,,0.8,,no-official-km,1,0,C
吉林:S776,S776,,28.6,,broken-jump,1,0,C
吉林:S786,S786,,0.8,,no-official-km,1,0,C
吉林:S787,S787,,1.1,,no-official-km,1,0,C
江苏:S1,S1,,15.5,,no-official-km,4,3,C
江苏:S101,S101,,7.1,,no-official-km,2,1,C
江苏:S104,S104,,10.1,,no-official-km,1,0,C
江苏:S105,S105,,26.8,,no-official-km,3,2,C
江苏:S11,S11,,7.5,,no-official-km,1,0,C
江苏:S12,S12,,6.2,,no-official-km,2,1,C
江苏:S121,S121,,45.9,,no-official-km,8,7,C
江苏:S122,S122,,211.1,,broken-jump,10,9,C
江苏:S123,S123,,0.4,,no-official-km,1,0,C
江苏:S124,S124,,,,no-geometry,0,0,
江苏:S125,S125,,127.5,,no-official-km,3,2,C
江苏:S126,S126,,57.9,,no-official-km,3,2,C
江苏:S14,S14,,2.8,,no-official-km,1,0,C
江苏:S16,S16,,85.9,,no-official-km,2,1,C
江苏:S17,S17,,57.6,,no-official-km,2,1,C
江苏:S18,S18,,54.9,,no-official-km,1,0,C
江苏:S19,S19,,166.4,,no-official-km,1,0,C
江苏:S2,S2,,69.7,,no-official-km,7,6,C
江苏:S201,S201,,7.2,,no-official-km,2,1,C
江苏:S202,S202,,16.4,,no-official-km,2,1,C
江苏:S203,S203,,29.7,,no-official-km,3,2,C
江苏:S204,S204,,116.8,,no-official-km,6,5,C
江苏:S205,S205,,7.6,,no-official-km,1,0,C
江苏:S206,S206,,13.1,,no-official-km,3,2,C
江苏:S209,S209,,43.3,,no-official-km,2,1,C
江苏:S21,S21,,21.7,,no-official-km,1,0,C
江苏:S211,S211,,2.2,,no-official-km,1,0,C
江苏:S212,S212,,7.3,,no-official-km,1,0,C
江苏:S213,S213,,16.8,,no-official-km,4,3,C
江苏:S216,S216,,14.3,,no-official-km,2,1,C
江苏:S22,S22,,56.1,,no-official-km,5,4,C
江苏:S221,S221,,1.4,,no-official-km,1,0,C
江苏:S222,S222,,51.0,,broken-jump,2,1,C
江苏:S223,S223,,4.3,,no-official-km,1,0,C
江苏:S224,S224,,55.6,,broken-jump,2,1,C
江苏:S225,S225,,66.4,,no-official-km,3,2,C
江苏:S226,S226,,273.4,,broken-jump,6,5,C
江苏:S227,S227,,9.8,,no-official-km,3,2,C
江苏:S228,S228,,63.7,,no-official-km,4,3,C
江苏:S229,S229,,257.5,,broken-jump,14,13,C
江苏:S23,S23,,21.2,,no-official-km,3,2,C
江苏:S230,S230,,128.9,,no-official-km,19,18,C
江苏:S231,S231,,183.5,,no-official-km,6,5,C
江苏:S232,S232,,244.1,,broken-jump,16,15,C
江苏:S233,S233,,68.9,,no-official-km,2,1,C
江苏:S235,S235,,71.3,,no-official-km,12,11,C
江苏:S236,S236,,56.9,,no-official-km,6,5,C
江苏:S237,S237,,50.4,,no-official-km,8,7,C
江苏:S238,S238,,126.4,,broken-jump,8,7,C
江苏:S239,S239,,115.2,,no-official-km,2,1,C
江苏:S240,S240,,78.0,,no-official-km,5,4,C
江苏:S241,S241,,19.4,,no-official-km,4,3,C
江苏:S242,S242,,80.4,,no-official-km,7,6,C
江苏:S243,S243,,117.9,,no-official-km,7,6,C
江苏:S244,S244,,10.8,,no-official-km,2,1,C
江苏:S245,S245,,225.1,,no-official-km,20,19,C
江苏:S246,S246,,82.4,,broken-jump,1,0,C
江苏:S247,S247,,161.1,,no-official-km,9,8,C
江苏:S249,S249,,6.2,,no-official-km,3,2,C
江苏:S25,S25,,2.6,,no-official-km,1,0,C
江苏:S250,S250,,138.6,,no-official-km,7,6,C
江苏:S251,S251,,113.0,,broken-jump,2,1,C
江苏:S252,S252,,58.6,,broken-jump,4,3,C
江苏:S253,S253,,48.3,,no-official-km,5,4,C
江苏:S254,S254,,52.4,,broken-jump,2,1,C
江苏:S255,S255,,22.2,,no-official-km,4,3,C
江苏:S256,S256,,34.5,,broken-jump,1,0,C
江苏:S258,S258,,27.9,,no-official-km,3,2,C
江苏:S259,S259,,92.9,,no-official-km,14,13,C
江苏:S26,S26,,3.0,,no-official-km,1,0,C
江苏:S260,S260,,29.8,,no-official-km,1,0,C
江苏:S261,S261,,42.3,,no-official-km,3,2,C
江苏:S262,S262,,51.1,,no-official-km,6,5,C
江苏:S263,S263,,37.6,,no-official-km,8,7,C
江苏:S264,S264,,129.9,,broken-jump,6,5,C
江苏:S265,S265,,68.5,,no-official-km,2,1,C
江苏:S266,S266,,40.6,,no-official-km,3,2,C
江苏:S267,S267,,86.7,,broken-jump,10,9,C
江苏:S268,S268,,182.5,,no-official-km,7,6,C
江苏:S269,S269,,48.5,,no-official-km,1,0,C
江苏:S270,S270,,47.2,,no-official-km,4,3,C
江苏:S271,S271,,65.1,,broken-jump,1,0,C
江苏:S272,S272,,52.9,,no-official-km,1,0,C
江苏:S276,S276,,2.3,,no-official-km,1,0,C
江苏:S278,S278,,27.4,,no-official-km,1,0,C
江苏:S28,S28,,281.8,,no-official-km,2,1,C
江苏:S280,S280,,6.5,,no-official-km,1,0,C
江苏:S282,S282,,0.1,,no-official-km,1,0,C
江苏:S29,S29,,2.9,,no-official-km,1,0,C
江苏:S3,S3,,2.9,,no-official-km,1,0,C
江苏:S30,S30,,40.3,,no-official-km,1,0,C
江苏:S301,S301,,5.2,,no-official-km,1,0,C
江苏:S302,S302,,38.3,,no-official-km,4,3,C
江苏:S303,S303,,48.3,,no-official-km,2,1,C
江苏:S304,S304,,37.5,,broken-jump,1,0,C
江苏:S306,S306,,11.9,,broken-jump,2,1,C
江苏:S307,S307,,0.1,,no-official-km,1,0,C
江苏:S310,S310,,0.2,,no-official-km,1,0,C
江苏:S311,S311,,7.3,,no-official-km,1,0,C
江苏:S313,S313,,18.2,,no-official-km,1,0,C
江苏:S318,S318,,11.7,,no-official-km,3,2,C
江苏:S319,S319,,2.5,,no-official-km,1,0,C
江苏:S321,S321,,5.4,,no-official-km,2,1,C
江苏:S322,S322,,55.6,,no-official-km,5,4,C
江苏:S323,S323,,33.5,,no-official-km,6,5,C
江苏:S324,S324,,269.7,,no-official-km,18,17,C
江苏:S325,S325,,98.8,,broken-jump,6,5,C
江苏:S326,S326,,141.2,,broken-jump,5,4,C
江苏:S327,S327,,161.4,,no-official-km,4,3,C
江苏:S328,S328,,144.2,,broken-jump,8,7,C
江苏:S329,S329,,119.6,,broken-jump,12,11,C
江苏:S330,S330,,63.3,,no-official-km,3,2,C
江苏:S331,S331,,198.3,,no-official-km,19,18,C
江苏:S332,S332,,3.9,,no-official-km,1,0,C
江苏:S333,S333,,52.0,,no-official-km,9,8,C
江苏:S334,S334,,154.8,,broken-jump,2,1,C
江苏:S335,S335,,78.7,,broken-jump,1,0,C
江苏:S336,S336,,20.8,,no-official-km,3,2,C
江苏:S337,S337,,31.5,,no-official-km,2,1,C
江苏:S338,S338,,111.8,,no-official-km,9,8,C
江苏:S339,S339,,44.3,,broken-jump,2,1,C
江苏:S340,S340,,232.3,,no-official-km,18,17,C
江苏:S341,S341,,155.3,,no-official-km,8,7,C
江苏:S342,S342,,175.1,,no-official-km,11,10,C
江苏:S343,S343,,45.1,,no-official-km,3,2,C
江苏:S344,S344,,77.3,,no-official-km,3,2,C
江苏:S345,S345,,51.3,,broken-jump,1,0,C
江苏:S346,S346,,43.9,,no-official-km,5,4,C
江苏:S347,S347,,36.2,,broken-jump,1,0,C
江苏:S348,S348,,134.4,,no-official-km,30,29,C
江苏:S349,S349,,41.7,,broken-jump,3,2,C
江苏:S35,S35,,259.6,,no-official-km,3,2,C
江苏:S350,S350,,24.3,,no-official-km,3,2,C
江苏:S351,S351,,111.7,,no-official-km,2,1,C
江苏:S352,S352,,97.9,,no-official-km,7,6,C
江苏:S353,S353,,155.0,,no-official-km,9,8,C
江苏:S354,S354,,14.2,,broken-jump,1,0,C
江苏:S355,S355,,103.6,,no-official-km,19,18,C
江苏:S356,S356,,355.5,,no-official-km,7,6,C
江苏:S357,S357,,94.1,,no-official-km,14,13,C
江苏:S358,S358,,12.7,,no-official-km,1,0,C
江苏:S359,S359,,74.0,,no-official-km,1,0,C
江苏:S360,S360,,83.4,,no-official-km,5,4,C
江苏:S361,S361,,7.7,,no-official-km,1,0,C
江苏:S364,S364,,11.5,,no-official-km,2,1,C
江苏:S365,S365,,13.4,,no-official-km,3,2,C
江苏:S366,S366,,22.5,,no-official-km,5,4,C
江苏:S367,S367,,38.0,,no-official-km,8,7,C
江苏:S38,S38,,13.9,,no-official-km,3,2,C
江苏:S39,S39,,119.3,,no-official-km,1,0,C
江苏:S401,S401,,12.4,,no-official-km,1,0,C
江苏:S402,S402,,41.9,,no-official-km,6,5,C
江苏:S403,S403,,0.1,,no-official-km,1,0,C
江苏:S404,S404,,18.6,,no-official-km,3,2,C
江苏:S406,S406,,1.3,,no-official-km,1,0,C
江苏:S407,S407,,38.5,,no-official-km,9,8,C
江苏:S408,S408,,28.0,,no-official-km,2,1,C
江苏:S410,S410,,3.1,,no-official-km,1,0,C
江苏:S411,S411,,11.6,,no-official-km,1,0,C
江苏:S414,S414,,27.0,,no-official-km,2,1,C
江苏:S416,S416,,14.8,,no-official-km,1,0,C
江苏:S420,S420,,36.3,,no-official-km,2,1,C
江苏:S421,S421,,23.9,,no-official-km,1,0,C
江苏:S424,S424,,6.6,,no-official-km,1,0,C
江苏:S425,S425,,26.0,,no-official-km,1,0,C
江苏:S428,S428,,8.6,,no-official-km,1,0,C
江苏:S429,S429,,33.6,,no-official-km,1,0,C
江苏:S430,S430,,6.0,,no-official-km,1,0,C
江苏:S431,S431,,11.3,,no-official-km,1,0,C
江苏:S433,S433,,48.6,,broken-jump,4,3,C
江苏:S434,S434,,22.0,,no-official-km,1,0,C
江苏:S435,S435,,13.3,,no-official-km,1,0,C
江苏:S436,S436,,4.0,,no-official-km,1,0,C
江苏:S437,S437,,9.5,,no-official-km,1,0,C
江苏:S438,S438,,8.4,,no-official-km,2,1,C
江苏:S442,S442,,13.3,,no-official-km,2,1,C
江苏:S443,S443,,13.4,,no-official-km,4,3,C
江苏:S444,S444,,11.6,,no-official-km,1,0,C
江苏:S445,S445,,2.4,,no-official-km,1,0,C
江苏:S446,S446,,4.2,,no-official-km,1,0,C
江苏:S447,S447,,17.5,,no-official-km,2,1,C
江苏:S448,S448,,5.9,,no-official-km,2,1,C
江苏:S453,S453,,6.1,,no-official-km,1,0,C
江苏:S456,S456,,0.7,,no-official-km,1,0,C
江苏:S458,S458,,16.3,,no-official-km,1,0,C
江苏:S460,S460,,14.4,,no-official-km,3,2,C
江苏:S461,S461,,17.6,,no-official-km,3,2,C
江苏:S462,S462,,10.1,,no-official-km,1,0,C
江苏:S464,S464,,23.4,,no-official-km,1,0,C
江苏:S465,S465,,41.0,,no-official-km,1,0,C
江苏:S48,S48,,115.3,,no-official-km,4,3,C
江苏:S49,S49,,230.4,,no-official-km,2,1,C
江苏:S5,S5,,0.1,,no-official-km,1,0,C
江苏:S501,S501,,15.9,,no-official-km,2,1,C
江苏:S503,S503,,20.9,,no-official-km,1,0,C
江苏:S504,S504,,41.8,,no-official-km,7,6,C
江苏:S505,S505,,38.5,,no-official-km,3,2,C
江苏:S506,S506,,24.8,,broken-jump,3,2,C
江苏:S507,S507,,3.2,,no-official-km,1,0,C
江苏:S508,S508,,18.3,,no-official-km,5,4,C
江苏:S510,S510,,24.1,,broken-jump,1,0,C
江苏:S517,S517,,3.1,,no-official-km,1,0,C
江苏:S523,S523,,46.6,,broken-jump,2,1,C
江苏:S524,S524,,21.2,,broken-jump,4,3,C
江苏:S525,S525,,25.3,,no-official-km,1,0,C
江苏:S532,S532,,12.8,,no-official-km,1,0,C
江苏:S534,S534,,23.9,,no-official-km,1,0,C
江苏:S535,S535,,1.2,,no-official-km,2,1,C
江苏:S539,S539,,45.6,,no-official-km,1,0,C
江苏:S55,S55,,99.9,,no-official-km,1,0,C
江苏:S58,S58,,159.9,,no-official-km,4,3,C
江苏:S601,S601,,22.9,,no-official-km,2,1,C
江苏:S603,S603,,29.1,,no-official-km,2,1,C
江苏:S604,S604,,44.6,,no-official-km,2,1,C
江苏:S609,S609,,49.8,,no-official-km,5,4,C
江苏:S610,S610,,67.0,,no-official-km,3,2,C
江苏:S611,S611,,33.5,,no-official-km,1,0,C
江苏:S612,S612,,35.2,,no-official-km,1,0,C
江苏:S65,S65,,70.9,,no-official-km,1,0,C
江苏:S68,S68,,63.4,,no-official-km,1,0,C
江苏:S7,S7,,17.5,,no-official-km,3,2,C
江苏:S72,S72,,4.1,,no-official-km,1,0,C
江苏:S73,S73,,18.0,,no-official-km,1,0,C
江苏:S79,S79,,9.9,,no-official-km,1,0,C
江苏:S80,S80,,14.6,,no-official-km,1,0,C
江苏:S83,S83,,9.9,,no-official-km,1,0,C
江苏:S86,S86,,9.3,,no-official-km,1,0,C
江苏:S87,S87,,8.9,,no-official-km,1,0,C
江苏:S88,S88,,33.6,,no-official-km,1,0,C
江苏:S9,S9,,8.1,,no-official-km,2,1,C
江苏:S90,S90,,39.8,,no-official-km,1,0,C
江苏:S96,S96,,2.0,,no-official-km,1,0,C
江西:S10,S10,,11.9,,no-official-km,1,0,C
江西:S101,S101,,41.4,,no-official-km,2,1,C
江西:S102,S102,,31.5,,no-official-km,1,0,C
江西:S103,S103,,51.3,,broken-jump,1,0,C
江西:S104,S104,,92.7,,no-official-km,5,4,C
江西:S105,S105,,22.0,,no-official-km,1,0,C
江西:S106,S106,,29.1,,no-official-km,1,0,C
江西:S111,S111,,5.4,,no-official-km,1,0,C
江西:S19,S19,,66.7,,no-official-km,3,2,C
江西:S20,S20,,68.1,,no-official-km,2,1,C
江西:S201,S201,,176.6,,no-official-km,6,5,C
江西:S202,S202,,154.7,,no-official-km,8,7,C
江西:S203,S203,,93.7,,no-official-km,5,4,C
江西:S204,S204,,200.3,,no-official-km,7,6,C
江西:S205,S205,,261.4,,no-official-km,6,5,C
江西:S206,S206,,119.2,,no-official-km,3,2,C
江西:S207,S207,,321.9,,no-official-km,13,12,C
江西:S208,S208,,127.8,,no-official-km,4,3,C
江西:S209,S209,,146.5,,no-official-km,5,4,C
江西:S211,S211,,89.1,,no-official-km,5,4,C
江西:S212,S212,,286.7,,no-official-km,12,11,C
江西:S213,S213,,124.8,,no-official-km,4,3,C
江西:S214,S214,,173.9,,no-official-km,12,11,C
江西:S215,S215,,94.3,,no-official-km,4,3,C
江西:S216,S216,,124.1,,no-official-km,8,7,C
江西:S217,S217,,70.9,,no-official-km,6,5,C
江西:S218,S218,,249.9,,no-official-km,7,6,C
江西:S219,S219,,412.2,,no-official-km,12,11,C
江西:S22,S22,,56.5,,no-official-km,2,1,C
江西:S221,S221,,484.0,,no-official-km,19,18,C
江西:S222,S222,,268.7,,no-official-km,17,16,C
江西:S223,S223,,142.8,,no-official-km,10,9,C
江西:S224,S224,,182.2,,no-official-km,10,9,C
江西:S225,S225,,130.2,,no-official-km,7,6,C
江西:S226,S226,,279.8,,no-official-km,9,8,C
江西:S227,S227,,111.4,,no-official-km,5,4,C
江西:S228,S228,,2.7,,no-official-km,3,2,C
江西:S229,S229,,17.5,,no-official-km,3,2,C
江西:S230,S230,,42.7,,no-official-km,7,6,C
江西:S231,S231,,38.9,,no-official-km,6,5,C
江西:S233,S233,,5.5,,no-official-km,1,0,C
江西:S234,S234,,53.9,,no-official-km,1,0,C
江西:S236,S236,,6.4,,no-official-km,1,0,C
江西:S237,S237,,33.2,,no-official-km,2,1,C
江西:S238,S238,,1.0,,no-official-km,1,0,C
江西:S240,S240,,15.5,,no-official-km,2,1,C
江西:S244,S244,,36.4,,no-official-km,1,0,C
江西:S245,S245,,21.9,,no-official-km,2,1,C
江西:S246,S246,,11.6,,no-official-km,1,0,C
江西:S26,S26,,30.0,,no-official-km,5,4,C
江西:S29,S29,,31.7,,no-official-km,2,1,C
江西:S296,S296,,0.6,,no-official-km,1,0,C
江西:S30,S30,,103.8,,no-official-km,1,0,C
江西:S301,S301,,91.8,,no-official-km,6,5,C
江西:S302,S302,,136.7,,no-official-km,5,4,C
江西:S303,S303,,121.1,,no-official-km,6,5,C
江西:S304,S304,,63.1,,no-official-km,8,7,C
江西:S305,S305,,122.5,,no-official-km,5,4,C
江西:S306,S306,,280.6,,no-official-km,12,11,C
江西:S307,S307,,157.3,,no-official-km,8,7,C
江西:S308,S308,,153.3,,no-official-km,12,11,C
江西:S309,S309,,301.9,,no-official-km,10,9,C
江西:S310,S310,,51.9,,no-official-km,5,4,C
江西:S311,S311,,245.9,,no-official-km,6,5,C
江西:S312,S312,,292.5,,no-official-km,8,7,C
江西:S313,S313,,116.3,,no-official-km,8,7,C
江西:S314,S314,,257.6,,no-official-km,11,10,C
江西:S315,S315,,70.7,,no-official-km,4,3,C
江西:S316,S316,,43.7,,no-official-km,1,0,C
江西:S317,S317,,45.8,,no-official-km,3,2,C
江西:S318,S318,,3.1,,no-official-km,1,0,C
江西:S32,S32,,79.4,,no-official-km,1,0,C
江西:S320,S320,,29.8,,no-official-km,8,7,C
江西:S321,S321,,1.6,,no-official-km,1,0,C
江西:S324,S324,,24.3,,no-official-km,5,4,C
江西:S325,S325,,2.3,,no-official-km,1,0,C
江西:S327,S327,,39.0,,no-official-km,4,3,C
江西:S33,S33,,80.8,,no-official-km,2,1,C
江西:S335,S335,,2.8,,no-official-km,1,0,C
江西:S342,S342,,12.1,,no-official-km,1,0,C
江西:S344,S344,,44.6,,no-official-km,3,2,C
江西:S346,S346,,34.3,,no-official-km,3,2,C
江西:S352,S352,,19.4,,no-official-km,2,1,C
江西:S353,S353,,6.7,,no-official-km,1,0,C
江西:S36,S36,,25.9,,no-official-km,1,0,C
江西:S37,S37,,48.4,,no-official-km,1,0,C
江西:S38,S38,,239.7,,no-official-km,2,1,C
江西:S40,S40,,19.7,,no-official-km,2,1,C
江西:S401,S401,,28.9,,no-official-km,1,0,C
江西:S402,S402,,57.3,,no-official-km,3,2,C
江西:S403,S403,,12.5,,no-official-km,1,0,C
江西:S404,S404,,21.1,,no-official-km,1,0,C
江西:S405,S405,,66.0,,no-official-km,2,1,C
江西:S406,S406,,16.0,,no-official-km,1,0,C
江西:S407,S407,,23.1,,no-official-km,2,1,C
江西:S408,S408,,15.1,,no-official-km,1,0,C
江西:S409,S409,,44.0,,no-official-km,2,1,C
江西:S41,S41,,218.9,,no-official-km,1,0,C
江西:S410,S410,,55.5,,no-official-km,3,2,C
江西:S414,S414,,56.8,,no-official-km,1,0,C
江西:S415,S415,,13.6,,no-official-km,1,0,C
江西:S416,S416,,81.0,,no-official-km,3,2,C
江西:S417,S417,,60.6,,no-official-km,4,3,C
江西:S418,S418,,28.7,,no-official-km,2,1,C
江西:S419,S419,,36.2,,no-official-km,2,1,C
江西:S42,S42,,167.7,,no-official-km,3,2,C
江西:S422,S422,,44.2,,no-official-km,3,2,C
江西:S424,S424,,39.2,,no-official-km,2,1,C
江西:S425,S425,,64.1,,no-official-km,1,0,C
江西:S426,S426,,49.8,,no-official-km,1,0,C
江西:S428,S428,,38.1,,no-official-km,3,2,C
江西:S429,S429,,20.5,,no-official-km,1,0,C
江西:S43,S43,,21.9,,no-official-km,1,0,C
江西:S430,S430,,19.7,,no-official-km,1,0,C
江西:S431,S431,,7.3,,no-official-km,1,0,C
江西:S432,S432,,27.8,,no-official-km,1,0,C
江西:S434,S434,,18.2,,no-official-km,1,0,C
江西:S436,S436,,8.4,,no-official-km,1,0,C
江西:S437,S437,,26.9,,no-official-km,2,1,C
江西:S438,S438,,43.9,,no-official-km,2,1,C
江西:S441,S441,,35.1,,no-official-km,1,0,C
江西:S442,S442,,5.6,,no-official-km,1,0,C
江西:S443,S443,,65.0,,no-official-km,2,1,C
江西:S444,S444,,22.3,,no-official-km,1,0,C
江西:S447,S447,,30.8,,no-official-km,2,1,C
江西:S448,S448,,123.9,,no-official-km,3,2,C
江西:S449,S449,,58.5,,no-official-km,3,2,C
江西:S45,S45,,40.1,,no-official-km,2,1,C
江西:S450,S450,,19.2,,no-official-km,1,0,C
江西:S451,S451,,29.5,,no-official-km,1,0,C
江西:S454,S454,,66.1,,no-official-km,2,1,C
江西:S458,S458,,9.0,,no-official-km,1,0,C
江西:S46,S46,,2.5,,no-official-km,2,1,C
江西:S47,S47,,14.4,,no-official-km,1,0,C
江西:S480,S480,,17.0,,no-official-km,1,0,C
江西:S49,S49,,36.6,,no-official-km,1,0,C
江西:S502,S502,,28.9,,no-official-km,1,0,C
江西:S504,S504,,27.9,,broken-jump,2,1,C
江西:S507,S507,,8.4,,no-official-km,1,0,C
江西:S508,S508,,2.5,,no-official-km,1,0,C
江西:S509,S509,,16.5,,no-official-km,1,0,C
江西:S510,S510,,20.5,,no-official-km,1,0,C
江西:S511,S511,,43.9,,no-official-km,2,1,C
江西:S512,S512,,6.7,,no-official-km,1,0,C
江西:S514,S514,,42.8,,no-official-km,2,1,C
江西:S515,S515,,10.1,,no-official-km,2,1,C
江西:S516,S516,,53.4,,no-official-km,2,1,C
江西:S517,S517,,37.8,,no-official-km,5,4,C
江西:S518,S518,,45.9,,no-official-km,2,1,C
江西:S519,S519,,65.3,,no-official-km,2,1,C
江西:S521,S521,,26.5,,no-official-km,1,0,C
江西:S522,S522,,36.4,,no-official-km,2,1,C
江西:S523,S523,,13.4,,no-official-km,1,0,C
江西:S524,S524,,19.5,,no-official-km,1,0,C
江西:S526,S526,,11.9,,no-official-km,1,0,C
江西:S527,S527,,11.7,,no-official-km,1,0,C
江西:S528,S528,,16.9,,no-official-km,1,0,C
江西:S529,S529,,18.5,,no-official-km,1,0,C
江西:S53,S53,,91.9,,no-official-km,1,0,C
江西:S530,S530,,28.4,,no-official-km,1,0,C
江西:S531,S531,,44.8,,no-official-km,3,2,C
江西:S532,S532,,13.3,,no-official-km,2,1,C
江西:S533,S533,,59.2,,no-official-km,4,3,C
江西:S534,S534,,52.1,,no-official-km,1,0,C
江西:S536,S536,,25.4,,no-official-km,1,0,C
江西:S540,S540,,35.0,,no-official-km,3,2,C
江西:S541,S541,,45.9,,no-official-km,2,1,C
江西:S542,S542,,24.7,,no-official-km,1,0,C
江西:S546,S546,,66.1,,no-official-km,1,0,C
江西:S547,S547,,58.4,,no-official-km,4,3,C
江西:S548,S548,,0.3,,no-official-km,1,0,C
江西:S549,S549,,11.2,,no-official-km,1,0,C
江西:S55,S55,,69.2,,no-official-km,1,0,C
江西:S59,S59,,22.3,,no-official-km,1,0,C
江西:S6,S6,,12.5,,no-official-km,1,0,C
江西:S61,S61,,35.9,,no-official-km,1,0,C
江西:S612,S612,,5.7,,no-official-km,1,0,C
江西:S69,S69,,136.1,,no-official-km,2,1,C
江西:S75,S75,,33.0,,no-official-km,1,0,C
江西:S78,S78,,14.9,,no-official-km,1,0,C
江西:S80,S80,,123.4,,no-official-km,1,0,C
江西:S803,S803,,14.7,,no-official-km,1,0,C
江西:S81,S81,,550.3,,no-official-km,1,0,C
江西:S86,S86,,40.8,,no-official-km,1,0,C
江西:S89,S89,,113.1,,no-official-km,1,0,C
辽宁:S10,S10,,94.0,,no-official-km,10,9,C
辽宁:S101,S101,,177.3,,no-official-km,10,9,C
辽宁:S102,S102,,218.7,,broken-jump,7,6,C
辽宁:S103,S103,,150.5,,no-official-km,3,2,C
辽宁:S104,S104,,6.7,,no-official-km,3,2,C
辽宁:S105,S105,,142.3,,no-official-km,3,2,C
辽宁:S106,S106,,418.3,,no-official-km,21,20,C
辽宁:S107,S107,,243.6,,no-official-km,12,11,C
辽宁:S109,S109,,16.3,,no-official-km,2,1,C
辽宁:S12,S12,,71.4,,no-official-km,4,3,C
辽宁:S13,S13,,66.0,,no-official-km,9,8,C
辽宁:S14,S14,,63.4,,no-official-km,1,0,C
辽宁:S16,S16,,5.8,,no-official-km,1,0,C
辽宁:S17,S17,,87.4,,no-official-km,1,0,C
辽宁:S19,S19,,108.3,,no-official-km,1,0,C
辽宁:S2,S2,,101.6,,no-official-km,1,0,C
辽宁:S20,S20,,41.0,,no-official-km,1,0,C
辽宁:S201,S201,,55.8,,no-official-km,3,2,C
辽宁:S202,S202,,509.7,,no-official-km,13,12,C
辽宁:S203,S203,,284.4,,no-official-km,4,3,C
辽宁:S204,S204,,140.7,,no-official-km,8,7,C
辽宁:S205,S205,,464.6,,no-official-km,12,11,C
辽宁:S206,S206,,256.4,,no-official-km,10,9,C
辽宁:S207,S207,,108.7,,no-official-km,4,3,C
辽宁:S208,S208,,165.0,,no-official-km,6,5,C
辽宁:S209,S209,,222.7,,no-official-km,11,10,C
辽宁:S210,S210,,203.7,,broken-jump,5,4,C
辽宁:S211,S211,,246.2,,broken-jump,2,1,C
辽宁:S212,S212,,167.9,,no-official-km,3,2,C
辽宁:S213,S213,,103.0,,no-official-km,2,1,C
辽宁:S215,S215,,10.2,,no-official-km,1,0,C
辽宁:S216,S216,,25.7,,broken-jump,1,0,C
辽宁:S219,S219,,9.2,,no-official-km,1,0,C
辽宁:S22,S22,,35.9,,no-official-km,2,1,C
辽宁:S225,S225,,19.7,,no-official-km,4,3,C
辽宁:S23,S23,,19.6,,no-official-km,4,3,C
辽宁:S26,S26,,77.1,,no-official-km,4,3,C
辽宁:S2612,S2612,,26.9,,no-official-km,1,0,C
辽宁:S28,S28,,5.4,,no-official-km,1,0,C
辽宁:S29,S29,,15.0,,no-official-km,1,0,C
辽宁:S301,S301,,78.0,,no-official-km,4,3,C
辽宁:S302,S302,,103.9,,no-official-km,6,5,C
辽宁:S303,S303,,186.9,,no-official-km,7,6,C
辽宁:S304,S304,,332.3,,no-official-km,6,5,C
辽宁:S306,S306,,216.3,,no-official-km,4,3,C
辽宁:S307,S307,,231.6,,no-official-km,8,7,C
辽宁:S308,S308,,199.1,,no-official-km,7,6,C
辽宁:S309,S309,,92.3,,no-official-km,9,8,C
辽宁:S310,S310,,78.8,,no-official-km,2,1,C
辽宁:S311,S311,,25.0,,no-official-km,1,0,C
辽宁:S312,S312,,245.3,,no-official-km,3,2,C
辽宁:S313,S313,,28.1,,no-official-km,2,1,C
辽宁:S314,S314,,80.3,,broken-jump,2,1,C
辽宁:S315,S315,,165.7,,no-official-km,9,8,C
辽宁:S316,S316,,150.9,,no-official-km,3,2,C
辽宁:S317,S317,,38.0,,no-official-km,4,3,C
辽宁:S318,S318,,150.8,,no-official-km,7,6,C
辽宁:S320,S320,,191.8,,no-official-km,5,4,C
辽宁:S321,S321,,135.0,,no-official-km,4,3,C
辽宁:S322,S322,,72.3,,no-official-km,4,3,C
辽宁:S323,S323,,19.9,,no-official-km,1,0,C
辽宁:S326,S326,,7.0,,no-official-km,1,0,C
辽宁:S327,S327,,13.0,,no-official-km,3,2,C
辽宁:S33,S33,,14.7,,no-official-km,2,1,C
辽宁:S331,S331,,61.0,,broken-jump,2,1,C
辽宁:S355,S355,,15.2,,no-official-km,1,0,C
辽宁:S358,S358,,3.5,,no-official-km,1,0,C
辽宁:S512,S512,,4.4,,no-official-km,1,0,C
辽宁:S513,S513,,16.4,,no-official-km,2,1,C
内蒙古:S101,S101,,226.0,,no-official-km,16,15,C
内蒙古:S102,S102,,192.8,,no-official-km,8,7,C
内蒙古:S103,S103,,192.0,,no-official-km,3,2,C
内蒙古:S104,S104,,222.2,,no-official-km,8,7,C
内蒙古:S105,S105,,556.5,,no-official-km,19,18,C
内蒙古:S11,S11,,200.2,,no-official-km,1,0,C
内蒙古:S17,S17,,6.6,,no-official-km,1,0,C
内蒙古:S201,S201,,246.4,,no-official-km,5,4,C
内蒙古:S202,S202,,236.6,,broken-jump,3,2,C
内蒙古:S203,S203,,439.7,,no-official-km,6,5,C
内蒙古:S204,S204,,349.5,,broken-jump,19,18,C
内蒙古:S205,S205,,181.2,,no-official-km,14,13,C
内蒙古:S206,S206,,227.3,,broken-jump,6,5,C
内蒙古:S207,S207,,83.3,,no-official-km,2,1,C
内蒙古:S208,S208,,372.3,,broken-jump,12,11,C
内蒙古:S209,S209,,203.0,,broken-jump,7,6,C
内蒙古:S210,S210,,281.3,,no-official-km,6,5,C
内蒙古:S211,S211,,155.3,,broken-jump,8,7,C
内蒙古:S212,S212,,308.3,,no-official-km,10,9,C
内蒙古:S213,S213,,75.0,,no-official-km,5,4,C
内蒙古:S214,S214,,256.8,,broken-jump,3,2,C
内蒙古:S215,S215,,709.4,,no-official-km,15,14,C
内蒙古:S216,S216,,289.0,,no-official-km,11,10,C
内蒙古:S217,S217,,155.7,,no-official-km,7,6,C
内蒙古:S218,S218,,31.6,,no-official-km,2,1,C
内蒙古:S219,S219,,247.3,,no-official-km,3,2,C
内蒙古:S22,S22,,44.8,,no-official-km,2,1,C
内蒙古:S220,S220,,47.9,,no-official-km,1,0,C
内蒙古:S222,S222,,273.7,,no-official-km,2,1,C
内蒙古:S223,S223,,11.5,,no-official-km,1,0,C
内蒙古:S224,S224,,48.7,,no-official-km,2,1,C
内蒙古:S225,S225,,282.5,,broken-jump,3,2,C
内蒙古:S227,S227,,10.2,,no-official-km,1,0,C
内蒙古:S228,S228,,218.4,,broken-jump,1,0,C
内蒙古:S229,S229,,182.9,,broken-jump,2,1,C
内蒙古:S237,S237,,5.8,,no-official-km,2,1,C
内蒙古:S24,S24,,604.4,,no-official-km,4,3,C
内蒙古:S241,S241,,52.5,,no-official-km,5,4,C
内蒙古:S244,S244,,33.0,,no-official-km,4,3,C
内蒙古:S245,S245,,43.0,,no-official-km,1,0,C
内蒙古:S249,S249,,24.4,,no-official-km,1,0,C
内蒙古:S253,S253,,17.8,,no-official-km,1,0,C
内蒙古:S254,S254,,4.2,,no-official-km,1,0,C
内蒙古:S26,S26,,141.0,,no-official-km,1,0,C
内蒙古:S27,S27,,0.4,,no-official-km,1,0,C
内蒙古:S29,S29,,25.7,,no-official-km,2,1,C
内蒙古:S30,S30,,11.2,,no-official-km,2,1,C
内蒙古:S301,S301,,17.8,,no-official-km,3,2,C
内蒙古:S302,S302,,117.8,,no-official-km,2,1,C
内蒙古:S303,S303,,463.5,,broken-jump,6,5,C
内蒙古:S304,S304,,376.5,,broken-jump,11,10,C
内蒙古:S305,S305,,183.3,,broken-jump,3,2,C
内蒙古:S306,S306,,137.1,,no-official-km,6,5,C
内蒙古:S307,S307,,428.0,,no-official-km,10,9,C
内蒙古:S308,S308,,79.6,,no-official-km,5,4,C
内蒙古:S309,S309,,175.9,,no-official-km,9,8,C
内蒙古:S31,S31,,114.4,,no-official-km,1,0,C
内蒙古:S310,S310,,27.2,,no-official-km,2,1,C
内蒙古:S311,S311,,416.6,,no-official-km,13,12,C
内蒙古:S312,S312,,473.0,,broken-jump,11,10,C
内蒙古:S313,S313,,173.6,,no-official-km,7,6,C
内蒙古:S314,S314,,125.4,,no-official-km,6,5,C
内蒙古:S315,S315,,811.2,,no-official-km,18,17,C
内蒙古:S317,S317,,5.2,,no-official-km,2,1,C
内蒙古:S318,S318,,13.7,,no-official-km,2,1,C
内蒙古:S327,S327,,61.2,,no-official-km,1,0,C
内蒙古:S351,S351,,11.5,,no-official-km,1,0,C
内蒙古:S40,S40,,73.0,,no-official-km,3,2,C
内蒙古:S41,S41,,52.2,,no-official-km,2,1,C
内蒙古:S42,S42,,61.1,,no-official-km,1,0,C
内蒙古:S43,S43,,42.1,,no-official-km,6,5,C
内蒙古:S44,S44,,4.8,,no-official-km,1,0,C
内蒙古:S45,S45,,38.6,,no-official-km,4,3,C
内蒙古:S46,S46,,31.6,,no-official-km,1,0,C
内蒙古:S47,S47,,44.2,,no-official-km,1,0,C
内蒙古:S50,S50,,7.0,,no-official-km,1,0,C
内蒙古:S501,S501,,14.4,,no-official-km,2,1,C
内蒙古:S504,S504,,5.3,,no-official-km,2,1,C
内蒙古:S505,S505,,103.2,,no-official-km,3,2,C
内蒙古:S506,S506,,184.9,,no-official-km,2,1,C
内蒙古:S507,S507,,24.0,,no-official-km,1,0,C
内蒙古:S51,S51,,36.0,,no-official-km,2,1,C
内蒙古:S515,S515,,13.0,,no-official-km,1,0,C
内蒙古:S54,S54,,29.8,,no-official-km,1,0,C
内蒙古:S634,S634,,3.6,,no-official-km,1,0,C
内蒙古:S776,S776,,16.4,,no-official-km,1,0,C
宁夏:S10,S10,,20.2,,no-official-km,1,0,C
宁夏:S101,S101,,68.3,,broken-jump,7,6,C
宁夏:S102,S102,,30.1,,broken-jump,3,2,C
宁夏:S103,S103,,188.9,,broken-jump,17,16,C
宁夏:S108,S108,,24.8,,broken-jump,2,1,C
宁夏:S11,S11,,22.8,,no-official-km,1,0,C
宁夏:S12,S12,,0.1,,no-official-km,1,0,C
宁夏:S201,S201,,41.5,,broken-jump,1,0,C
宁夏:S202,S202,,120.1,,no-official-km,5,4,C
宁夏:S203,S203,,314.5,,broken-jump,11,10,C
宁夏:S205,S205,,134.5,,no-official-km,1,0,C
宁夏:S211,S211,,9.8,,no-official-km,1,0,C
宁夏:S213,S213,,14.4,,no-official-km,1,0,C
宁夏:S214,S214,,73.5,,no-official-km,2,1,C
宁夏:S216,S216,,7.5,,no-official-km,1,0,C
宁夏:S218,S218,,6.4,,broken-jump,1,0,C
宁夏:S25,S25,,46.4,,no-official-km,1,0,C
宁夏:S26,S26,,11.4,,no-official-km,1,0,C
宁夏:S27,S27,,9.5,,no-official-km,2,1,C
宁夏:S30,S30,,74.4,,no-official-km,3,2,C
宁夏:S301,S301,,63.2,,no-official-km,4,3,C
宁夏:S302,S302,,18.4,,broken-jump,2,1,C
宁夏:S303,S303,,36.8,,no-official-km,4,3,C
宁夏:S304,S304,,28.1,,no-official-km,4,3,C
宁夏:S305,S305,,7.6,,no-official-km,4,3,C
宁夏:S306,S306,,97.1,,no-official-km,3,2,C
宁夏:S307,S307,,79.7,,no-official-km,2,1,C
宁夏:S308,S308,,27.9,,no-official-km,1,0,C
宁夏:S310,S310,,56.5,,broken-jump,3,2,C
宁夏:S311,S311,,17.2,,no-official-km,1,0,C
宁夏:S314,S314,,8.5,,no-official-km,1,0,C
宁夏:S40,S40,,47.9,,no-official-km,2,1,C
宁夏:S45,S45,,8.7,,no-official-km,1,0,C
宁夏:S50,S50,,93.3,,no-official-km,1,0,C
宁夏:S515,S515,,8.2,,no-official-km,1,0,C
宁夏:S60,S60,,99.9,,no-official-km,1,0,C
宁夏:S70,S70,,33.9,,no-official-km,2,1,C
青海:S101,S101,400,364.5,8.9,ok,10,9,A
青海:S102,S102,40,188.7,371.8,deviation-large,6,5,X
青海:S103,S103,,30.2,,no-official-km,2,1,C
青海:S106,S106,,23.6,,no-official-km,1,0,C
青海:S1113,S1113,,27.8,,no-official-km,1,0,C
青海:S20,S20,,405.1,,broken-jump,16,15,C
青海:S201,S201,,68.0,,no-official-km,2,1,C
青海:S2013,S2013,,303.8,,no-official-km,1,0,C
青海:S202,S202,100,157.2,57.2,deviation-large,7,6,X
青海:S203,S203,,132.9,,no-official-km,11,10,C
青海:S204,S204,,108.7,,no-official-km,2,1,C
青海:S205,S205,,303.6,,no-official-km,3,2,C
青海:S206,S206,,75.8,,no-official-km,1,0,C
青海:S207,S207,,36.5,,no-official-km,1,0,C
青海:S208,S208,,115.4,,no-official-km,2,1,C
青海:S214,S214,,142.3,,broken-jump,2,1,C
青海:S215,S215,,15.7,,no-official-km,1,0,C
青海:S218,S218,,124.8,,no-official-km,1,0,C
青海:S22,S22,,109.1,,no-official-km,2,1,C
青海:S224,S224,,574.8,,no-official-km,7,6,C
青海:S230,S230,,74.9,,no-official-km,3,2,C
青海:S301,S301,,274.2,,broken-jump,7,6,C
青海:S302,S302,,120.3,,no-official-km,1,0,C
青海:S303,S303,,592.8,,no-official-km,4,3,C
青海:S305,S305,,286.6,,broken-jump,8,7,C
青海:S306,S306,,45.5,,no-official-km,1,0,C
青海:S307,S307,,145.3,,no-official-km,2,1,C
青海:S308,S308,,412.9,,no-official-km,4,3,C
青海:S309,S309,,5.6,,no-official-km,1,0,C
青海:S311,S311,,38.2,,no-official-km,1,0,C
青海:S312,S312,,21.9,,no-official-km,1,0,C
青海:S314,S314,,81.8,,no-official-km,1,0,C
青海:S317,S317,,33.4,,broken-jump,1,0,C
青海:S318,S318,,59.1,,no-official-km,1,0,C
青海:S32,S32,,8.0,,no-official-km,1,0,C
青海:S34,S34,,11.8,,no-official-km,1,0,C
青海:S452,S452,,62.8,,no-official-km,2,1,C
青海:S453,S453,,8.7,,no-official-km,1,0,C
青海:S454,S454,,14.0,,no-official-km,1,0,C
青海:S63,S63,,0.6,,no-official-km,1,0,C
山东:S1,S1,,144.6,,no-official-km,2,1,C
山东:S101,S101,,156.3,,broken-jump,12,11,C
山东:S102,S102,,424.8,,no-official-km,33,32,C
山东:S103,S103,,279.3,,broken-jump,8,7,C
山东:S104,S104,,250.7,,no-official-km,12,11,C
山东:S105,S105,,92.0,,broken-jump,1,0,C
山东:S11,S11,,80.6,,no-official-km,1,0,C
山东:S12,S12,,156.4,,no-official-km,1,0,C
山东:S14,S14,,116.2,,no-official-km,1,0,C
山东:S16,S16,,325.7,,no-official-km,3,2,C
山东:S17,S17,,39.8,,no-official-km,1,0,C
山东:S19,S19,,169.7,,no-official-km,1,0,C
山东:S201,S201,,113.3,,no-official-km,3,2,C
山东:S202,S202,,292.4,,broken-jump,6,5,C
山东:S203,S203,,63.3,,no-official-km,3,2,C
山东:S204,S204,,59.0,,no-official-km,3,2,C
山东:S205,S205,,49.2,,no-official-km,1,0,C
山东:S206,S206,,81.3,,no-official-km,6,5,C
山东:S207,S207,,100.8,,broken-jump,4,3,C
山东:S208,S208,,133.4,,no-official-km,10,9,C
山东:S209,S209,,349.4,,no-official-km,16,15,C
山东:S21,S21,,290.3,,no-official-km,3,2,C
山东:S210,S210,,105.1,,no-official-km,4,3,C
山东:S211,S211,,97.7,,no-official-km,4,3,C
山东:S212,S212,,18.1,,no-official-km,1,0,C
山东:S213,S213,,181.9,,broken-jump,5,4,C
山东:S214,S214,,92.1,,broken-jump,2,1,C
山东:S215,S215,,90.7,,broken-jump,4,3,C
山东:S216,S216,,40.7,,no-official-km,2,1,C
山东:S217,S217,,216.3,,broken-jump,6,5,C
山东:S218,S218,,172.2,,broken-jump,18,17,C
山东:S219,S219,,147.3,,no-official-km,7,6,C
山东:S22,S22,,4.7,,no-official-km,1,0,C
山东:S220,S220,,260.8,,no-official-km,13,12,C
山东:S221,S221,,160.1,,broken-jump,16,15,C
山东:S222,S222,,303.5,,broken-jump,13,12,C
山东:S223,S223,,154.7,,no-official-km,3,2,C
山东:S224,S224,,138.3,,broken-jump,5,4,C
山东:S225,S225,,109.2,,no-official-km,4,3,C
山东:S226,S226,,100.0,,broken-jump,7,6,C
山东:S227,S227,,179.0,,broken-jump,6,5,C
山东:S228,S228,,252.0,,no-official-km,8,7,C
山东:S229,S229,,274.9,,no-official-km,12,11,C
山东:S230,S230,,40.5,,no-official-km,2,1,C
山东:S231,S231,,352.4,,broken-jump,15,14,C
山东:S232,S232,,88.1,,no-official-km,1,0,C
山东:S233,S233,,58.0,,broken-jump,1,0,C
山东:S234,S234,,303.3,,broken-jump,8,7,C
山东:S235,S235,,74.9,,no-official-km,9,8,C
山东:S236,S236,,90.6,,broken-jump,3,2,C
山东:S237,S237,,132.9,,no-official-km,3,2,C
山东:S238,S238,,82.8,,no-official-km,4,3,C
山东:S239,S239,,73.6,,no-official-km,2,1,C
山东:S24,S24,,296.4,,no-official-km,3,2,C
山东:S240,S240,,157.8,,broken-jump,8,7,C
山东:S241,S241,,393.7,,no-official-km,18,17,C
山东:S242,S242,,419.7,,broken-jump,16,15,C
山东:S243,S243,,159.3,,no-official-km,11,10,C
山东:S244,S244,,90.6,,broken-jump,4,3,C
山东:S245,S245,,87.9,,broken-jump,7,6,C
山东:S246,S246,,264.8,,broken-jump,13,12,C
山东:S247,S247,,85.2,,no-official-km,2,1,C
山东:S248,S248,,119.9,,broken-jump,4,3,C
山东:S249,S249,,42.8,,broken-jump,5,4,C
山东:S250,S250,,31.6,,broken-jump,4,3,C
山东:S251,S251,,94.8,,no-official-km,3,2,C
山东:S252,S252,,52.2,,no-official-km,2,1,C
山东:S253,S253,,20.6,,no-official-km,3,2,C
山东:S254,S254,,12.9,,no-official-km,2,1,C
山东:S255,S255,,0.4,,no-official-km,2,1,C
山东:S259,S259,,4.3,,no-official-km,3,2,C
山东:S26,S26,,88.2,,no-official-km,9,8,C
山东:S260,S260,,2.3,,no-official-km,1,0,C
山东:S267,S267,,4.4,,no-official-km,1,0,C
山东:S268,S268,,9.1,,no-official-km,1,0,C
山东:S27,S27,,320.0,,no-official-km,1,0,C
山东:S270,S270,,2.3,,no-official-km,1,0,C
山东:S272,S272,,8.2,,no-official-km,2,1,C
山东:S28,S28,,18.4,,no-official-km,2,1,C
山东:S281,S281,,20.8,,no-official-km,1,0,C
山东:S285,S285,,2.2,,no-official-km,1,0,C
山东:S29,S29,,383.6,,no-official-km,3,2,C
山东:S293,S293,,0.1,,no-official-km,1,0,C
山东:S30,S30,,175.4,,no-official-km,2,1,C
山东:S301,S301,,64.2,,no-official-km,4,3,C
山东:S302,S302,,77.2,,no-official-km,9,8,C
山东:S303,S303,,96.1,,no-official-km,5,4,C
山东:S304,S304,,114.1,,no-official-km,6,5,C
山东:S305,S305,,53.5,,no-official-km,3,2,C
山东:S306,S306,,168.6,,broken-jump,8,7,C
山东:S307,S307,,144.1,,broken-jump,6,5,C
山东:S308,S308,,33.4,,no-official-km,1,0,C
山东:S309,S309,,373.2,,no-official-km,14,13,C
山东:S31,S31,,72.2,,no-official-km,1,0,C
山东:S310,S310,,93.3,,broken-jump,3,2,C
山东:S311,S311,,45.0,,no-official-km,1,0,C
山东:S312,S312,,45.1,,broken-jump,1,0,C
山东:S313,S313,,380.7,,broken-jump,23,22,C
山东:S314,S314,,87.8,,no-official-km,3,2,C
山东:S315,S315,,184.8,,no-official-km,8,7,C
山东:S316,S316,,142.3,,broken-jump,2,1,C
山东:S317,S317,,216.4,,no-official-km,4,3,C
山东:S318,S318,,339.5,,no-official-km,10,9,C
山东:S319,S319,,275.7,,broken-jump,15,14,C
山东:S32,S32,,5.4,,no-official-km,7,6,C
山东:S320,S320,,66.8,,broken-jump,2,1,C
山东:S321,S321,,226.3,,broken-jump,14,13,C
山东:S322,S322,,69.1,,no-official-km,7,6,C
山东:S323,S323,,242.9,,no-official-km,11,10,C
山东:S324,S324,,123.7,,broken-jump,10,9,C
山东:S325,S325,,89.8,,broken-jump,3,2,C
山东:S326,S326,,116.2,,no-official-km,7,6,C
山东:S327,S327,,57.3,,broken-jump,1,0,C
山东:S328,S328,,178.2,,broken-jump,7,6,C
山东:S329,S329,,71.5,,no-official-km,6,5,C
山东:S33,S33,,40.4,,no-official-km,2,1,C
山东:S333,S333,,2.0,,no-official-km,3,2,C
山东:S335,S335,,0.2,,no-official-km,2,1,C
山东:S34,S34,,73.9,,no-official-km,1,0,C
山东:S341,S341,,0.6,,no-official-km,2,1,C
山东:S342,S342,,2.5,,no-official-km,3,2,C
山东:S346,S346,,0.0,,no-official-km,1,0,C
山东:S347,S347,,,,no-geometry,0,0,
山东:S348,S348,,0.1,,no-official-km,2,1,C
山东:S350,S350,,2.8,,no-official-km,1,0,C
山东:S352,S352,,,,no-geometry,0,0,
山东:S36,S36,,142.6,,no-official-km,1,0,C
山东:S37,S37,,184.1,,no-official-km,1,0,C
山东:S38,S38,,436.8,,no-official-km,7,6,C
山东:S3812,S3812,,11.2,,no-official-km,1,0,C
山东:S383,S383,,30.7,,no-official-km,3,2,C
山东:S391,S391,,4.3,,no-official-km,1,0,C
山东:S401,S401,,10.2,,no-official-km,1,0,C
山东:S41,S41,,70.3,,no-official-km,1,0,C
山东:S5,S5,,95.2,,no-official-km,1,0,C
山东:S501,S501,,7.7,,no-official-km,2,1,C
山东:S502,S502,,49.0,,broken-jump,3,2,C
山东:S503,S503,,64.2,,no-official-km,2,1,C
山东:S504,S504,,38.0,,no-official-km,4,3,C
山东:S505,S505,,29.2,,broken-jump,4,3,C
山东:S506,S506,,8.5,,no-official-km,1,0,C
山东:S507,S507,,56.5,,no-official-km,2,1,C
山东:S508,S508,,10.8,,no-official-km,1,0,C
山东:S509,S509,,91.9,,no-official-km,6,5,C
山东:S510,S510,,28.8,,no-official-km,1,0,C
山东:S511,S511,,66.2,,broken-jump,2,1,C
山东:S512,S512,,19.3,,no-official-km,1,0,C
山东:S513,S513,,24.2,,no-official-km,1,0,C
山东:S514,S514,,9.0,,no-official-km,1,0,C
山东:S515,S515,,41.3,,no-official-km,4,3,C
山东:S516,S516,,20.8,,no-official-km,1,0,C
山东:S517,S517,,35.5,,no-official-km,1,0,C
山东:S518,S518,,30.8,,no-official-km,3,2,C
山东:S519,S519,,25.6,,broken-jump,1,0,C
山东:S520,S520,,54.6,,no-official-km,2,1,C
山东:S6,S6,,217.8,,no-official-km,1,0,C
山东:S602,S602,,0.1,,no-official-km,1,0,C
山东:S61,S61,,8.9,,no-official-km,3,2,C
山东:S62,S62,,32.8,,no-official-km,1,0,C
山东:S6211,S6211,,10.0,,no-official-km,1,0,C
山东:S65,S65,,11.6,,no-official-km,2,1,C
山东:S67,S67,,3.4,,no-official-km,1,0,C
山东:S68,S68,,3.4,,no-official-km,1,0,C
山东:S7,S7,,74.0,,no-official-km,1,0,C
山东:S704,S704,,0.1,,no-official-km,1,0,C
山东:S706,S706,,0.2,,no-official-km,1,0,C
山东:S72,S72,,6.5,,no-official-km,1,0,C
山东:S7201,S7201,,53.8,,broken-jump,1,0,C
山东:S7401,S7401,,21.0,,no-official-km,2,1,C
山东:S7402,S7402,,13.4,,no-official-km,1,0,C
山东:S7601,S7601,,8.3,,no-official-km,3,2,C
山东:S7602,S7602,,32.1,,no-official-km,4,3,C
山东:S7603,S7603,,7.5,,no-official-km,2,1,C
山东:S7801,S7801,,15.9,,no-official-km,1,0,C
山东:S7802,S7802,,14.3,,no-official-km,1,0,C
山东:S8,S8,,150.4,,no-official-km,1,0,C
山东:S803,S803,,,,no-geometry,0,0,
山东:S8105,S8105,,15.7,,no-official-km,1,0,C
山东:S82,S82,,5.4,,no-official-km,2,1,C
山东:S83,S83,,55.3,,no-official-km,1,0,C
山东:S84,S84,,7.8,,no-official-km,1,0,C
山东:S85,S85,,42.2,,no-official-km,2,1,C
山东:S8511,S8511,,1.5,,no-official-km,1,0,C
山东:S8512,S8512,,3.9,,no-official-km,1,0,C
山东:S87,S87,,3.5,,no-official-km,1,0,C
山东:S88,S88,,5.6,,no-official-km,1,0,C
山东:S89,S89,,15.8,,no-official-km,1,0,C
山东:S8901,S8901,,40.2,,no-official-km,1,0,C
山东:S901,S901,,0.1,,no-official-km,1,0,C
山东:S904,S904,,0.9,,no-official-km,1,0,C
山东:S9302,S9302,,1.5,,no-official-km,1,0,C
山西:S101,S101,,100.0,,no-official-km,1,0,C
山西:S102,S102,,35.5,,no-official-km,1,0,C
山西:S103,S103,,116.7,,no-official-km,7,6,C
山西:S104,S104,,62.6,,no-official-km,4,3,C
山西:S105,S105,,96.0,,no-official-km,2,1,C
山西:S106,S106,,77.0,,no-official-km,1,0,C
山西:S107,S107,,37.2,,no-official-km,1,0,C
山西:S110,S110,,221.5,,no-official-km,4,3,C
山西:S12,S12,,1.9,,no-official-km,1,0,C
山西:S2002,S2002,,90.7,,no-official-km,4,3,C
山西:S2005,S2005,,0.1,,no-official-km,1,0,C
山西:S201,S201,,279.5,,no-official-km,12,11,C
山西:S202,S202,,142.7,,no-official-km,6,5,C
山西:S203,S203,,197.8,,broken-jump,2,1,C
山西:S205,S205,,245.8,,broken-jump,9,8,C
山西:S206,S206,,37.7,,no-official-km,2,1,C
山西:S209,S209,,22.9,,no-official-km,1,0,C
山西:S211,S211,,172.5,,no-official-km,2,1,C
山西:S212,S212,,66.3,,broken-jump,2,1,C
山西:S213,S213,,56.8,,no-official-km,1,0,C
山西:S214,S214,,94.2,,no-official-km,9,8,C
山西:S215,S215,,124.0,,broken-jump,4,3,C
山西:S216,S216,,153.8,,no-official-km,5,4,C
山西:S217,S217,,93.4,,no-official-km,3,2,C
山西:S218,S218,,118.8,,no-official-km,4,3,C
山西:S219,S219,,156.9,,no-official-km,1,0,C
山西:S220,S220,,104.6,,no-official-km,2,1,C
山西:S2201,S2201,,65.9,,no-official-km,1,0,C
山西:S2202,S2202,,29.8,,no-official-km,1,0,C
山西:S221,S221,,45.1,,no-official-km,5,4,C
山西:S2211,S2211,,19.8,,no-official-km,1,0,C
山西:S222,S222,,112.2,,broken-jump,4,3,C
山西:S223,S223,,77.5,,no-official-km,3,2,C
山西:S225,S225,,197.0,,no-official-km,7,6,C
山西:S226,S226,,44.3,,no-official-km,2,1,C
山西:S227,S227,,90.8,,no-official-km,4,3,C
山西:S228,S228,,36.7,,no-official-km,1,0,C
山西:S229,S229,,69.0,,no-official-km,6,5,C
山西:S230,S230,,9.0,,no-official-km,1,0,C
山西:S231,S231,,43.4,,no-official-km,3,2,C
山西:S232,S232,,159.6,,no-official-km,8,7,C
山西:S233,S233,,29.7,,no-official-km,1,0,C
山西:S235,S235,,70.6,,no-official-km,3,2,C
山西:S236,S236,,21.0,,no-official-km,2,1,C
山西:S237,S237,,147.3,,broken-jump,3,2,C
山西:S239,S239,,0.1,,no-official-km,1,0,C
山西:S240,S240,,41.9,,no-official-km,5,4,C
山西:S241,S241,,0.2,,no-official-km,1,0,C
山西:S242,S242,,47.8,,no-official-km,1,0,C
山西:S243,S243,,125.8,,no-official-km,1,0,C
山西:S244,S244,,79.4,,no-official-km,1,0,C
山西:S245,S245,,92.6,,no-official-km,3,2,C
山西:S246,S246,,18.5,,no-official-km,1,0,C
山西:S248,S248,,149.6,,broken-jump,7,6,C
山西:S249,S249,,153.6,,no-official-km,2,1,C
山西:S251,S251,,39.9,,no-official-km,1,0,C
山西:S252,S252,,178.3,,no-official-km,3,2,C
山西:S254,S254,,455.1,,no-official-km,12,11,C
山西:S255,S255,,112.3,,no-official-km,4,3,C
山西:S256,S256,,175.1,,broken-jump,2,1,C
山西:S257,S257,,62.8,,no-official-km,2,1,C
山西:S259,S259,,158.3,,no-official-km,1,0,C
山西:S28,S28,,10.0,,no-official-km,1,0,C
山西:S30,S30,,163.5,,no-official-km,2,1,C
山西:S301,S301,,35.0,,no-official-km,1,0,C
山西:S302,S302,,10.0,,no-official-km,1,0,C
山西:S303,S303,,107.3,,broken-jump,5,4,C
山西:S304,S304,,33.8,,no-official-km,1,0,C
山西:S305,S305,,3.1,,no-official-km,1,0,C
山西:S306,S306,,94.9,,broken-jump,2,1,C
山西:S308,S308,,126.9,,no-official-km,2,1,C
山西:S310,S310,,116.2,,no-official-km,2,1,C
山西:S311,S311,,55.7,,no-official-km,2,1,C
山西:S312,S312,,49.7,,no-official-km,3,2,C
山西:S313,S313,,159.9,,no-official-km,3,2,C
山西:S314,S314,,9.6,,no-official-km,1,0,C
山西:S315,S315,,64.3,,no-official-km,4,3,C
山西:S316,S316,,51.4,,no-official-km,1,0,C
山西:S317,S317,,149.2,,no-official-km,6,5,C
山西:S318,S318,,170.1,,no-official-km,8,7,C
山西:S319,S319,,40.2,,no-official-km,1,0,C
山西:S32,S32,,2.7,,no-official-km,1,0,C
山西:S320,S320,,62.0,,no-official-km,8,7,C
山西:S321,S321,,61.3,,no-official-km,7,6,C
山西:S322,S322,,52.2,,no-official-km,2,1,C
山西:S324,S324,,37.3,,no-official-km,1,0,C
山西:S327,S327,,0.0,,no-official-km,1,0,C
山西:S328,S328,,13.8,,no-official-km,2,1,C
山西:S329,S329,,47.0,,no-official-km,3,2,C
山西:S33,S33,,2.5,,no-official-km,1,0,C
山西:S330,S330,,134.8,,no-official-km,4,3,C
山西:S331,S331,,55.9,,no-official-km,1,0,C
山西:S332,S332,,67.3,,no-official-km,5,4,C
山西:S334,S334,,101.7,,no-official-km,3,2,C
山西:S335,S335,,41.8,,no-official-km,1,0,C
山西:S336,S336,,2.0,,no-official-km,1,0,C
山西:S337,S337,,6.2,,no-official-km,1,0,C
山西:S339,S339,,1.8,,no-official-km,1,0,C
山西:S340,S340,,85.3,,no-official-km,1,0,C
山西:S343,S343,,12.2,,no-official-km,1,0,C
山西:S344,S344,,36.9,,no-official-km,1,0,C
山西:S345,S345,,69.3,,no-official-km,4,3,C
山西:S346,S346,,26.8,,no-official-km,4,3,C
山西:S347,S347,,72.8,,no-official-km,5,4,C
山西:S348,S348,,119.0,,no-official-km,2,1,C
山西:S349,S349,,116.7,,no-official-km,1,0,C
山西:S350,S350,,57.1,,no-official-km,1,0,C
山西:S351,S351,,39.2,,no-official-km,3,2,C
山西:S353,S353,,58.7,,no-official-km,1,0,C
山西:S354,S354,,69.9,,broken-jump,1,0,C
山西:S355,S355,,69.3,,no-official-km,1,0,C
山西:S357,S357,,37.1,,no-official-km,1,0,C
山西:S358,S358,,83.6,,no-official-km,1,0,C
山西:S36,S36,,80.3,,no-official-km,1,0,C
山西:S360,S360,,41.7,,no-official-km,3,2,C
山西:S361,S361,,87.6,,no-official-km,3,2,C
山西:S362,S362,,66.4,,no-official-km,2,1,C
山西:S363,S363,,76.5,,no-official-km,1,0,C
山西:S364,S364,,48.4,,no-official-km,1,0,C
山西:S365,S365,,74.5,,no-official-km,1,0,C
山西:S366,S366,,224.6,,broken-jump,4,3,C
山西:S367,S367,,101.7,,no-official-km,4,3,C
山西:S368,S368,,28.3,,no-official-km,1,0,C
山西:S369,S369,,40.2,,no-official-km,3,2,C
山西:S370,S370,,89.4,,broken-jump,1,0,C
山西:S3701,S3701,,2.0,,no-official-km,1,0,C
山西:S371,S371,,43.0,,no-official-km,4,3,C
山西:S372,S372,,107.0,,no-official-km,3,2,C
山西:S373,S373,,42.1,,no-official-km,1,0,C
山西:S374,S374,,67.7,,no-official-km,3,2,C
山西:S375,S375,,67.4,,broken-jump,3,2,C
山西:S377,S377,,52.0,,no-official-km,1,0,C
山西:S378,S378,,40.0,,no-official-km,1,0,C
山西:S39,S39,,13.0,,no-official-km,2,1,C
山西:S40,S40,,288.5,,no-official-km,2,1,C
山西:S45,S45,,464.5,,broken-jump,4,3,C
山西:S46,S46,,105.5,,no-official-km,1,0,C
山西:S48,S48,,13.3,,no-official-km,2,1,C
山西:S50,S50,,251.9,,no-official-km,1,0,C
山西:S501,S501,,16.3,,no-official-km,1,0,C
山西:S502,S502,,42.9,,broken-jump,1,0,C
山西:S503,S503,,10.6,,no-official-km,2,1,C
山西:S504,S504,,13.6,,no-official-km,1,0,C
山西:S505,S505,,55.7,,no-official-km,1,0,C
山西:S509,S509,,18.4,,no-official-km,2,1,C
山西:S510,S510,,5.6,,no-official-km,1,0,C
山西:S511,S511,,16.4,,no-official-km,1,0,C
山西:S517,S517,,11.6,,no-official-km,1,0,C
山西:S532,S532,,21.2,,no-official-km,2,1,C
山西:S534,S534,,16.2,,no-official-km,1,0,C
山西:S5501,S5501,,31.3,,no-official-km,1,0,C
山西:S5502,S5502,,31.1,,no-official-km,1,0,C
山西:S5503,S5503,,31.0,,no-official-km,1,0,C
山西:S5511,S5511,,1.9,,no-official-km,1,0,C
山西:S5512,S5512,,31.3,,no-official-km,1,0,C
山西:S56,S56,,61.1,,no-official-km,1,0,C
山西:S57,S57,,25.0,,no-official-km,1,0,C
山西:S5901,S5901,,26.9,,no-official-km,1,0,C
山西:S5902,S5902,,71.4,,no-official-km,3,2,C
山西:S60,S60,,61.2,,no-official-km,2,1,C
山西:S65,S65,,67.6,,no-official-km,2,1,C
山西:S6511,S6511,,24.3,,no-official-km,1,0,C
山西:S66,S66,,82.5,,no-official-km,1,0,C
山西:S70,S70,,90.3,,no-official-km,2,1,C
山西:S75,S75,,114.7,,no-official-km,4,3,C
山西:S7501,S7501,,1.0,,no-official-km,1,0,C
山西:S80,S80,,256.6,,no-official-km,1,0,C
山西:S84,S84,,6.8,,no-official-km,1,0,C
山西:S85,S85,,150.1,,no-official-km,6,5,C
山西:S86,S86,,27.7,,no-official-km,2,1,C
山西:S87,S87,,67.4,,no-official-km,1,0,C
山西:S88,S88,,165.0,,no-official-km,3,2,C
山西:S95,S95,,12.0,,no-official-km,1,0,C
陕西:S1,S1,,19.5,,no-official-km,1,0,C
陕西:S10,S10,,2.4,,no-official-km,1,0,C
陕西:S101,S101,,215.0,,no-official-km,12,11,C
陕西:S102,S102,,166.0,,no-official-km,7,6,C
陕西:S104,S104,,207.0,,no-official-km,7,6,C
陕西:S105,S105,,116.8,,no-official-km,5,4,C
陕西:S106,S106,,231.9,,no-official-km,17,16,C
陕西:S107,S107,,458.7,,no-official-km,19,18,C
陕西:S108,S108,,298.9,,no-official-km,25,24,C
陕西:S11,S11,,75.9,,no-official-km,3,2,C
陕西:S12,S12,,78.9,,no-official-km,2,1,C
陕西:S13,S13,,114.7,,no-official-km,2,1,C
陕西:S14,S14,,28.0,,no-official-km,1,0,C
陕西:S15,S15,,58.7,,no-official-km,2,1,C
陕西:S16,S16,,107.2,,no-official-km,1,0,C
陕西:S2,S2,,89.5,,no-official-km,1,0,C
陕西:S20,S20,,1.3,,no-official-km,1,0,C
陕西:S201,S201,,232.2,,no-official-km,15,14,C
陕西:S202,S202,,131.9,,no-official-km,9,8,C
陕西:S203,S203,,1.1,,no-official-km,2,1,C
陕西:S204,S204,,453.1,,no-official-km,12,11,C
陕西:S205,S205,,427.6,,no-official-km,13,12,C
陕西:S206,S206,,82.4,,no-official-km,3,2,C
陕西:S208,S208,,122.8,,no-official-km,13,12,C
陕西:S209,S209,,250.7,,broken-jump,15,14,C
陕西:S21,S21,,59.7,,no-official-km,2,1,C
陕西:S210,S210,,227.2,,no-official-km,4,3,C
陕西:S211,S211,,7.7,,no-official-km,1,0,C
陕西:S212,S212,,100.6,,no-official-km,10,9,C
陕西:S213,S213,,105.5,,no-official-km,3,2,C
陕西:S214,S214,,108.4,,no-official-km,3,2,C
陕西:S215,S215,,106.6,,no-official-km,8,7,C
陕西:S216,S216,,96.4,,no-official-km,3,2,C
陕西:S217,S217,,26.0,,no-official-km,3,2,C
陕西:S218,S218,,190.4,,no-official-km,1,0,C
陕西:S219,S219,,59.8,,no-official-km,4,3,C
陕西:S220,S220,,96.8,,no-official-km,2,1,C
陕西:S221,S221,,170.2,,no-official-km,6,5,C
陕西:S222,S222,,77.9,,no-official-km,3,2,C
陕西:S225,S225,,110.4,,no-official-km,2,1,C
陕西:S228,S228,,3.3,,no-official-km,2,1,C
陕西:S229,S229,,10.7,,no-official-km,1,0,C
陕西:S23,S23,,104.1,,no-official-km,1,0,C
陕西:S238,S238,,10.7,,no-official-km,1,0,C
陕西:S25,S25,,55.6,,no-official-km,2,1,C
陕西:S254,S254,,98.2,,no-official-km,5,4,C
陕西:S259,S259,,53.8,,no-official-km,1,0,C
陕西:S27,S27,,59.9,,no-official-km,1,0,C
陕西:S28,S28,,170.6,,no-official-km,2,1,C
陕西:S30,S30,,82.0,,no-official-km,1,0,C
陕西:S301,S301,,100.3,,no-official-km,6,5,C
陕西:S3011,S3011,,5.2,,no-official-km,1,0,C
陕西:S302,S302,,43.0,,broken-jump,3,2,C
陕西:S303,S303,,107.3,,no-official-km,4,3,C
陕西:S304,S304,,213.7,,no-official-km,4,3,C
陕西:S305,S305,,38.4,,no-official-km,3,2,C
陕西:S306,S306,,176.5,,no-official-km,8,7,C
陕西:S307,S307,,76.3,,no-official-km,7,6,C
陕西:S308,S308,,93.1,,no-official-km,5,4,C
陕西:S309,S309,,61.7,,no-official-km,4,3,C
陕西:S310,S310,,327.7,,no-official-km,9,8,C
陕西:S311,S311,,234.6,,no-official-km,8,7,C
陕西:S312,S312,,161.8,,broken-jump,9,8,C
陕西:S313,S313,,79.2,,no-official-km,4,3,C
陕西:S314,S314,,160.7,,no-official-km,2,1,C
陕西:S316,S316,,9.9,,no-official-km,1,0,C
陕西:S317,S317,,142.7,,no-official-km,9,8,C
陕西:S318,S318,,16.8,,no-official-km,2,1,C
陕西:S319,S319,,33.5,,no-official-km,1,0,C
陕西:S321,S321,,,,no-geometry,0,0,
陕西:S328,S328,,29.4,,no-official-km,2,1,C
陕西:S330,S330,,1.0,,no-official-km,1,0,C
陕西:S332,S332,,4.2,,no-official-km,2,1,C
陕西:S338,S338,,12.1,,no-official-km,1,0,C
陕西:S344,S344,,2.1,,no-official-km,1,0,C
陕西:S378,S378,,21.3,,no-official-km,2,1,C
陕西:S40,S40,,14.7,,no-official-km,1,0,C
陕西:S4011,S4011,,29.6,,no-official-km,1,0,C
陕西:S4012,S4012,,5.7,,no-official-km,1,0,C
陕西:S408,S408,,14.0,,no-official-km,2,1,C
陕西:S410,S410,,8.0,,no-official-km,2,1,C
陕西:S50,S50,,5.7,,no-official-km,3,2,C
陕西:S501,S501,,39.1,,no-official-km,3,2,C
陕西:S504,S504,,6.6,,no-official-km,1,0,C
陕西:S507,S507,,40.0,,no-official-km,2,1,C
陕西:S508,S508,,17.9,,broken-jump,2,1,C
陕西:S509,S509,,31.0,,no-official-km,1,0,C
陕西:S510,S510,,16.6,,no-official-km,1,0,C
陕西:S512,S512,,53.8,,broken-jump,1,0,C
陕西:S513,S513,,16.9,,no-official-km,1,0,C
陕西:S514,S514,,78.1,,no-official-km,2,1,C
陕西:S515,S515,,50.8,,no-official-km,3,2,C
陕西:S516,S516,,34.5,,no-official-km,1,0,C
陕西:S517,S517,,27.5,,no-official-km,4,3,C
陕西:S518,S518,,63.5,,no-official-km,4,3,C
陕西:S519,S519,,22.1,,no-official-km,1,0,C
陕西:S520,S520,,48.0,,no-official-km,2,1,C
陕西:S521,S521,,44.3,,no-official-km,2,1,C
陕西:S522,S522,,64.3,,no-official-km,1,0,C
陕西:S525,S525,,21.5,,no-official-km,1,0,C
陕西:S526,S526,,42.7,,no-official-km,1,0,C
陕西:S527,S527,,29.9,,no-official-km,1,0,C
陕西:S532,S532,,8.3,,no-official-km,1,0,C
陕西:S551,S551,,9.4,,no-official-km,1,0,C
陕西:S6511,S6511,,5.5,,no-official-km,1,0,C
陕西:S6512,S6512,,5.0,,no-official-km,1,0,C
陕西:S9,S9,,22.9,,no-official-km,1,0,C
上海:S1,S1,,20.2,,no-official-km,1,0,C
上海:S101,S101,,21.3,,no-official-km,4,3,C
上海:S102,S102,,11.9,,no-official-km,1,0,C
上海:S103,S103,,21.7,,no-official-km,5,4,C
上海:S106,S106,,34.5,,no-official-km,5,4,C
上海:S107,S107,,7.8,,no-official-km,2,1,C
上海:S109,S109,,3.4,,no-official-km,2,1,C
上海:S110,S110,,12.9,,no-official-km,2,1,C
上海:S12,S12,,2.4,,no-official-km,1,0,C
上海:S122,S122,,43.8,,no-official-km,1,0,C
上海:S123,S123,,27.0,,no-official-km,4,3,C
上海:S124,S124,,58.7,,no-official-km,2,1,C
上海:S125,S125,,33.3,,no-official-km,2,1,C
上海:S126,S126,,4.4,,no-official-km,1,0,C
上海:S127,S127,,2.6,,no-official-km,1,0,C
上海:S128,S128,,69.4,,no-official-km,1,0,C
上海:S19,S19,,20.6,,no-official-km,1,0,C
上海:S2,S2,,45.7,,no-official-km,1,0,C
上海:S20,S20,,124.6,,no-official-km,5,4,C
上海:S202,S202,,44.3,,no-official-km,11,10,C
上海:S221,S221,,63.7,,no-official-km,7,6,C
上海:S222,S222,,60.9,,no-official-km,3,2,C
上海:S223,S223,,5.1,,no-official-km,2,1,C
上海:S224,S224,,50.9,,no-official-km,2,1,C
上海:S225,S225,,22.5,,no-official-km,1,0,C
上海:S226,S226,,4.7,,no-official-km,1,0,C
上海:S227,S227,,14.2,,no-official-km,3,2,C
上海:S228,S228,,34.3,,no-official-km,1,0,C
上海:S229,S229,,35.4,,no-official-km,1,0,C
上海:S234,S234,,23.5,,no-official-km,3,2,C
上海:S256,S256,,15.7,,no-official-km,1,0,C
上海:S26,S26,,24.2,,no-official-km,1,0,C
上海:S3,S3,,53.1,,no-official-km,1,0,C
上海:S306,S306,,22.3,,no-official-km,3,2,C
上海:S32,S32,,114.7,,no-official-km,2,1,C
上海:S321,S321,,17.7,,no-official-km,2,1,C
上海:S322,S322,,36.4,,no-official-km,5,4,C
上海:S323,S323,,14.7,,no-official-km,1,0,C
上海:S324,S324,,78.8,,no-official-km,9,8,C
上海:S325,S325,,25.6,,no-official-km,1,0,C
上海:S326,S326,,2.5,,no-official-km,1,0,C
上海:S339,S339,,2.4,,no-official-km,1,0,C
上海:S343,S343,,4.2,,no-official-km,1,0,C
上海:S356,S356,,15.7,,no-official-km,2,1,C
上海:S36,S36,,22.6,,no-official-km,1,0,C
上海:S4,S4,,49.8,,no-official-km,3,2,C
上海:S5,S5,,20.9,,no-official-km,1,0,C
上海:S58,S58,,2.7,,no-official-km,2,1,C
上海:S6,S6,,9.8,,no-official-km,1,0,C
上海:S609,S609,,7.8,,no-official-km,2,1,C
上海:S7,S7,,13.6,,no-official-km,1,0,C
四川:S1,S1,,515.8,,no-official-km,4,3,C
四川:S101,S101,,777.5,,no-official-km,21,20,C
四川:S102,S102,,236.0,,no-official-km,4,3,C
四川:S103,S103,,162.6,,broken-jump,6,5,C
四川:S104,S104,,349.1,,no-official-km,8,7,C
四川:S105,S105,,178.7,,no-official-km,6,5,C
四川:S106,S106,,197.1,,no-official-km,7,6,C
四川:S107,S107,,375.3,,no-official-km,10,9,C
四川:S108,S108,,130.0,,broken-jump,5,4,C
四川:S109,S109,,81.7,,no-official-km,3,2,C
四川:S11,S11,,41.4,,no-official-km,2,1,C
四川:S1110,S1110,,5.9,,no-official-km,1,0,C
四川:S12,S12,,14.5,,no-official-km,1,0,C
四川:S14,S14,,35.8,,no-official-km,3,2,C
四川:S15,S15,,187.6,,no-official-km,2,1,C
四川:S18,S18,,97.7,,no-official-km,1,0,C
四川:S19,S19,,12.1,,no-official-km,1,0,C
四川:S20,S20,,25.6,,no-official-km,2,1,C
四川:S201,S201,,566.6,,no-official-km,15,14,C
四川:S202,S202,,394.2,,no-official-km,8,7,C
四川:S203,S203,,484.9,,no-official-km,13,12,C
四川:S204,S204,,390.8,,no-official-km,10,9,C
四川:S205,S205,,615.3,,no-official-km,15,14,C
四川:S206,S206,,492.8,,no-official-km,20,19,C
四川:S207,S207,,330.5,,no-official-km,14,13,C
四川:S208,S208,,630.3,,no-official-km,15,14,C
四川:S209,S209,,515.1,,no-official-km,17,16,C
四川:S210,S210,,541.8,,no-official-km,21,20,C
四川:S211,S211,60,284.5,374.2,deviation-large,15,14,X
四川:S212,S212,,317.8,,no-official-km,9,8,C
四川:S213,S213,,530.5,,no-official-km,18,17,C
四川:S214,S214,,228.0,,no-official-km,6,5,C
四川:S215,S215,,236.9,,no-official-km,8,7,C
四川:S216,S216,,365.5,,no-official-km,10,9,C
四川:S217,S217,300,1204.8,301.6,broken-jump,4,3,X
四川:S218,S218,,515.3,,no-official-km,12,11,C
四川:S219,S219,,321.7,,no-official-km,5,4,C
四川:S220,S220,,913.8,,no-official-km,6,5,C
四川:S221,S221,,258.4,,no-official-km,6,5,C
四川:S222,S222,,101.1,,no-official-km,3,2,C
四川:S223,S223,,115.5,,no-official-km,4,3,C
四川:S224,S224,,26.3,,no-official-km,1,0,C
四川:S225,S225,,19.7,,no-official-km,1,0,C
四川:S226,S226,,29.6,,no-official-km,5,4,C
四川:S227,S227,,225.1,,no-official-km,2,1,C
四川:S229,S229,,63.6,,no-official-km,2,1,C
四川:S23,S23,,62.1,,no-official-km,1,0,C
四川:S231,S231,,12.5,,no-official-km,1,0,C
四川:S236,S236,,109.6,,no-official-km,1,0,C
四川:S25,S25,,46.1,,no-official-km,2,1,C
四川:S26,S26,,93.5,,no-official-km,1,0,C
四川:S28,S28,,124.8,,no-official-km,2,1,C
四川:S287,S287,,39.0,,no-official-km,1,0,C
四川:S29,S29,,65.7,,no-official-km,1,0,C
四川:S3,S3,,176.0,,no-official-km,3,2,C
四川:S301,S301,,801.8,,no-official-km,14,13,C
四川:S302,S302,,703.0,,no-official-km,10,9,C
四川:S303,S303,45,525.6,1068,deviation-large,11,10,X
四川:S304,S304,,354.8,,no-official-km,6,5,C
四川:S305,S305,,332.5,,no-official-km,20,19,C
四川:S306,S306,,252.5,,no-official-km,6,5,C
四川:S307,S307,,374.5,,no-official-km,17,16,C
四川:S308,S308,,487.1,,broken-jump,10,9,C
四川:S309,S309,,506.1,,no-official-km,17,16,C
四川:S310,S310,,281.9,,no-official-km,10,9,C
四川:S311,S311,,397.2,,no-official-km,7,6,C
四川:S312,S312,,384.6,,no-official-km,9,8,C
四川:S313,S313,,226.4,,no-official-km,5,4,C
四川:S314,S314,,385.8,,broken-jump,2,1,C
四川:S315,S315,,86.3,,no-official-km,2,1,C
四川:S317,S317,,131.8,,no-official-km,4,3,C
四川:S32,S32,,137.8,,no-official-km,1,0,C
四川:S33,S33,,41.9,,no-official-km,1,0,C
四川:S330,S330,,12.7,,broken-jump,1,0,C
四川:S34,S34,,9.0,,no-official-km,1,0,C
四川:S367,S367,,7.0,,no-official-km,2,1,C
四川:S37,S37,,34.9,,no-official-km,1,0,C
四川:S40,S40,,378.3,,no-official-km,2,1,C
四川:S401,S401,,741.2,,no-official-km,22,21,C
四川:S402,S402,,43.8,,no-official-km,1,0,C
四川:S403,S403,,97.9,,no-official-km,1,0,C
四川:S404,S404,,74.4,,no-official-km,2,1,C
四川:S405,S405,,22.6,,no-official-km,1,0,C
四川:S406,S406,,74.4,,no-official-km,5,4,C
四川:S407,S407,,55.7,,no-official-km,2,1,C
四川:S408,S408,,132.8,,no-official-km,6,5,C
四川:S409,S409,,44.4,,no-official-km,1,0,C
四川:S41,S41,,246.2,,no-official-km,2,1,C
四川:S410,S410,,143.8,,no-official-km,5,4,C
四川:S411,S411,,95.4,,no-official-km,2,1,C
四川:S412,S412,,46.4,,no-official-km,2,1,C
四川:S413,S413,,148.0,,no-official-km,4,3,C
四川:S414,S414,,35.1,,no-official-km,3,2,C
四川:S415,S415,,46.3,,no-official-km,1,0,C
四川:S416,S416,,215.6,,no-official-km,17,16,C
四川:S417,S417,,46.1,,no-official-km,1,0,C
四川:S418,S418,,33.4,,no-official-km,1,0,C
四川:S419,S419,,107.4,,no-official-km,3,2,C
四川:S420,S420,,56.6,,no-official-km,1,0,C
四川:S421,S421,,42.0,,no-official-km,1,0,C
四川:S422,S422,,130.0,,no-official-km,9,8,C
四川:S423,S423,,52.2,,no-official-km,1,0,C
四川:S424,S424,,209.5,,broken-jump,17,16,C
四川:S425,S425,,27.2,,no-official-km,2,1,C
四川:S426,S426,,140.5,,no-official-km,4,3,C
四川:S427,S427,,113.3,,no-official-km,8,7,C
四川:S428,S428,,82.0,,no-official-km,3,2,C
四川:S429,S429,,122.9,,no-official-km,8,7,C
四川:S43,S43,,102.8,,no-official-km,1,0,C
四川:S430,S430,,30.5,,no-official-km,1,0,C
四川:S431,S431,,90.2,,no-official-km,3,2,C
四川:S432,S432,,138.9,,no-official-km,1,0,C
四川:S433,S433,,83.2,,no-official-km,1,0,C
四川:S434,S434,,413.1,,no-official-km,10,9,C
四川:S435,S435,,42.2,,no-official-km,2,1,C
四川:S436,S436,,276.7,,no-official-km,13,12,C
四川:S437,S437,,178.0,,no-official-km,4,3,C
四川:S438,S438,,268.9,,no-official-km,10,9,C
四川:S439,S439,,95.5,,no-official-km,5,4,C
四川:S440,S440,,59.7,,no-official-km,5,4,C
四川:S441,S441,,93.5,,no-official-km,1,0,C
四川:S442,S442,,78.5,,no-official-km,1,0,C
四川:S443,S443,,26.9,,no-official-km,1,0,C
四川:S444,S444,,92.0,,no-official-km,2,1,C
四川:S445,S445,,166.8,,no-official-km,1,0,C
四川:S446,S446,,145.3,,no-official-km,3,2,C
四川:S447,S447,,52.4,,no-official-km,1,0,C
四川:S448,S448,,23.3,,no-official-km,1,0,C
四川:S449,S449,,33.9,,no-official-km,1,0,C
四川:S451,S451,,86.0,,no-official-km,1,0,C
四川:S452,S452,,204.6,,no-official-km,1,0,C
四川:S453,S453,,219.1,,no-official-km,2,1,C
四川:S454,S454,,151.9,,no-official-km,2,1,C
四川:S455,S455,,229.0,,no-official-km,1,0,C
四川:S456,S456,,181.6,,no-official-km,1,0,C
四川:S457,S457,,79.3,,no-official-km,1,0,C
四川:S458,S458,,119.1,,no-official-km,1,0,C
四川:S459,S459,,239.2,,no-official-km,2,1,C
四川:S460,S460,,340.9,,no-official-km,1,0,C
四川:S461,S461,,36.9,,no-official-km,2,1,C
四川:S462,S462,,65.6,,no-official-km,2,1,C
四川:S463,S463,,89.5,,no-official-km,1,0,C
四川:S464,S464,,214.0,,no-official-km,2,1,C
四川:S465,S465,,89.7,,no-official-km,1,0,C
四川:S466,S466,,216.7,,no-official-km,2,1,C
四川:S467,S467,,90.3,,no-official-km,2,1,C
四川:S468,S468,,125.4,,no-official-km,1,0,C
四川:S469,S469,,51.9,,no-official-km,1,0,C
四川:S47,S47,,8.1,,no-official-km,1,0,C
四川:S470,S470,,104.1,,no-official-km,1,0,C
四川:S471,S471,,88.8,,no-official-km,3,2,C
四川:S48,S48,,132.9,,no-official-km,1,0,C
四川:S5,S5,,8.2,,no-official-km,1,0,C
四川:S501,S501,,48.4,,no-official-km,2,1,C
四川:S502,S502,,173.5,,no-official-km,4,3,C
四川:S503,S503,,95.5,,no-official-km,5,4,C
四川:S504,S504,,19.8,,no-official-km,1,0,C
四川:S505,S505,,27.4,,no-official-km,2,1,C
四川:S506,S506,,51.5,,no-official-km,2,1,C
四川:S507,S507,,109.8,,no-official-km,5,4,C
四川:S508,S508,,90.1,,no-official-km,3,2,C
四川:S509,S509,,96.9,,no-official-km,3,2,C
四川:S510,S510,,18.9,,no-official-km,1,0,C
四川:S511,S511,,15.9,,no-official-km,2,1,C
四川:S512,S512,,33.5,,no-official-km,2,1,C
四川:S513,S513,,89.2,,no-official-km,6,5,C
四川:S515,S515,,7.8,,no-official-km,1,0,C
四川:S521,S521,,2.4,,no-official-km,1,0,C
四川:S523,S523,,30.0,,no-official-km,1,0,C
四川:S524,S524,,66.1,,no-official-km,4,3,C
四川:S525,S525,,60.5,,no-official-km,6,5,C
四川:S527,S527,,23.6,,no-official-km,2,1,C
四川:S529,S529,,17.0,,no-official-km,2,1,C
四川:S53,S53,,15.0,,no-official-km,1,0,C
四川:S530,S530,,32.7,,no-official-km,2,1,C
四川:S531,S531,,4.9,,no-official-km,1,0,C
四川:S532,S532,,75.2,,no-official-km,3,2,C
四川:S536,S536,,51.2,,no-official-km,1,0,C
四川:S537,S537,,17.4,,no-official-km,1,0,C
四川:S538,S538,,35.2,,no-official-km,2,1,C
四川:S539,S539,,55.0,,no-official-km,2,1,C
四川:S540,S540,,70.6,,no-official-km,4,3,C
四川:S543,S543,,28.4,,no-official-km,1,0,C
四川:S545,S545,,68.1,,no-official-km,2,1,C
四川:S546,S546,,160.1,,no-official-km,6,5,C
四川:S548,S548,,35.9,,no-official-km,4,3,C
四川:S55,S55,,14.1,,no-official-km,2,1,C
四川:S550,S550,,15.4,,no-official-km,1,0,C
四川:S551,S551,,19.1,,no-official-km,1,0,C
四川:S552,S552,,13.1,,no-official-km,3,2,C
四川:S553,S553,,52.3,,no-official-km,4,3,C
四川:S554,S554,,34.9,,no-official-km,1,0,C
四川:S555,S555,,69.1,,no-official-km,2,1,C
四川:S558,S558,,55.7,,no-official-km,2,1,C
四川:S56,S56,,114.2,,no-official-km,2,1,C
四川:S566,S566,,4.3,,no-official-km,1,0,C
四川:S567,S567,,291.2,,no-official-km,2,1,C
四川:S569,S569,,94.4,,no-official-km,1,0,C
四川:S57,S57,,11.0,,no-official-km,1,0,C
四川:S570,S570,,98.4,,no-official-km,1,0,C
四川:S571,S571,,29.2,,no-official-km,1,0,C
四川:S572,S572,,105.2,,no-official-km,1,0,C
四川:S576,S576,,113.0,,no-official-km,2,1,C
四川:S580,S580,,72.2,,no-official-km,2,1,C
四川:S581,S581,,22.6,,no-official-km,1,0,C
四川:S583,S583,,20.2,,no-official-km,1,0,C
四川:S59,S59,,6.0,,no-official-km,1,0,C
四川:S6,S6,,15.0,,no-official-km,2,1,C
四川:S657,S657,,5.0,,no-official-km,1,0,C
四川:S66,S66,,364.6,,broken-jump,1,0,C
四川:S662,S662,,2.7,,no-official-km,1,0,C
四川:S67,S67,,41.7,,no-official-km,1,0,C
四川:S7,S7,,276.2,,no-official-km,2,1,C
四川:S73,S73,,87.8,,no-official-km,3,2,C
四川:S74,S74,,12.7,,no-official-km,1,0,C
四川:S76,S76,,19.7,,no-official-km,1,0,C
四川:S78,S78,,3.5,,no-official-km,1,0,C
四川:S8,S8,,120.8,,no-official-km,2,1,C
四川:S80,S80,,32.1,,no-official-km,1,0,C
四川:S81,S81,,77.1,,no-official-km,1,0,C
四川:S9,S9,,22.6,,no-official-km,1,0,C
四川:S96,S96,,47.6,,no-official-km,1,0,C
天津:S1,S1,,118.9,,no-official-km,1,0,C
天津:S101,S101,,36.3,,no-official-km,5,4,C
天津:S102,S102,,61.7,,broken-jump,1,0,C
天津:S103,S103,,64.4,,broken-jump,4,3,C
天津:S104,S104,,16.3,,no-official-km,2,1,C
天津:S105,S105,,45.0,,no-official-km,5,4,C
天津:S106,S106,,30.4,,no-official-km,1,0,C
天津:S107,S107,,30.2,,no-official-km,1,0,C
天津:S109,S109,,13.3,,broken-jump,2,1,C
天津:S11,S11,,58.4,,broken-jump,1,0,C
天津:S110,S110,,37.3,,no-official-km,3,2,C
天津:S111,S111,,14.8,,no-official-km,1,0,C
天津:S112,S112,,18.9,,no-official-km,4,3,C
天津:S113,S113,,2.1,,no-official-km,3,2,C
天津:S115,S115,,12.9,,no-official-km,1,0,C
天津:S116,S116,,30.0,,no-official-km,8,7,C
天津:S119,S119,,4.9,,no-official-km,1,0,C
天津:S120,S120,,13.2,,no-official-km,2,1,C
天津:S121,S121,,6.9,,no-official-km,1,0,C
天津:S123,S123,,78.1,,no-official-km,3,2,C
天津:S127,S127,,14.2,,no-official-km,1,0,C
天津:S15,S15,,2.3,,no-official-km,1,0,C
天津:S151,S151,,8.8,,no-official-km,1,0,C
天津:S2,S2,,50.4,,no-official-km,1,0,C
天津:S201,S201,,1.7,,no-official-km,2,1,C
天津:S202,S202,,3.0,,no-official-km,1,0,C
天津:S203,S203,,19.2,,no-official-km,4,3,C
天津:S204,S204,,7.9,,no-official-km,1,0,C
天津:S205,S205,,42.2,,broken-jump,2,1,C
天津:S206,S206,,8.6,,no-official-km,2,1,C
天津:S207,S207,,26.0,,broken-jump,5,4,C
天津:S208,S208,,23.2,,no-official-km,5,4,C
天津:S21,S21,,84.8,,no-official-km,3,2,C
天津:S210,S210,,51.2,,broken-jump,7,6,C
天津:S211,S211,,23.6,,no-official-km,3,2,C
天津:S212,S212,,10.8,,no-official-km,2,1,C
天津:S213,S213,,16.3,,broken-jump,2,1,C
天津:S215,S215,,5.8,,no-official-km,1,0,C
天津:S217,S217,,13.6,,no-official-km,3,2,C
天津:S218,S218,,19.6,,no-official-km,2,1,C
天津:S219,S219,,70.6,,broken-jump,3,2,C
天津:S220,S220,,44.0,,no-official-km,3,2,C
天津:S221,S221,,6.4,,broken-jump,2,1,C
天津:S222,S222,,10.9,,no-official-km,1,0,C
天津:S223,S223,,5.2,,no-official-km,1,0,C
天津:S225,S225,,3.9,,no-official-km,1,0,C
天津:S228,S228,,12.6,,no-official-km,4,3,C
天津:S229,S229,,30.3,,no-official-km,1,0,C
天津:S231,S231,,33.0,,no-official-km,5,4,C
天津:S233,S233,,12.8,,no-official-km,2,1,C
天津:S234,S234,,8.6,,no-official-km,3,2,C
天津:S243,S243,,41.7,,no-official-km,3,2,C
天津:S245,S245,,39.9,,broken-jump,7,6,C
天津:S264,S264,,7.6,,no-official-km,3,2,C
天津:S272,S272,,9.8,,no-official-km,2,1,C
天津:S28,S28,,2.0,,no-official-km,1,0,C
天津:S3,S3,,27.9,,no-official-km,1,0,C
天津:S30,S30,,112.1,,no-official-km,1,0,C
天津:S302,S302,,42.6,,no-official-km,2,1,C
天津:S303,S303,,9.2,,broken-jump,1,0,C
天津:S304,S304,,3.1,,no-official-km,1,0,C
天津:S305,S305,,34.6,,no-official-km,2,1,C
天津:S306,S306,,37.5,,no-official-km,5,4,C
天津:S307,S307,,66.3,,no-official-km,6,5,C
天津:S308,S308,,75.1,,no-official-km,8,7,C
天津:S310,S310,,9.3,,no-official-km,1,0,C
天津:S3105,S3105,,4.4,,no-official-km,1,0,C
天津:S311,S311,,4.2,,no-official-km,1,0,C
天津:S313,S313,,21.9,,no-official-km,1,0,C
天津:S314,S314,,25.9,,no-official-km,2,1,C
天津:S315,S315,,41.1,,no-official-km,1,0,C
天津:S316,S316,,2.1,,no-official-km,1,0,C
天津:S317,S317,,7.7,,no-official-km,1,0,C
天津:S318,S318,,15.3,,no-official-km,3,2,C
天津:S32,S32,,3.2,,no-official-km,1,0,C
天津:S3201,S3201,,30.0,,no-official-km,2,1,C
天津:S321,S321,,3.9,,no-official-km,2,1,C
天津:S323,S323,,18.8,,no-official-km,2,1,C
天津:S324,S324,,17.4,,broken-jump,1,0,C
天津:S326,S326,,23.7,,no-official-km,3,2,C
天津:S328,S328,,21.8,,no-official-km,3,2,C
天津:S329,S329,,1.8,,no-official-km,1,0,C
天津:S3301,S3301,,114.4,,no-official-km,1,0,C
天津:S3305,S3305,,55.3,,no-official-km,8,7,C
天津:S331,S331,,22.1,,no-official-km,1,0,C
天津:S3500,S3500,,36.1,,no-official-km,1,0,C
天津:S356,S356,,5.6,,no-official-km,2,1,C
天津:S360,S360,,2.6,,no-official-km,2,1,C
天津:S3600,S3600,,10.7,,no-official-km,1,0,C
天津:S361,S361,,15.1,,broken-jump,1,0,C
天津:S3700,S3700,,14.6,,no-official-km,1,0,C
天津:S381,S381,,8.1,,broken-jump,4,3,C
天津:S390,S390,,7.1,,no-official-km,1,0,C
天津:S4,S4,,24.4,,no-official-km,1,0,C
天津:S40,S40,,69.5,,no-official-km,5,4,C
天津:S5,S5,,8.0,,no-official-km,1,0,C
天津:S50,S50,,47.8,,no-official-km,1,0,C
天津:S51,S51,,47.1,,no-official-km,3,2,C
天津:S511,S511,,5.9,,no-official-km,1,0,C
天津:S6,S6,,9.6,,no-official-km,4,3,C
天津:S7,S7,,7.0,,no-official-km,2,1,C
天津:S71,S71,,7.4,,no-official-km,1,0,C
天津:S85,S85,,4.7,,no-official-km,1,0,C
天津:S9961,S9961,,0.7,,no-official-km,1,0,C
西藏:S201,S201,,588.7,,no-official-km,11,10,C
西藏:S202,S202,,435.4,,no-official-km,11,10,C
西藏:S203,S203,,371.3,,no-official-km,8,7,C
西藏:S204,S204,,285.0,,no-official-km,5,4,C
西藏:S205,S205,,359.2,,broken-jump,7,6,C
西藏:S207,S207,,62.4,,no-official-km,3,2,C
西藏:S208,S208,,481.3,,no-official-km,6,5,C
西藏:S209,S209,,832.6,,broken-jump,7,6,C
西藏:S236,S236,,11.9,,no-official-km,1,0,C
西藏:S287,S287,,1.7,,no-official-km,1,0,C
西藏:S3,S3,,4.2,,no-official-km,1,0,C
西藏:S301,S301,80,1846.0,2207.5,deviation-large,16,15,X
西藏:S302,S302,,1834.1,,broken-jump,18,17,C
西藏:S303,S303,,2073.2,,no-official-km,20,19,C
西藏:S304,S304,,169.9,,broken-jump,1,0,C
西藏:S305,S305,,12.7,,no-official-km,1,0,C
西藏:S306,S306,,97.7,,no-official-km,6,5,C
西藏:S4,S4,,46.3,,no-official-km,3,2,C
西藏:S457,S457,,7.7,,no-official-km,1,0,C
西藏:S458,S458,,7.2,,no-official-km,1,0,C
西藏:S459,S459,,6.2,,no-official-km,1,0,C
西藏:S5,S5,,81.3,,no-official-km,1,0,C
西藏:S501,S501,,1.4,,no-official-km,1,0,C
西藏:S502,S502,,12.5,,no-official-km,2,1,C
西藏:S503,S503,,3.3,,no-official-km,1,0,C
西藏:S504,S504,,12.9,,no-official-km,1,0,C
西藏:S507,S507,,131.1,,no-official-km,2,1,C
西藏:S508,S508,,96.9,,no-official-km,3,2,C
西藏:S509,S509,,169.7,,no-official-km,3,2,C
西藏:S510,S510,,186.5,,no-official-km,6,5,C
西藏:S511,S511,,73.4,,no-official-km,2,1,C
西藏:S514,S514,,83.7,,no-official-km,2,1,C
西藏:S515,S515,,92.4,,no-official-km,1,0,C
西藏:S516,S516,,111.3,,no-official-km,4,3,C
西藏:S517,S517,,177.7,,no-official-km,2,1,C
西藏:S518,S518,,78.5,,no-official-km,1,0,C
西藏:S519,S519,,172.2,,no-official-km,2,1,C
西藏:S520,S520,,213.2,,no-official-km,1,0,C
新疆:S101,S101,300,311.4,3.8,ok,4,3,A
新疆:S102,S102,,14.1,,no-official-km,1,0,C
新疆:S103,S103,,125.8,,no-official-km,1,0,C
新疆:S106,S106,,10.6,,no-official-km,3,2,C
新疆:S109,S109,,8.7,,no-official-km,1,0,C
新疆:S11,S11,,401.9,,no-official-km,1,0,C
新疆:S110,S110,,30.9,,no-official-km,1,0,C
新疆:S111,S111,,91.7,,broken-jump,5,4,C
新疆:S112,S112,,0.4,,no-official-km,1,0,C
新疆:S114,S114,,1.6,,no-official-km,1,0,C
新疆:S115,S115,,41.6,,no-official-km,1,0,C
新疆:S116,S116,,19.7,,no-official-km,1,0,C
新疆:S12,S12,,272.5,,no-official-km,1,0,C
新疆:S13,S13,,242.4,,no-official-km,1,0,C
新疆:S151,S151,,13.5,,no-official-km,1,0,C
新疆:S16,S16,,142.4,,no-official-km,1,0,C
新疆:S18,S18,,141.6,,no-official-km,2,1,C
新疆:S20,S20,,253.9,,broken-jump,1,0,C
新疆:S201,S201,,148.5,,no-official-km,5,4,C
新疆:S202,S202,,124.1,,no-official-km,2,1,C
新疆:S203,S203,,72.7,,no-official-km,2,1,C
新疆:S205,S205,,104.1,,broken-jump,8,7,C
新疆:S207,S207,,105.4,,broken-jump,2,1,C
新疆:S208,S208,,72.6,,broken-jump,3,2,C
新疆:S209,S209,,16.2,,no-official-km,3,2,C
新疆:S21,S21,,377.3,,no-official-km,1,0,C
新疆:S211,S211,,12.7,,no-official-km,1,0,C
新疆:S212,S212,,53.0,,no-official-km,4,3,C
新疆:S213,S213,,58.1,,broken-jump,2,1,C
新疆:S214,S214,,152.1,,no-official-km,4,3,C
新疆:S215,S215,,22.0,,broken-jump,1,0,C
新疆:S216,S216,,44.1,,broken-jump,1,0,C
新疆:S22,S22,,148.7,,no-official-km,1,0,C
新疆:S220,S220,,63.4,,no-official-km,5,4,C
新疆:S221,S221,,30.7,,no-official-km,4,3,C
新疆:S222,S222,,70.4,,broken-jump,3,2,C
新疆:S225,S225,,45.1,,no-official-km,3,2,C
新疆:S226,S226,,80.9,,broken-jump,4,3,C
新疆:S227,S227,,22.6,,no-official-km,1,0,C
新疆:S228,S228,,161.0,,broken-jump,3,2,C
新疆:S229,S229,,53.6,,no-official-km,1,0,C
新疆:S230,S230,,23.0,,no-official-km,3,2,C
新疆:S231,S231,,17.4,,no-official-km,1,0,C
新疆:S232,S232,,135.7,,no-official-km,6,5,C
新疆:S233,S233,,156.6,,broken-jump,1,0,C
新疆:S235,S235,,587.9,,broken-jump,2,1,C
新疆:S236,S236,,167.1,,broken-jump,9,8,C
新疆:S237,S237,,97.9,,no-official-km,1,0,C
新疆:S238,S238,,132.0,,no-official-km,3,2,C
新疆:S240,S240,,88.1,,broken-jump,1,0,C
新疆:S241,S241,,93.1,,no-official-km,1,0,C
新疆:S242,S242,,54.5,,no-official-km,1,0,C
新疆:S243,S243,,1.6,,no-official-km,1,0,C
新疆:S245,S245,,214.6,,no-official-km,1,0,C
新疆:S254,S254,,333.8,,broken-jump,1,0,C
新疆:S301,S301,,208.8,,no-official-km,2,1,C
新疆:S303,S303,,339.6,,no-official-km,9,8,C
新疆:S304,S304,,95.7,,broken-jump,4,3,C
新疆:S305,S305,,138.0,,broken-jump,6,5,C
新疆:S306,S306,,292.3,,no-official-km,8,7,C
新疆:S307,S307,,141.9,,no-official-km,2,1,C
新疆:S309,S309,,159.1,,broken-jump,4,3,C
新疆:S310,S310,,151.4,,broken-jump,3,2,C
新疆:S311,S311,,55.3,,broken-jump,2,1,C
新疆:S312,S312,,101.4,,no-official-km,1,0,C
新疆:S313,S313,,150.5,,no-official-km,9,8,C
新疆:S315,S315,,245.4,,no-official-km,7,6,C
新疆:S316,S316,,164.0,,no-official-km,7,6,C
新疆:S317,S317,,49.4,,broken-jump,2,1,C
新疆:S318,S318,,425.6,,no-official-km,8,7,C
新疆:S319,S319,,222.1,,no-official-km,3,2,C
新疆:S320,S320,,138.0,,broken-jump,1,0,C
新疆:S321,S321,,53.8,,broken-jump,1,0,C
新疆:S323,S323,,13.2,,no-official-km,1,0,C
新疆:S324,S324,,292.5,,broken-jump,1,0,C
新疆:S326,S326,,344.4,,no-official-km,11,10,C
新疆:S327,S327,,68.6,,broken-jump,1,0,C
新疆:S328,S328,,248.2,,no-official-km,3,2,C
新疆:S340,S340,,117.4,,no-official-km,1,0,C
新疆:S519,S519,,109.7,,no-official-km,2,1,C
新疆:S520,S520,,7.1,,no-official-km,1,0,C
新疆:S734,S734,,8.3,,no-official-km,1,0,C
新疆:S742,S742,,23.1,,no-official-km,1,0,C
云南:S10,S10,,186.6,,no-official-km,2,1,C
云南:S101,S101,,251.4,,no-official-km,3,2,C
云南:S102,S102,,3.2,,no-official-km,2,1,C
云南:S11,S11,,254.0,,no-official-km,3,2,C
云南:S1110,S1110,,25.4,,no-official-km,1,0,C
云南:S1114,S1114,,37.7,,no-official-km,1,0,C
云南:S1116,S1116,,22.6,,no-official-km,1,0,C
云南:S12,S12,,65.8,,no-official-km,1,0,C
云南:S13,S13,,91.6,,no-official-km,2,1,C
云南:S14,S14,,156.6,,no-official-km,4,3,C
云南:S15,S15,,120.5,,no-official-km,2,1,C
云南:S17,S17,,65.8,,no-official-km,2,1,C
云南:S19,S19,,44.1,,no-official-km,1,0,C
云南:S20,S20,,265.0,,no-official-km,4,3,C
云南:S201,S201,,156.1,,no-official-km,3,2,C
云南:S2013,S2013,,35.0,,no-official-km,1,0,C
云南:S202,S202,,113.0,,no-official-km,2,1,C
云南:S203,S203,,145.6,,no-official-km,2,1,C
云南:S204,S204,,118.7,,no-official-km,4,3,C
云南:S205,S205,,353.7,,no-official-km,6,5,C
云南:S206,S206,,132.0,,no-official-km,4,3,C
云南:S207,S207,,237.9,,no-official-km,7,6,C
云南:S208,S208,,319.1,,no-official-km,5,4,C
云南:S209,S209,,749.5,,broken-jump,16,15,C
云南:S210,S210,,88.9,,no-official-km,2,1,C
云南:S211,S211,,72.6,,no-official-km,1,0,C
云南:S212,S212,,534.8,,no-official-km,10,9,C
云南:S214,S214,,86.7,,no-official-km,8,7,C
云南:S215,S215,,409.0,,no-official-km,8,7,C
云南:S216,S216,,194.2,,no-official-km,1,0,C
云南:S217,S217,,156.3,,no-official-km,6,5,C
云南:S218,S218,,154.2,,no-official-km,4,3,C
云南:S219,S219,,234.8,,no-official-km,6,5,C
云南:S22,S22,,108.5,,no-official-km,1,0,C
云南:S220,S220,,66.2,,no-official-km,3,2,C
云南:S221,S221,,339.3,,no-official-km,2,1,C
云南:S222,S222,,114.4,,no-official-km,2,1,C
云南:S223,S223,,241.0,,no-official-km,3,2,C
云南:S224,S224,,468.5,,no-official-km,3,2,C
云南:S225,S225,,30.7,,no-official-km,1,0,C
云南:S226,S226,,43.5,,broken-jump,2,1,C
云南:S227,S227,,184.5,,no-official-km,1,0,C
云南:S228,S228,,225.6,,no-official-km,5,4,C
云南:S229,S229,,170.7,,no-official-km,1,0,C
云南:S23,S23,,159.6,,no-official-km,1,0,C
云南:S230,S230,,184.1,,no-official-km,2,1,C
云南:S231,S231,,43.1,,no-official-km,1,0,C
云南:S232,S232,,104.6,,no-official-km,3,2,C
云南:S233,S233,,163.0,,no-official-km,10,9,C
云南:S234,S234,,223.3,,no-official-km,4,3,C
云南:S235,S235,,155.8,,no-official-km,1,0,C
云南:S236,S236,,132.0,,no-official-km,1,0,C
云南:S237,S237,,676.2,,no-official-km,5,4,C
云南:S238,S238,,57.3,,no-official-km,1,0,C
云南:S239,S239,,97.6,,no-official-km,1,0,C
云南:S240,S240,,78.1,,no-official-km,3,2,C
云南:S241,S241,,68.0,,no-official-km,5,4,C
云南:S25,S25,,51.4,,no-official-km,1,0,C
云南:S257,S257,,84.9,,no-official-km,2,1,C
云南:S26,S26,,127.6,,no-official-km,2,1,C
云南:S263,S263,,80.4,,no-official-km,1,0,C
云南:S268,S268,,250.9,,no-official-km,1,0,C
云南:S27,S27,,271.9,,no-official-km,4,3,C
云南:S270,S270,,90.1,,no-official-km,1,0,C
云南:S2714,S2714,,9.3,,no-official-km,1,0,C
云南:S273,S273,,133.6,,no-official-km,5,4,C
云南:S275,S275,,383.7,,no-official-km,3,2,C
云南:S276,S276,,170.3,,no-official-km,2,1,C
云南:S280,S280,,143.0,,no-official-km,2,1,C
云南:S287,S287,,39.0,,no-official-km,1,0,C
云南:S2912,S2912,,64.1,,no-official-km,1,0,C
云南:S30,S30,,275.1,,no-official-km,3,2,C
云南:S301,S301,,131.7,,no-official-km,9,8,C
云南:S302,S302,,31.2,,no-official-km,2,1,C
云南:S303,S303,,33.1,,no-official-km,1,0,C
云南:S304,S304,,331.5,,no-official-km,2,1,C
云南:S305,S305,,88.9,,no-official-km,4,3,C
云南:S306,S306,,71.9,,no-official-km,2,1,C
云南:S307,S307,,84.9,,no-official-km,5,4,C
云南:S308,S308,180,48.1,73.3,deviation-large,1,0,X
云南:S309,S309,,53.8,,no-official-km,2,1,C
云南:S31,S31,,9.1,,no-official-km,1,0,C
云南:S310,S310,,27.0,,no-official-km,1,0,C
云南:S311,S311,,176.4,,no-official-km,7,6,C
云南:S312,S312,,368.8,,no-official-km,12,11,C
云南:S314,S314,,,,no-geometry,0,0,
云南:S315,S315,,66.9,,no-official-km,4,3,C
云南:S316,S316,,54.9,,no-official-km,1,0,C
云南:S317,S317,,4.1,,no-official-km,1,0,C
云南:S318,S318,,80.3,,no-official-km,1,0,C
云南:S319,S319,,50.7,,no-official-km,3,2,C
云南:S32,S32,,16.5,,no-official-km,1,0,C
云南:S320,S320,,113.4,,no-official-km,2,1,C
云南:S321,S321,,3.2,,no-official-km,2,1,C
云南:S322,S322,,92.6,,no-official-km,4,3,C
云南:S323,S323,,46.1,,no-official-km,1,0,C
云南:S324,S324,,316.4,,no-official-km,7,6,C
云南:S325,S325,,147.7,,no-official-km,2,1,C
云南:S327,S327,,84.1,,no-official-km,1,0,C
云南:S328,S328,,26.5,,no-official-km,2,1,C
云南:S329,S329,,234.3,,no-official-km,1,0,C
云南:S33,S33,,33.6,,no-official-km,2,1,C
云南:S330,S330,,151.3,,no-official-km,1,0,C
云南:S331,S331,,106.5,,no-official-km,2,1,C
云南:S332,S332,,196.9,,no-official-km,2,1,C
云南:S333,S333,,95.6,,no-official-km,3,2,C
云南:S334,S334,,119.1,,no-official-km,6,5,C
云南:S335,S335,,136.2,,no-official-km,1,0,C
云南:S336,S336,,34.7,,no-official-km,1,0,C
云南:S337,S337,,128.1,,no-official-km,1,0,C
云南:S338,S338,,147.8,,no-official-km,1,0,C
云南:S339,S339,,120.5,,no-official-km,2,1,C
云南:S340,S340,,52.2,,no-official-km,4,3,C
云南:S341,S341,,11.2,,no-official-km,2,1,C
云南:S367,S367,,52.6,,no-official-km,2,1,C
云南:S368,S368,,43.9,,no-official-km,1,0,C
云南:S369,S369,,66.8,,no-official-km,1,0,C
云南:S37,S37,,67.1,,no-official-km,2,1,C
云南:S375,S375,,117.3,,no-official-km,2,1,C
云南:S376,S376,,42.1,,no-official-km,1,0,C
云南:S377,S377,,163.1,,no-official-km,4,3,C
云南:S39,S39,,66.8,,no-official-km,1,0,C
云南:S40,S40,,23.8,,no-official-km,1,0,C
云南:S41,S41,,101.5,,no-official-km,2,1,C
云南:S410,S410,,14.0,,no-official-km,1,0,C
云南:S42,S42,,118.8,,no-official-km,3,2,C
云南:S4212,S4212,,4.5,,no-official-km,1,0,C
云南:S43,S43,,57.0,,no-official-km,2,1,C
云南:S436,S436,,10.0,,no-official-km,1,0,C
云南:S438,S438,,31.5,,no-official-km,2,1,C
云南:S44,S44,,0.2,,no-official-km,1,0,C
云南:S444,S444,,4.8,,no-official-km,1,0,C
云南:S45,S45,,378.2,,no-official-km,9,8,C
云南:S460,S460,,11.1,,no-official-km,1,0,C
云南:S461,S461,,14.3,,no-official-km,3,2,C
云南:S463,S463,,35.0,,no-official-km,1,0,C
云南:S464,S464,,5.5,,no-official-km,1,0,C
云南:S466,S466,,1.7,,no-official-km,1,0,C
云南:S467,S467,,4.4,,no-official-km,2,1,C
云南:S468,S468,,21.0,,no-official-km,1,0,C
云南:S47,S47,,325.0,,no-official-km,1,0,C
云南:S470,S470,,10.4,,no-official-km,1,0,C
云南:S471,S471,,22.4,,no-official-km,2,1,C
云南:S4711,S4711,,33.6,,no-official-km,2,1,C
云南:S49,S49,,108.2,,no-official-km,2,1,C
云南:S501,S501,,0.7,,no-official-km,3,2,C
云南:S52,S52,,149.9,,no-official-km,1,0,C
云南:S53,S53,,86.8,,no-official-km,1,0,C
云南:S54,S54,,45.0,,no-official-km,1,0,C
云南:S55,S55,,43.2,,no-official-km,1,0,C
云南:S558,S558,,55.7,,no-official-km,2,1,C
云南:S56,S56,,47.5,,no-official-km,1,0,C
云南:S57,S57,,55.9,,no-official-km,2,1,C
云南:S59,S59,,40.7,,no-official-km,1,0,C
云南:S5910,S5910,,27.9,,no-official-km,1,0,C
云南:S60,S60,,10.5,,no-official-km,1,0,C
云南:S600,S600,,5.5,,no-official-km,1,0,C
云南:S601,S601,,3.1,,no-official-km,1,0,C
云南:S606,S606,,4.1,,no-official-km,1,0,C
云南:S61,S61,,3.7,,no-official-km,1,0,C
云南:S657,S657,,31.4,,no-official-km,1,0,C
云南:S658,S658,,11.3,,no-official-km,1,0,C
云南:S666,S666,,2.9,,no-official-km,1,0,C
云南:S667,S667,,13.6,,no-official-km,1,0,C
云南:S71,S71,,29.2,,no-official-km,1,0,C
云南:S72,S72,,50.5,,no-official-km,3,2,C
云南:S73,S73,,32.9,,no-official-km,1,0,C
云南:S75,S75,,16.6,,no-official-km,1,0,C
云南:S77,S77,,6.3,,no-official-km,1,0,C
云南:S78,S78,,2.4,,no-official-km,1,0,C
云南:S79,S79,,2.6,,no-official-km,1,0,C
云南:S80,S80,,37.7,,no-official-km,1,0,C
云南:S8011,S8011,,22.4,,no-official-km,1,0,C
云南:S90,S90,,588.5,,no-official-km,5,4,C
云南:S91,S91,,29.0,,no-official-km,1,0,C
云南:S92,S92,,14.1,,no-official-km,1,0,C
云南:S93,S93,,11.9,,no-official-km,2,1,C
云南:S95,S95,,9.3,,no-official-km,1,0,C
云南:S96,S96,,20.2,,no-official-km,1,0,C
云南:S97,S97,,7.8,,no-official-km,1,0,C
浙江:S1,S1,,40.8,,no-official-km,1,0,C
浙江:S10,S10,,175.9,,no-official-km,4,3,C
浙江:S101,S101,,15.6,,no-official-km,7,6,C
浙江:S102,S102,,61.2,,no-official-km,4,3,C
浙江:S103,S103,,55.8,,no-official-km,5,4,C
浙江:S104,S104,,7.5,,no-official-km,1,0,C
浙江:S11,S11,,52.4,,no-official-km,2,1,C
浙江:S12,S12,,184.7,,no-official-km,1,0,C
浙江:S13,S13,,53.7,,no-official-km,1,0,C
浙江:S14,S14,,121.0,,no-official-km,1,0,C
浙江:S16,S16,,19.1,,no-official-km,1,0,C
浙江:S17,S17,,10.7,,no-official-km,1,0,C
浙江:S19,S19,,13.5,,no-official-km,2,1,C
浙江:S2,S2,,22.9,,no-official-km,4,3,C
浙江:S20,S20,,39.9,,no-official-km,1,0,C
浙江:S201,S201,,131.9,,no-official-km,15,14,C
浙江:S202,S202,,175.0,,no-official-km,17,16,C
浙江:S203,S203,,53.5,,no-official-km,7,6,C
浙江:S204,S204,,164.3,,no-official-km,24,23,C
浙江:S205,S205,,66.2,,no-official-km,4,3,C
浙江:S206,S206,,145.9,,no-official-km,10,9,C
浙江:S207,S207,,219.2,,no-official-km,18,17,C
浙江:S208,S208,,30.9,,no-official-km,4,3,C
浙江:S209,S209,,239.5,,no-official-km,11,10,C
浙江:S21,S21,,10.2,,no-official-km,1,0,C
浙江:S210,S210,,76.7,,no-official-km,6,5,C
浙江:S211,S211,,102.7,,no-official-km,10,9,C
浙江:S212,S212,,23.2,,no-official-km,8,7,C
浙江:S213,S213,,64.5,,no-official-km,16,15,C
浙江:S214,S214,,268.0,,no-official-km,19,18,C
浙江:S215,S215,,167.7,,no-official-km,9,8,C
浙江:S216,S216,,92.1,,no-official-km,6,5,C
浙江:S217,S217,,244.2,,no-official-km,7,6,C
浙江:S218,S218,,245.7,,no-official-km,14,13,C
浙江:S219,S219,,153.6,,no-official-km,10,9,C
浙江:S22,S22,,25.1,,no-official-km,1,0,C
浙江:S220,S220,,19.6,,no-official-km,3,2,C
浙江:S221,S221,,122.2,,no-official-km,11,10,C
浙江:S222,S222,,4.3,,no-official-km,3,2,C
浙江:S223,S223,,138.9,,no-official-km,5,4,C
浙江:S224,S224,,12.5,,no-official-km,2,1,C
浙江:S225,S225,,80.7,,no-official-km,6,5,C
浙江:S226,S226,,5.3,,no-official-km,1,0,C
浙江:S227,S227,,15.8,,no-official-km,1,0,C
浙江:S229,S229,,2.3,,no-official-km,1,0,C
浙江:S23,S23,,22.6,,no-official-km,1,0,C
浙江:S230,S230,,51.9,,no-official-km,3,2,C
浙江:S231,S231,,11.7,,no-official-km,4,3,C
浙江:S232,S232,,31.4,,no-official-km,4,3,C
浙江:S235,S235,,10.8,,no-official-km,2,1,C
浙江:S239,S239,,4.9,,no-official-km,1,0,C
浙江:S24,S24,,85.0,,no-official-km,2,1,C
浙江:S258,S258,,5.2,,no-official-km,3,2,C
浙江:S26,S26,,282.7,,no-official-km,3,2,C
浙江:S27,S27,,45.9,,no-official-km,1,0,C
浙江:S28,S28,,166.5,,no-official-km,1,0,C
浙江:S29,S29,,86.2,,no-official-km,1,0,C
浙江:S30,S30,,3.9,,no-official-km,1,0,C
浙江:S301,S301,,33.1,,no-official-km,2,1,C
浙江:S302,S302,,129.5,,no-official-km,12,11,C
浙江:S303,S303,,87.5,,no-official-km,11,10,C
浙江:S304,S304,,113.8,,no-official-km,10,9,C
浙江:S305,S305,,115.5,,no-official-km,6,5,C
浙江:S306,S306,,155.2,,no-official-km,10,9,C
浙江:S307,S307,,70.5,,no-official-km,4,3,C
浙江:S308,S308,,54.7,,no-official-km,8,7,C
浙江:S309,S309,,360.6,,no-official-km,15,14,C
浙江:S31,S31,,4.0,,no-official-km,2,1,C
浙江:S310,S310,,301.0,,no-official-km,17,16,C
浙江:S311,S311,,99.5,,no-official-km,7,6,C
浙江:S312,S312,,44.0,,no-official-km,5,4,C
浙江:S313,S313,,59.4,,no-official-km,9,8,C
浙江:S314,S314,,28.8,,no-official-km,4,3,C
浙江:S315,S315,,158.8,,no-official-km,13,12,C
浙江:S316,S316,,47.3,,no-official-km,5,4,C
浙江:S317,S317,,94.7,,no-official-km,4,3,C
浙江:S318,S318,,30.7,,no-official-km,2,1,C
浙江:S319,S319,,29.4,,no-official-km,8,7,C
浙江:S32,S32,,4.1,,no-official-km,1,0,C
浙江:S321,S321,,62.9,,no-official-km,7,6,C
浙江:S322,S322,,44.4,,no-official-km,3,2,C
浙江:S323,S323,,116.1,,no-official-km,6,5,C
浙江:S324,S324,,62.5,,no-official-km,9,8,C
浙江:S325,S325,,29.9,,no-official-km,5,4,C
浙江:S326,S326,,3.0,,no-official-km,1,0,C
浙江:S327,S327,,11.3,,no-official-km,1,0,C
浙江:S328,S328,,70.7,,no-official-km,6,5,C
浙江:S329,S329,,105.9,,no-official-km,4,3,C
浙江:S33,S33,,1.5,,no-official-km,1,0,C
浙江:S330,S330,,36.9,,no-official-km,4,3,C
浙江:S331,S331,,114.1,,no-official-km,8,7,C
浙江:S332,S332,,0.5,,no-official-km,1,0,C
浙江:S333,S333,,4.2,,no-official-km,5,4,C
浙江:S338,S338,,2.9,,no-official-km,1,0,C
浙江:S34,S34,,64.5,,no-official-km,3,2,C
浙江:S346,S346,,24.8,,no-official-km,1,0,C
浙江:S348,S348,,9.5,,no-official-km,1,0,C
浙江:S35,S35,,18.2,,no-official-km,1,0,C
浙江:S36,S36,,39.4,,no-official-km,3,2,C
浙江:S360,S360,,10.9,,no-official-km,1,0,C
浙江:S37,S37,,32.0,,no-official-km,1,0,C
浙江:S38,S38,,13.4,,no-official-km,6,5,C
浙江:S39,S39,,33.6,,no-official-km,1,0,C
浙江:S4,S4,,43.9,,no-official-km,2,1,C
浙江:S40,S40,,27.7,,no-official-km,1,0,C
浙江:S41,S41,,71.6,,no-official-km,4,3,C
浙江:S42,S42,,13.6,,no-official-km,1,0,C
浙江:S43,S43,,55.0,,no-official-km,1,0,C
浙江:S44,S44,,58.2,,no-official-km,6,5,C
浙江:S45,S45,,75.9,,no-official-km,3,2,C
浙江:S458,S458,,6.4,,no-official-km,1,0,C
浙江:S459,S459,,5.5,,no-official-km,2,1,C
浙江:S46,S46,,10.6,,no-official-km,3,2,C
浙江:S467,S467,,19.4,,no-official-km,1,0,C
浙江:S47,S47,,46.6,,no-official-km,1,0,C
浙江:S474,S474,,8.8,,no-official-km,1,0,C
浙江:S48,S48,,7.9,,no-official-km,1,0,C
浙江:S49,S49,,4.8,,no-official-km,1,0,C
浙江:S5,S5,,24.7,,no-official-km,2,1,C
浙江:S50,S50,,75.9,,no-official-km,9,8,C
浙江:S54,S54,,9.5,,no-official-km,2,1,C
浙江:S55,S55,,9.5,,no-official-km,1,0,C
浙江:S57,S57,,50.0,,no-official-km,5,4,C
浙江:S59,S59,,,,no-geometry,0,0,
浙江:S6,S6,,40.4,,no-official-km,2,1,C
浙江:S60,S60,,26.7,,no-official-km,1,0,C
浙江:S7,S7,,15.2,,no-official-km,7,6,C
浙江:S71,S71,,9.6,,no-official-km,2,1,C
浙江:S75,S75,,3.9,,no-official-km,2,1,C
浙江:S78,S78,,0.1,,no-official-km,1,0,C
浙江:S79,S79,,0.8,,no-official-km,1,0,C
浙江:S8,S8,,23.5,,no-official-km,1,0,C
浙江:S81,S81,,9.0,,no-official-km,1,0,C
浙江:S83,S83,,31.7,,no-official-km,4,3,C
浙江:S9,S9,,299.6,,no-official-km,2,1,C
安徽:Y1,Y1,,29.2,,no-official-km,6,5,C
安徽:Y10,Y10,,64.5,,no-official-km,9,8,C
安徽:Y101,Y101,,3.6,,no-official-km,1,0,C
安徽:Y104,Y104,,5.8,,no-official-km,2,1,C
安徽:Y108,Y108,,2.6,,no-official-km,1,0,C
安徽:Y11,Y11,,32.9,,no-official-km,6,5,C
安徽:Y110,Y110,,3.3,,no-official-km,1,0,C
安徽:Y117,Y117,,35.8,,no-official-km,1,0,C
安徽:Y119,Y119,,1.5,,no-official-km,1,0,C
安徽:Y12,Y12,,31.0,,no-official-km,6,5,C
安徽:Y123,Y123,,2.5,,no-official-km,1,0,C
安徽:Y125,Y125,,2.0,,no-official-km,1,0,C
安徽:Y126,Y126,,6.9,,no-official-km,2,1,C
安徽:Y13,Y13,,18.1,,no-official-km,7,6,C
安徽:Y130,Y130,,10.5,,no-official-km,3,2,C
安徽:Y131,Y131,,5.6,,no-official-km,1,0,C
安徽:Y14,Y14,,29.3,,no-official-km,5,4,C
安徽:Y140,Y140,,4.4,,no-official-km,1,0,C
安徽:Y15,Y15,,35.1,,no-official-km,7,6,C
安徽:Y154,Y154,,9.8,,no-official-km,1,0,C
安徽:Y155,Y155,,1.5,,no-official-km,1,0,C
安徽:Y156,Y156,,3.8,,no-official-km,1,0,C
安徽:Y16,Y16,,36.8,,no-official-km,5,4,C
安徽:Y165,Y165,,4.1,,no-official-km,1,0,C
安徽:Y17,Y17,,14.7,,no-official-km,3,2,C
安徽:Y18,Y18,,11.3,,no-official-km,4,3,C
安徽:Y19,Y19,,9.1,,no-official-km,2,1,C
安徽:Y2,Y2,,53.4,,no-official-km,11,10,C
安徽:Y20,Y20,,29.8,,no-official-km,5,4,C
安徽:Y202,Y202,,8.7,,broken-jump,1,0,C
安徽:Y21,Y21,,21.6,,no-official-km,6,5,C
安徽:Y22,Y22,,24.4,,no-official-km,4,3,C
安徽:Y222,Y222,,2.6,,no-official-km,1,0,C
安徽:Y23,Y23,,12.0,,no-official-km,3,2,C
安徽:Y24,Y24,,13.5,,no-official-km,3,2,C
安徽:Y244,Y244,,3.8,,no-official-km,2,1,C
安徽:Y25,Y25,,6.2,,no-official-km,1,0,C
安徽:Y26,Y26,,5.3,,no-official-km,2,1,C
安徽:Y27,Y27,,13.6,,no-official-km,3,2,C
安徽:Y28,Y28,,39.3,,broken-jump,3,2,C
安徽:Y286,Y286,,12.9,,broken-jump,2,1,C
安徽:Y29,Y29,,16.3,,no-official-km,3,2,C
安徽:Y3,Y3,,35.1,,no-official-km,5,4,C
安徽:Y30,Y30,,15.1,,no-official-km,4,3,C
安徽:Y31,Y31,,14.4,,no-official-km,3,2,C
安徽:Y319,Y319,,1.9,,no-official-km,1,0,C
安徽:Y32,Y32,,7.1,,no-official-km,2,1,C
安徽:Y33,Y33,,17.3,,no-official-km,4,3,C
安徽:Y34,Y34,,6.0,,no-official-km,3,2,C
安徽:Y341,Y341,,7.2,,no-official-km,1,0,C
安徽:Y35,Y35,,56.4,,no-official-km,5,4,C
安徽:Y36,Y36,,12.7,,no-official-km,2,1,C
安徽:Y37,Y37,,16.5,,no-official-km,3,2,C
安徽:Y38,Y38,,16.3,,no-official-km,3,2,C
安徽:Y39,Y39,,3.9,,no-official-km,1,0,C
安徽:Y394,Y394,,6.5,,no-official-km,1,0,C
安徽:Y4,Y4,,22.9,,no-official-km,3,2,C
安徽:Y40,Y40,,21.9,,no-official-km,3,2,C
安徽:Y41,Y41,,17.1,,no-official-km,3,2,C
安徽:Y42,Y42,,2.7,,no-official-km,1,0,C
安徽:Y43,Y43,,15.8,,no-official-km,3,2,C
安徽:Y437,Y437,,4.9,,no-official-km,1,0,C
安徽:Y44,Y44,,20.6,,no-official-km,3,2,C
安徽:Y45,Y45,,25.8,,no-official-km,3,2,C
安徽:Y453,Y453,,4.4,,no-official-km,1,0,C
安徽:Y46,Y46,,9.5,,no-official-km,2,1,C
安徽:Y47,Y47,,22.5,,no-official-km,4,3,C
安徽:Y48,Y48,,23.6,,no-official-km,4,3,C
安徽:Y49,Y49,,10.2,,broken-jump,2,1,C
安徽:Y5,Y5,,15.7,,no-official-km,5,4,C
安徽:Y50,Y50,,13.1,,no-official-km,2,1,C
安徽:Y51,Y51,,22.8,,no-official-km,4,3,C
安徽:Y512,Y512,,6.8,,no-official-km,1,0,C
安徽:Y52,Y52,,2.6,,no-official-km,2,1,C
安徽:Y53,Y53,,22.7,,no-official-km,1,0,C
安徽:Y54,Y54,,7.4,,no-official-km,2,1,C
安徽:Y545,Y545,,2.1,,no-official-km,1,0,C
安徽:Y55,Y55,,11.5,,no-official-km,3,2,C
安徽:Y553,Y553,,3.6,,no-official-km,1,0,C
安徽:Y556,Y556,,1.3,,no-official-km,1,0,C
安徽:Y56,Y56,,11.4,,no-official-km,3,2,C
安徽:Y57,Y57,,15.3,,no-official-km,2,1,C
安徽:Y58,Y58,,7.0,,no-official-km,1,0,C
安徽:Y59,Y59,,5.9,,no-official-km,1,0,C
安徽:Y597,Y597,,8.2,,broken-jump,1,0,C
安徽:Y6,Y6,,45.0,,no-official-km,7,6,C
安徽:Y60,Y60,,3.8,,no-official-km,1,0,C
安徽:Y602,Y602,,18.3,,no-official-km,2,1,C
安徽:Y61,Y61,,20.8,,no-official-km,3,2,C
安徽:Y62,Y62,,11.1,,no-official-km,3,2,C
安徽:Y624,Y624,,4.3,,no-official-km,1,0,C
安徽:Y63,Y63,,10.0,,no-official-km,2,1,C
安徽:Y64,Y64,,0.2,,no-official-km,1,0,C
安徽:Y66,Y66,,5.4,,no-official-km,1,0,C
安徽:Y68,Y68,,25.7,,broken-jump,3,2,C
安徽:Y69,Y69,,6.2,,no-official-km,3,2,C
安徽:Y7,Y7,,37.9,,no-official-km,6,5,C
安徽:Y71,Y71,,1.4,,no-official-km,1,0,C
安徽:Y72,Y72,,15.5,,no-official-km,3,2,C
安徽:Y73,Y73,,1.5,,no-official-km,1,0,C
安徽:Y74,Y74,,4.6,,no-official-km,1,0,C
安徽:Y79,Y79,,26.3,,no-official-km,1,0,C
安徽:Y8,Y8,,20.5,,no-official-km,3,2,C
安徽:Y80,Y80,,8.2,,no-official-km,1,0,C
安徽:Y81,Y81,,10.8,,no-official-km,2,1,C
安徽:Y810,Y810,,14.1,,no-official-km,1,0,C
安徽:Y811,Y811,,5.6,,no-official-km,1,0,C
安徽:Y813,Y813,,4.3,,no-official-km,1,0,C
安徽:Y815,Y815,,4.3,,no-official-km,1,0,C
安徽:Y816,Y816,,11.5,,no-official-km,1,0,C
安徽:Y82,Y82,,1.2,,no-official-km,1,0,C
安徽:Y84,Y84,,3.4,,no-official-km,3,2,C
安徽:Y85,Y85,,7.4,,no-official-km,2,1,C
安徽:Y86,Y86,,19.4,,no-official-km,3,2,C
安徽:Y87,Y87,,1.8,,no-official-km,1,0,C
安徽:Y88,Y88,,3.0,,no-official-km,1,0,C
安徽:Y880,Y880,,4.9,,no-official-km,1,0,C
安徽:Y89,Y89,,1.4,,no-official-km,1,0,C
安徽:Y9,Y9,,25.4,,no-official-km,4,3,C
安徽:Y90,Y90,,3.9,,no-official-km,1,0,C
安徽:Y901,Y901,,1.9,,no-official-km,1,0,C
安徽:Y91,Y91,,7.8,,no-official-km,2,1,C
安徽:Y92,Y92,,3.8,,no-official-km,1,0,C
安徽:Y93,Y93,,3.6,,no-official-km,1,0,C
安徽:Y94,Y94,,2.9,,no-official-km,2,1,C
安徽:Y95,Y95,,6.3,,no-official-km,3,2,C
安徽:Y96,Y96,,8.9,,no-official-km,3,2,C
安徽:Y98,Y98,,2.1,,no-official-km,1,0,C
安徽:Y99,Y99,,5.0,,no-official-km,1,0,C
北京:Y1,Y1,,4.7,,no-official-km,1,0,C
北京:Y101,Y101,,2.1,,no-official-km,1,0,C
北京:Y102,Y102,,1.1,,no-official-km,1,0,C
北京:Y103,Y103,,3.3,,no-official-km,1,0,C
北京:Y104,Y104,,2.7,,no-official-km,1,0,C
北京:Y105,Y105,,2.1,,no-official-km,1,0,C
北京:Y107,Y107,,3.4,,no-official-km,1,0,C
北京:Y112,Y112,,8.8,,no-official-km,2,1,C
北京:Y113,Y113,,1.2,,no-official-km,1,0,C
北京:Y121,Y121,,1.1,,no-official-km,1,0,C
北京:Y123,Y123,,1.8,,no-official-km,1,0,C
北京:Y127,Y127,,6.1,,no-official-km,1,0,C
北京:Y151,Y151,,3.4,,no-official-km,1,0,C
北京:Y153,Y153,,1.9,,no-official-km,1,0,C
北京:Y156,Y156,,9.8,,no-official-km,1,0,C
北京:Y158,Y158,,5.8,,no-official-km,1,0,C
北京:Y165,Y165,,3.4,,no-official-km,1,0,C
北京:Y166,Y166,,3.0,,no-official-km,1,0,C
北京:Y168,Y168,,4.8,,no-official-km,1,0,C
北京:Y169,Y169,,2.2,,no-official-km,1,0,C
北京:Y172,Y172,,0.9,,no-official-km,1,0,C
北京:Y174,Y174,,2.1,,no-official-km,1,0,C
北京:Y202,Y202,,5.8,,no-official-km,1,0,C
北京:Y206,Y206,,6.9,,no-official-km,2,1,C
北京:Y207,Y207,,5.1,,no-official-km,2,1,C
北京:Y208,Y208,,13.8,,no-official-km,1,0,C
北京:Y209,Y209,,3.2,,no-official-km,2,1,C
北京:Y21,Y21,,5.0,,no-official-km,3,2,C
北京:Y214,Y214,,13.2,,no-official-km,4,3,C
北京:Y215,Y215,,4.0,,no-official-km,1,0,C
北京:Y222,Y222,,4.9,,no-official-km,1,0,C
北京:Y232,Y232,,2.8,,no-official-km,1,0,C
北京:Y235,Y235,,3.3,,no-official-km,1,0,C
北京:Y244,Y244,,0.2,,no-official-km,1,0,C
北京:Y251,Y251,,14.0,,no-official-km,1,0,C
北京:Y253,Y253,,8.8,,no-official-km,1,0,C
北京:Y255,Y255,,3.8,,no-official-km,1,0,C
北京:Y256,Y256,,3.8,,no-official-km,1,0,C
北京:Y257,Y257,,12.0,,no-official-km,1,0,C
北京:Y258,Y258,,4.8,,no-official-km,2,1,C
北京:Y259,Y259,,4.4,,no-official-km,1,0,C
北京:Y265,Y265,,5.3,,no-official-km,1,0,C
北京:Y272,Y272,,1.4,,no-official-km,1,0,C
北京:Y275,Y275,,10.5,,no-official-km,1,0,C
北京:Y298,Y298,,4.0,,no-official-km,1,0,C
北京:Y3,Y3,,11.5,,no-official-km,2,1,C
北京:Y301,Y301,,5.6,,no-official-km,2,1,C
北京:Y303,Y303,,2.8,,no-official-km,1,0,C
北京:Y304,Y304,,3.7,,no-official-km,1,0,C
北京:Y31,Y31,,8.8,,no-official-km,1,0,C
北京:Y32,Y32,,1.3,,no-official-km,1,0,C
北京:Y323,Y323,,2.1,,no-official-km,1,0,C
北京:Y33,Y33,,2.5,,no-official-km,1,0,C
北京:Y330,Y330,,2.3,,no-official-km,1,0,C
北京:Y335,Y335,,1.3,,no-official-km,1,0,C
北京:Y357,Y357,,3.9,,no-official-km,1,0,C
北京:Y359,Y359,,2.3,,no-official-km,1,0,C
北京:Y363,Y363,,4.1,,no-official-km,1,0,C
北京:Y369,Y369,,1.6,,no-official-km,2,1,C
北京:Y4,Y4,,1.5,,no-official-km,1,0,C
北京:Y402,Y402,,4.4,,no-official-km,1,0,C
北京:Y405,Y405,,3.3,,no-official-km,1,0,C
北京:Y412,Y412,,1.3,,no-official-km,1,0,C
北京:Y414,Y414,,8.6,,no-official-km,2,1,C
北京:Y417,Y417,,3.0,,no-official-km,1,0,C
北京:Y430,Y430,,1.3,,no-official-km,1,0,C
北京:Y447,Y447,,4.0,,no-official-km,1,0,C
北京:Y454,Y454,,3.8,,no-official-km,1,0,C
北京:Y458,Y458,,2.3,,no-official-km,1,0,C
北京:Y465,Y465,,8.0,,no-official-km,2,1,C
北京:Y467,Y467,,1.7,,no-official-km,1,0,C
北京:Y471,Y471,,2.1,,no-official-km,1,0,C
北京:Y493,Y493,,7.3,,broken-jump,1,0,C
北京:Y5,Y5,,0.7,,no-official-km,1,0,C
北京:Y502,Y502,,1.6,,no-official-km,1,0,C
北京:Y516,Y516,,3.0,,no-official-km,1,0,C
北京:Y517,Y517,,3.2,,no-official-km,1,0,C
北京:Y52,Y52,,25.0,,no-official-km,2,1,C
北京:Y523,Y523,,29.9,,no-official-km,2,1,C
北京:Y539,Y539,,1.0,,no-official-km,1,0,C
北京:Y551,Y551,,5.1,,no-official-km,2,1,C
北京:Y552,Y552,,4.1,,no-official-km,1,0,C
北京:Y554,Y554,,1.9,,no-official-km,1,0,C
北京:Y557,Y557,,3.3,,no-official-km,2,1,C
北京:Y560,Y560,,2.8,,no-official-km,1,0,C
北京:Y561,Y561,,2.1,,no-official-km,1,0,C
北京:Y562,Y562,,1.4,,no-official-km,1,0,C
北京:Y563,Y563,,1.3,,no-official-km,1,0,C
北京:Y567,Y567,,1.9,,no-official-km,1,0,C
北京:Y57,Y57,,5.0,,no-official-km,1,0,C
北京:Y6,Y6,,26.9,,no-official-km,1,0,C
北京:Y602,Y602,,1.1,,no-official-km,1,0,C
北京:Y603,Y603,,5.3,,no-official-km,3,2,C
北京:Y604,Y604,,1.2,,no-official-km,1,0,C
北京:Y606,Y606,,9.0,,no-official-km,3,2,C
北京:Y608,Y608,,0.5,,no-official-km,1,0,C
北京:Y61,Y61,,9.7,,no-official-km,1,0,C
北京:Y610,Y610,,11.9,,no-official-km,1,0,C
北京:Y623,Y623,,2.2,,no-official-km,1,0,C
北京:Y626,Y626,,4.4,,no-official-km,1,0,C
北京:Y627,Y627,,1.1,,no-official-km,1,0,C
北京:Y628,Y628,,1.8,,no-official-km,1,0,C
北京:Y64,Y64,,2.3,,no-official-km,1,0,C
北京:Y652,Y652,,5.7,,no-official-km,1,0,C
北京:Y653,Y653,,5.2,,no-official-km,3,2,C
北京:Y657,Y657,,6.6,,no-official-km,1,0,C
北京:Y658,Y658,,4.9,,no-official-km,1,0,C
北京:Y701,Y701,,2.4,,no-official-km,1,0,C
北京:Y702,Y702,,4.1,,no-official-km,1,0,C
北京:Y704,Y704,,3.3,,no-official-km,1,0,C
北京:Y705,Y705,,4.8,,no-official-km,2,1,C
北京:Y706,Y706,,16.6,,no-official-km,3,2,C
北京:Y707,Y707,,2.2,,no-official-km,1,0,C
北京:Y708,Y708,,3.4,,no-official-km,1,0,C
北京:Y709,Y709,,22.7,,no-official-km,1,0,C
北京:Y712,Y712,,2.4,,no-official-km,1,0,C
北京:Y716,Y716,,1.3,,no-official-km,1,0,C
北京:Y75,Y75,,3.5,,no-official-km,1,0,C
北京:Y752,Y752,,3.6,,no-official-km,1,0,C
北京:Y753,Y753,,3.9,,no-official-km,1,0,C
北京:Y758,Y758,,2.0,,no-official-km,1,0,C
北京:Y762,Y762,,1.1,,no-official-km,1,0,C
北京:Y776,Y776,,0.9,,no-official-km,1,0,C
北京:Y8,Y8,,11.3,,no-official-km,2,1,C
北京:Y801,Y801,,3.7,,no-official-km,1,0,C
北京:Y802,Y802,,4.2,,no-official-km,1,0,C
北京:Y803,Y803,,3.5,,no-official-km,1,0,C
北京:Y805,Y805,,2.8,,no-official-km,1,0,C
北京:Y806,Y806,,6.2,,no-official-km,2,1,C
北京:Y807,Y807,,3.4,,no-official-km,2,1,C
北京:Y808,Y808,,2.7,,no-official-km,1,0,C
北京:Y809,Y809,,1.8,,no-official-km,1,0,C
北京:Y811,Y811,,0.4,,no-official-km,1,0,C
北京:Y812,Y812,,3.5,,no-official-km,2,1,C
北京:Y814,Y814,,4.7,,no-official-km,2,1,C
北京:Y82,Y82,,7.2,,no-official-km,1,0,C
北京:Y853,Y853,,3.2,,no-official-km,1,0,C
北京:Y854,Y854,,2.5,,no-official-km,1,0,C
北京:Y856,Y856,,2.2,,no-official-km,1,0,C
北京:Y865,Y865,,7.6,,broken-jump,1,0,C
北京:Y867,Y867,,2.5,,no-official-km,1,0,C
北京:Y904,Y904,,0.5,,no-official-km,1,0,C
北京:Y951,Y951,,4.4,,no-official-km,1,0,C
北京:Y952,Y952,,1.6,,no-official-km,1,0,C
北京:Y960,Y960,,3.7,,no-official-km,1,0,C
北京:Y967,Y967,,1.1,,no-official-km,1,0,C
北京:Y984,Y984,,4.2,,no-official-km,1,0,C
北京:Y985,Y985,,1.3,,no-official-km,1,0,C
北京:Y989,Y989,,5.0,,no-official-km,1,0,C
重庆:Y10,Y10,,8.4,,no-official-km,1,0,C
重庆:Y11,Y11,,20.6,,no-official-km,3,2,C
重庆:Y116,Y116,,4.9,,no-official-km,1,0,C
重庆:Y119,Y119,,20.3,,no-official-km,2,1,C
重庆:Y12,Y12,,27.1,,no-official-km,3,2,C
重庆:Y120,Y120,,8.4,,no-official-km,1,0,C
重庆:Y121,Y121,,2.7,,no-official-km,1,0,C
重庆:Y122,Y122,,5.2,,no-official-km,1,0,C
重庆:Y123,Y123,,4.0,,no-official-km,1,0,C
重庆:Y128,Y128,,7.6,,no-official-km,3,2,C
重庆:Y129,Y129,,13.9,,no-official-km,1,0,C
重庆:Y13,Y13,,55.7,,no-official-km,4,3,C
重庆:Y137,Y137,,7.1,,no-official-km,1,0,C
重庆:Y14,Y14,,15.2,,no-official-km,2,1,C
重庆:Y144,Y144,,3.3,,no-official-km,3,2,C
重庆:Y145,Y145,,11.8,,no-official-km,1,0,C
重庆:Y15,Y15,,11.9,,no-official-km,3,2,C
重庆:Y150,Y150,,5.2,,no-official-km,2,1,C
重庆:Y151,Y151,,5.7,,no-official-km,1,0,C
重庆:Y156,Y156,,5.2,,no-official-km,1,0,C
重庆:Y157,Y157,,6.9,,no-official-km,1,0,C
重庆:Y16,Y16,,2.0,,no-official-km,1,0,C
重庆:Y164,Y164,,1.5,,no-official-km,1,0,C
重庆:Y18,Y18,,11.4,,no-official-km,2,1,C
重庆:Y19,Y19,,16.4,,no-official-km,2,1,C
重庆:Y2,Y2,,15.9,,no-official-km,2,1,C
重庆:Y20,Y20,,2.8,,no-official-km,1,0,C
重庆:Y203,Y203,,4.1,,no-official-km,3,2,C
重庆:Y205,Y205,,6.2,,no-official-km,1,0,C
重庆:Y21,Y21,,9.7,,no-official-km,3,2,C
重庆:Y22,Y22,,5.7,,no-official-km,2,1,C
重庆:Y220,Y220,,5.7,,no-official-km,1,0,C
重庆:Y227,Y227,,6.1,,no-official-km,1,0,C
重庆:Y228,Y228,,4.1,,no-official-km,1,0,C
重庆:Y229,Y229,,5.4,,no-official-km,1,0,C
重庆:Y231,Y231,,3.3,,no-official-km,1,0,C
重庆:Y24,Y24,,19.2,,no-official-km,3,2,C
重庆:Y248,Y248,,4.5,,no-official-km,1,0,C
重庆:Y249,Y249,,3.2,,no-official-km,1,0,C
重庆:Y25,Y25,,10.8,,no-official-km,2,1,C
重庆:Y250,Y250,,6.4,,no-official-km,1,0,C
重庆:Y251,Y251,,5.0,,no-official-km,1,0,C
重庆:Y256,Y256,,2.2,,no-official-km,1,0,C
重庆:Y26,Y26,,3.9,,no-official-km,1,0,C
重庆:Y27,Y27,,13.9,,no-official-km,1,0,C
重庆:Y3,Y3,,14.9,,no-official-km,2,1,C
重庆:Y30,Y30,,1.8,,no-official-km,1,0,C
重庆:Y303,Y303,,4.5,,no-official-km,1,0,C
重庆:Y31,Y31,,0.9,,no-official-km,1,0,C
重庆:Y310,Y310,,7.7,,no-official-km,1,0,C
重庆:Y323,Y323,,7.4,,no-official-km,1,0,C
重庆:Y33,Y33,,9.7,,no-official-km,1,0,C
重庆:Y34,Y34,,19.4,,no-official-km,1,0,C
重庆:Y35,Y35,,15.0,,no-official-km,2,1,C
重庆:Y38,Y38,,1.7,,no-official-km,1,0,C
重庆:Y39,Y39,,15.9,,no-official-km,2,1,C
重庆:Y4,Y4,,15.3,,no-official-km,2,1,C
重庆:Y401,Y401,,1.5,,no-official-km,1,0,C
重庆:Y41,Y41,,28.9,,no-official-km,1,0,C
重庆:Y415,Y415,,1.2,,no-official-km,1,0,C
重庆:Y419,Y419,,4.7,,no-official-km,1,0,C
重庆:Y47,Y47,,34.4,,broken-jump,1,0,C
重庆:Y48,Y48,,9.5,,no-official-km,1,0,C
重庆:Y5,Y5,,4.2,,no-official-km,3,2,C
重庆:Y507,Y507,,4.8,,no-official-km,1,0,C
重庆:Y514,Y514,,9.5,,no-official-km,1,0,C
重庆:Y591,Y591,,12.1,,no-official-km,1,0,C
重庆:Y6,Y6,,24.1,,no-official-km,3,2,C
重庆:Y607,Y607,,1.1,,no-official-km,1,0,C
重庆:Y608,Y608,,3.5,,no-official-km,1,0,C
重庆:Y609,Y609,,5.1,,no-official-km,1,0,C
重庆:Y617,Y617,,3.4,,no-official-km,1,0,C
重庆:Y66,Y66,,22.5,,no-official-km,1,0,C
重庆:Y67,Y67,,8.1,,no-official-km,2,1,C
重庆:Y69,Y69,,5.5,,no-official-km,1,0,C
重庆:Y7,Y7,,11.5,,no-official-km,2,1,C
重庆:Y77,Y77,,3.2,,no-official-km,1,0,C
重庆:Y8,Y8,,23.6,,no-official-km,2,1,C
重庆:Y805,Y805,,7.0,,no-official-km,2,1,C
重庆:Y9,Y9,,22.1,,no-official-km,2,1,C
重庆:Y97,Y97,,9.3,,no-official-km,1,0,C
重庆:Y990,Y990,,12.7,,no-official-km,4,3,C
福建:Y10,Y10,,4.7,,no-official-km,1,0,C
福建:Y109,Y109,,9.5,,no-official-km,2,1,C
福建:Y11,Y11,,5.6,,no-official-km,1,0,C
福建:Y110,Y110,,0.2,,no-official-km,1,0,C
福建:Y112,Y112,,1.7,,no-official-km,1,0,C
福建:Y114,Y114,,0.3,,no-official-km,1,0,C
福建:Y117,Y117,,1.1,,no-official-km,1,0,C
福建:Y12,Y12,,6.0,,no-official-km,2,1,C
福建:Y122,Y122,,1.8,,no-official-km,2,1,C
福建:Y125,Y125,,2.8,,no-official-km,2,1,C
福建:Y129,Y129,,6.0,,no-official-km,1,0,C
福建:Y13,Y13,,10.7,,no-official-km,3,2,C
福建:Y131,Y131,,2.1,,no-official-km,1,0,C
福建:Y135,Y135,,3.5,,no-official-km,2,1,C
福建:Y136,Y136,,1.4,,no-official-km,1,0,C
福建:Y141,Y141,,2.8,,no-official-km,1,0,C
福建:Y142,Y142,,4.3,,no-official-km,2,1,C
福建:Y143,Y143,,0.8,,no-official-km,1,0,C
福建:Y144,Y144,,4.3,,no-official-km,2,1,C
福建:Y146,Y146,,1.9,,no-official-km,1,0,C
福建:Y150,Y150,,0.5,,no-official-km,1,0,C
福建:Y151,Y151,,5.9,,no-official-km,1,0,C
福建:Y152,Y152,,4.7,,no-official-km,1,0,C
福建:Y153,Y153,,9.2,,no-official-km,2,1,C
福建:Y155,Y155,,2.1,,no-official-km,1,0,C
福建:Y157,Y157,,1.3,,no-official-km,1,0,C
福建:Y167,Y167,,2.7,,no-official-km,1,0,C
福建:Y17,Y17,,21.1,,no-official-km,3,2,C
福建:Y172,Y172,,0.2,,no-official-km,1,0,C
福建:Y192,Y192,,1.7,,no-official-km,1,0,C
福建:Y2,Y2,,3.0,,no-official-km,1,0,C
福建:Y203,Y203,,2.4,,no-official-km,1,0,C
福建:Y210,Y210,,4.8,,no-official-km,2,1,C
福建:Y213,Y213,,1.7,,no-official-km,1,0,C
福建:Y224,Y224,,9.8,,no-official-km,1,0,C
福建:Y227,Y227,,3.6,,no-official-km,1,0,C
福建:Y23,Y23,,3.4,,no-official-km,3,2,C
福建:Y230,Y230,,2.0,,no-official-km,1,0,C
福建:Y232,Y232,,8.5,,no-official-km,1,0,C
福建:Y234,Y234,,11.5,,no-official-km,3,2,C
福建:Y24,Y24,,2.4,,no-official-km,1,0,C
福建:Y250,Y250,,3.2,,no-official-km,2,1,C
福建:Y251,Y251,,16.1,,no-official-km,1,0,C
福建:Y252,Y252,,7.5,,no-official-km,1,0,C
福建:Y29,Y29,,11.7,,no-official-km,1,0,C
福建:Y297,Y297,,6.0,,no-official-km,2,1,C
福建:Y299,Y299,,1.0,,no-official-km,1,0,C
福建:Y3,Y3,,7.6,,no-official-km,2,1,C
福建:Y30,Y30,,7.9,,no-official-km,1,0,C
福建:Y305,Y305,,1.5,,no-official-km,1,0,C
福建:Y32,Y32,,0.8,,no-official-km,1,0,C
福建:Y322,Y322,,1.3,,no-official-km,2,1,C
福建:Y35,Y35,,2.1,,no-official-km,1,0,C
福建:Y36,Y36,,2.9,,no-official-km,1,0,C
福建:Y4,Y4,,3.7,,no-official-km,1,0,C
福建:Y42,Y42,,9.4,,no-official-km,1,0,C
福建:Y424,Y424,,4.0,,no-official-km,2,1,C
福建:Y425,Y425,,1.7,,no-official-km,1,0,C
福建:Y428,Y428,,6.4,,no-official-km,1,0,C
福建:Y43,Y43,,10.9,,no-official-km,1,0,C
福建:Y46,Y46,,5.5,,no-official-km,1,0,C
福建:Y5,Y5,,6.2,,no-official-km,2,1,C
福建:Y523,Y523,,4.8,,no-official-km,1,0,C
福建:Y53,Y53,,2.8,,no-official-km,1,0,C
福建:Y554,Y554,,17.0,,no-official-km,2,1,C
福建:Y556,Y556,,1.7,,no-official-km,1,0,C
福建:Y568,Y568,,2.3,,no-official-km,1,0,C
福建:Y59,Y59,,14.6,,no-official-km,1,0,C
福建:Y60,Y60,,19.9,,no-official-km,1,0,C
福建:Y61,Y61,,12.6,,no-official-km,1,0,C
福建:Y612,Y612,,0.8,,no-official-km,1,0,C
福建:Y613,Y613,,14.5,,no-official-km,1,0,C
福建:Y614,Y614,,7.8,,no-official-km,1,0,C
福建:Y615,Y615,,5.5,,no-official-km,1,0,C
福建:Y618,Y618,,3.8,,no-official-km,2,1,C
福建:Y63,Y63,,3.4,,no-official-km,1,0,C
福建:Y635,Y635,,16.5,,no-official-km,1,0,C
福建:Y636,Y636,,17.7,,no-official-km,1,0,C
福建:Y637,Y637,,13.4,,no-official-km,1,0,C
福建:Y638,Y638,,4.4,,no-official-km,1,0,C
福建:Y640,Y640,,7.7,,no-official-km,1,0,C
福建:Y657,Y657,,17.1,,no-official-km,1,0,C
福建:Y659,Y659,,11.0,,no-official-km,1,0,C
福建:Y660,Y660,,5.8,,no-official-km,1,0,C
福建:Y662,Y662,,16.5,,no-official-km,1,0,C
福建:Y70,Y70,,8.1,,no-official-km,1,0,C
福建:Y71,Y71,,3.3,,no-official-km,1,0,C
福建:Y712,Y712,,1.0,,no-official-km,1,0,C
福建:Y713,Y713,,7.6,,no-official-km,2,1,C
福建:Y717,Y717,,1.7,,no-official-km,1,0,C
福建:Y74,Y74,,2.3,,no-official-km,1,0,C
福建:Y8,Y8,,3.3,,no-official-km,1,0,C
福建:Y801,Y801,,17.2,,no-official-km,1,0,C
福建:Y803,Y803,,11.8,,no-official-km,1,0,C
福建:Y82,Y82,,0.9,,no-official-km,1,0,C
福建:Y859,Y859,,4.5,,no-official-km,2,1,C
福建:Y866,Y866,,10.3,,no-official-km,1,0,C
福建:Y9,Y9,,21.2,,no-official-km,2,1,C
福建:Y98,Y98,,1.8,,no-official-km,1,0,C
甘肃:Y10,Y10,,5.0,,no-official-km,1,0,C
甘肃:Y108,Y108,,15.3,,no-official-km,1,0,C
甘肃:Y12,Y12,,18.4,,no-official-km,1,0,C
甘肃:Y128,Y128,,19.5,,no-official-km,2,1,C
甘肃:Y137,Y137,,12.9,,no-official-km,1,0,C
甘肃:Y161,Y161,,22.5,,no-official-km,1,0,C
甘肃:Y163,Y163,,4.2,,no-official-km,1,0,C
甘肃:Y174,Y174,,6.8,,no-official-km,1,0,C
甘肃:Y181,Y181,,6.1,,no-official-km,1,0,C
甘肃:Y184,Y184,,9.4,,no-official-km,1,0,C
甘肃:Y189,Y189,,21.7,,no-official-km,1,0,C
甘肃:Y190,Y190,,13.7,,no-official-km,1,0,C
甘肃:Y2,Y2,,7.3,,no-official-km,1,0,C
甘肃:Y201,Y201,,21.4,,no-official-km,2,1,C
甘肃:Y202,Y202,,15.3,,no-official-km,1,0,C
甘肃:Y203,Y203,,24.7,,no-official-km,1,0,C
甘肃:Y214,Y214,,7.4,,no-official-km,1,0,C
甘肃:Y232,Y232,,18.0,,no-official-km,1,0,C
甘肃:Y235,Y235,,19.9,,no-official-km,1,0,C
甘肃:Y254,Y254,,14.4,,no-official-km,2,1,C
甘肃:Y258,Y258,,9.9,,no-official-km,1,0,C
甘肃:Y260,Y260,,0.7,,no-official-km,1,0,C
甘肃:Y269,Y269,,4.6,,no-official-km,1,0,C
甘肃:Y271,Y271,,4.3,,no-official-km,1,0,C
甘肃:Y278,Y278,,12.4,,no-official-km,1,0,C
甘肃:Y279,Y279,,4.8,,no-official-km,1,0,C
甘肃:Y29,Y29,,11.3,,no-official-km,1,0,C
甘肃:Y295,Y295,,14.8,,no-official-km,1,0,C
甘肃:Y301,Y301,,11.5,,broken-jump,1,0,C
甘肃:Y321,Y321,,8.0,,no-official-km,1,0,C
甘肃:Y326,Y326,,17.1,,no-official-km,1,0,C
甘肃:Y331,Y331,,5.9,,no-official-km,1,0,C
甘肃:Y359,Y359,,10.1,,no-official-km,1,0,C
甘肃:Y39,Y39,,10.4,,no-official-km,1,0,C
甘肃:Y393,Y393,,10.1,,no-official-km,1,0,C
甘肃:Y4,Y4,,4.2,,no-official-km,1,0,C
甘肃:Y420,Y420,,72.1,,no-official-km,1,0,C
甘肃:Y43,Y43,,5.2,,no-official-km,1,0,C
甘肃:Y461,Y461,,18.5,,no-official-km,1,0,C
甘肃:Y466,Y466,,35.7,,no-official-km,1,0,C
甘肃:Y469,Y469,,39.1,,no-official-km,1,0,C
甘肃:Y472,Y472,,19.2,,no-official-km,1,0,C
甘肃:Y476,Y476,,18.3,,no-official-km,1,0,C
甘肃:Y480,Y480,,44.8,,no-official-km,1,0,C
甘肃:Y486,Y486,,4.4,,no-official-km,1,0,C
甘肃:Y490,Y490,,52.7,,no-official-km,1,0,C
甘肃:Y492,Y492,,8.3,,no-official-km,1,0,C
甘肃:Y5,Y5,,18.0,,no-official-km,1,0,C
甘肃:Y501,Y501,,11.7,,no-official-km,1,0,C
甘肃:Y502,Y502,,36.3,,no-official-km,2,1,C
甘肃:Y503,Y503,,13.3,,no-official-km,1,0,C
甘肃:Y522,Y522,,14.6,,no-official-km,1,0,C
甘肃:Y525,Y525,,6.6,,no-official-km,1,0,C
甘肃:Y528,Y528,,5.3,,no-official-km,1,0,C
甘肃:Y553,Y553,,10.5,,no-official-km,1,0,C
甘肃:Y581,Y581,,2.9,,no-official-km,1,0,C
甘肃:Y599,Y599,,10.4,,no-official-km,1,0,C
甘肃:Y6,Y6,,18.1,,no-official-km,1,0,C
甘肃:Y631,Y631,,9.6,,no-official-km,1,0,C
甘肃:Y645,Y645,,1.6,,no-official-km,1,0,C
甘肃:Y654,Y654,,18.3,,no-official-km,1,0,C
甘肃:Y660,Y660,,10.6,,no-official-km,1,0,C
甘肃:Y661,Y661,,13.6,,no-official-km,1,0,C
甘肃:Y667,Y667,,8.2,,no-official-km,1,0,C
甘肃:Y671,Y671,,1.7,,no-official-km,1,0,C
甘肃:Y678,Y678,,2.0,,no-official-km,1,0,C
甘肃:Y682,Y682,,20.4,,no-official-km,1,0,C
甘肃:Y70,Y70,,15.1,,no-official-km,1,0,C
甘肃:Y735,Y735,,10.3,,no-official-km,1,0,C
甘肃:Y737,Y737,,18.4,,no-official-km,1,0,C
甘肃:Y744,Y744,,23.4,,no-official-km,1,0,C
甘肃:Y748,Y748,,25.5,,no-official-km,2,1,C
甘肃:Y8,Y8,,37.7,,no-official-km,2,1,C
甘肃:Y877,Y877,,9.3,,no-official-km,1,0,C
甘肃:Y9,Y9,,38.3,,no-official-km,2,1,C
甘肃:Y93,Y93,,1.2,,no-official-km,1,0,C
广东:Y1,Y1,,29.2,,no-official-km,6,5,C
广东:Y10,Y10,,6.9,,no-official-km,3,2,C
广东:Y100,Y100,,9.7,,no-official-km,1,0,C
广东:Y101,Y101,,52.4,,no-official-km,11,10,C
广东:Y102,Y102,,62.7,,no-official-km,11,10,C
广东:Y103,Y103,,23.5,,no-official-km,13,12,C
广东:Y104,Y104,,17.1,,no-official-km,7,6,C
广东:Y105,Y105,,58.7,,no-official-km,15,14,C
广东:Y106,Y106,,85.8,,no-official-km,16,15,C
广东:Y107,Y107,,41.0,,no-official-km,11,10,C
广东:Y108,Y108,,49.4,,no-official-km,14,13,C
广东:Y109,Y109,,56.6,,no-official-km,14,13,C
广东:Y11,Y11,,14.5,,no-official-km,6,5,C
广东:Y110,Y110,,33.9,,no-official-km,12,11,C
广东:Y111,Y111,,31.1,,no-official-km,10,9,C
广东:Y112,Y112,,25.4,,no-official-km,6,5,C
广东:Y113,Y113,,42.4,,no-official-km,11,10,C
广东:Y114,Y114,,20.8,,no-official-km,8,7,C
广东:Y115,Y115,,52.1,,no-official-km,15,14,C
广东:Y116,Y116,,39.4,,no-official-km,11,10,C
广东:Y117,Y117,,23.2,,no-official-km,10,9,C
广东:Y118,Y118,,30.8,,no-official-km,8,7,C
广东:Y119,Y119,,23.3,,no-official-km,9,8,C
广东:Y12,Y12,,12.8,,no-official-km,7,6,C
广东:Y120,Y120,,41.8,,no-official-km,12,11,C
广东:Y121,Y121,,56.9,,no-official-km,11,10,C
广东:Y122,Y122,,43.2,,no-official-km,10,9,C
广东:Y123,Y123,,41.5,,no-official-km,13,12,C
广东:Y124,Y124,,20.9,,no-official-km,10,9,C
广东:Y125,Y125,,30.0,,no-official-km,12,11,C
广东:Y126,Y126,,45.6,,no-official-km,13,12,C
广东:Y127,Y127,,29.4,,no-official-km,10,9,C
广东:Y128,Y128,,50.6,,no-official-km,11,10,C
广东:Y129,Y129,,37.2,,no-official-km,11,10,C
广东:Y13,Y13,,26.4,,no-official-km,6,5,C
广东:Y130,Y130,,26.5,,no-official-km,10,9,C
广东:Y131,Y131,,17.7,,no-official-km,7,6,C
广东:Y132,Y132,,24.6,,no-official-km,12,11,C
广东:Y133,Y133,,29.5,,no-official-km,8,7,C
广东:Y134,Y134,,57.3,,no-official-km,15,14,C
广东:Y135,Y135,,24.9,,no-official-km,10,9,C
广东:Y136,Y136,,44.9,,no-official-km,8,7,C
广东:Y137,Y137,,27.5,,no-official-km,9,8,C
广东:Y138,Y138,,33.1,,no-official-km,9,8,C
广东:Y139,Y139,,22.7,,no-official-km,9,8,C
广东:Y14,Y14,,10.6,,no-official-km,4,3,C
广东:Y140,Y140,,22.5,,no-official-km,13,12,C
广东:Y141,Y141,,17.2,,no-official-km,7,6,C
广东:Y142,Y142,,43.0,,no-official-km,11,10,C
广东:Y143,Y143,,37.4,,no-official-km,15,14,C
广东:Y144,Y144,,17.6,,no-official-km,5,4,C
广东:Y145,Y145,,14.5,,no-official-km,6,5,C
广东:Y146,Y146,,25.2,,no-official-km,6,5,C
广东:Y147,Y147,,21.9,,no-official-km,13,12,C
广东:Y148,Y148,,32.4,,no-official-km,10,9,C
广东:Y149,Y149,,16.0,,no-official-km,10,9,C
广东:Y15,Y15,,15.7,,no-official-km,6,5,C
广东:Y150,Y150,,18.1,,no-official-km,4,3,C
广东:Y151,Y151,,56.1,,no-official-km,15,14,C
广东:Y152,Y152,,31.7,,no-official-km,8,7,C
广东:Y153,Y153,,20.5,,no-official-km,9,8,C
广东:Y154,Y154,,12.1,,no-official-km,7,6,C
广东:Y155,Y155,,28.8,,no-official-km,8,7,C
广东:Y156,Y156,,38.8,,no-official-km,12,11,C
广东:Y157,Y157,,23.4,,no-official-km,8,7,C
广东:Y158,Y158,,15.7,,no-official-km,9,8,C
广东:Y159,Y159,,23.7,,no-official-km,7,6,C
广东:Y16,Y16,,1.2,,no-official-km,1,0,C
广东:Y160,Y160,,31.4,,no-official-km,5,4,C
广东:Y161,Y161,,41.0,,no-official-km,12,11,C
广东:Y162,Y162,,28.2,,no-official-km,9,8,C
广东:Y163,Y163,,24.0,,no-official-km,10,9,C
广东:Y164,Y164,,15.9,,no-official-km,6,5,C
广东:Y165,Y165,,18.6,,no-official-km,9,8,C
广东:Y166,Y166,,30.2,,no-official-km,12,11,C
广东:Y167,Y167,,28.3,,no-official-km,9,8,C
广东:Y168,Y168,,21.0,,no-official-km,10,9,C
广东:Y169,Y169,,28.1,,no-official-km,10,9,C
广东:Y17,Y17,,39.5,,no-official-km,4,3,C
广东:Y170,Y170,,25.1,,no-official-km,11,10,C
广东:Y171,Y171,,41.1,,no-official-km,10,9,C
广东:Y172,Y172,,22.8,,no-official-km,10,9,C
广东:Y173,Y173,,31.5,,no-official-km,8,7,C
广东:Y174,Y174,,22.8,,no-official-km,8,7,C
广东:Y175,Y175,,17.6,,no-official-km,8,7,C
广东:Y176,Y176,,44.4,,no-official-km,10,9,C
广东:Y177,Y177,,29.8,,no-official-km,9,8,C
广东:Y178,Y178,,24.6,,no-official-km,9,8,C
广东:Y179,Y179,,41.5,,no-official-km,8,7,C
广东:Y18,Y18,,9.8,,no-official-km,3,2,C
广东:Y180,Y180,,44.7,,no-official-km,9,8,C
广东:Y181,Y181,,16.5,,no-official-km,7,6,C
广东:Y182,Y182,,27.5,,no-official-km,10,9,C
广东:Y183,Y183,,43.1,,no-official-km,10,9,C
广东:Y184,Y184,,21.0,,no-official-km,8,7,C
广东:Y185,Y185,,31.8,,no-official-km,11,10,C
广东:Y186,Y186,,31.9,,no-official-km,9,8,C
广东:Y187,Y187,,19.2,,no-official-km,6,5,C
广东:Y188,Y188,,22.3,,no-official-km,10,9,C
广东:Y189,Y189,,23.3,,no-official-km,3,2,C
广东:Y19,Y19,,7.8,,no-official-km,3,2,C
广东:Y190,Y190,,9.6,,no-official-km,4,3,C
广东:Y191,Y191,,18.9,,no-official-km,5,4,C
广东:Y192,Y192,,12.0,,no-official-km,6,5,C
广东:Y193,Y193,,18.5,,no-official-km,7,6,C
广东:Y194,Y194,,26.9,,no-official-km,9,8,C
广东:Y195,Y195,,39.9,,no-official-km,10,9,C
广东:Y196,Y196,,11.5,,no-official-km,4,3,C
广东:Y197,Y197,,7.2,,no-official-km,3,2,C
广东:Y198,Y198,,12.0,,no-official-km,5,4,C
广东:Y199,Y199,,51.4,,no-official-km,7,6,C
广东:Y2,Y2,,38.9,,no-official-km,8,7,C
广东:Y20,Y20,,6.7,,no-official-km,4,3,C
广东:Y200,Y200,,37.9,,no-official-km,10,9,C
广东:Y201,Y201,,45.4,,no-official-km,9,8,C
广东:Y202,Y202,,27.1,,no-official-km,8,7,C
广东:Y203,Y203,,27.0,,no-official-km,10,9,C
广东:Y204,Y204,,9.7,,no-official-km,8,7,C
广东:Y205,Y205,,20.9,,no-official-km,11,10,C
广东:Y206,Y206,,23.0,,no-official-km,7,6,C
广东:Y207,Y207,,32.6,,no-official-km,11,10,C
广东:Y208,Y208,,28.4,,no-official-km,10,9,C
广东:Y209,Y209,,31.6,,no-official-km,8,7,C
广东:Y21,Y21,,4.8,,no-official-km,2,1,C
广东:Y210,Y210,,18.9,,no-official-km,9,8,C
广东:Y211,Y211,,53.4,,no-official-km,15,14,C
广东:Y212,Y212,,30.1,,no-official-km,8,7,C
广东:Y213,Y213,,36.4,,no-official-km,11,10,C
广东:Y214,Y214,,27.0,,no-official-km,10,9,C
广东:Y215,Y215,,21.7,,no-official-km,6,5,C
广东:Y216,Y216,,10.3,,no-official-km,5,4,C
广东:Y217,Y217,,12.4,,no-official-km,5,4,C
广东:Y218,Y218,,21.4,,no-official-km,8,7,C
广东:Y219,Y219,,21.7,,no-official-km,8,7,C
广东:Y22,Y22,,5.4,,no-official-km,3,2,C
广东:Y220,Y220,,19.2,,no-official-km,9,8,C
广东:Y221,Y221,,12.7,,no-official-km,5,4,C
广东:Y222,Y222,,49.4,,no-official-km,10,9,C
广东:Y223,Y223,,29.0,,no-official-km,10,9,C
广东:Y224,Y224,,29.7,,no-official-km,8,7,C
广东:Y225,Y225,,14.2,,no-official-km,5,4,C
广东:Y226,Y226,,18.6,,no-official-km,5,4,C
广东:Y227,Y227,,20.1,,no-official-km,7,6,C
广东:Y228,Y228,,14.7,,no-official-km,7,6,C
广东:Y229,Y229,,12.7,,no-official-km,5,4,C
广东:Y23,Y23,,7.5,,no-official-km,3,2,C
广东:Y230,Y230,,12.1,,no-official-km,5,4,C
广东:Y231,Y231,,19.0,,no-official-km,6,5,C
广东:Y232,Y232,,26.8,,no-official-km,5,4,C
广东:Y233,Y233,,26.2,,no-official-km,7,6,C
广东:Y234,Y234,,24.6,,no-official-km,6,5,C
广东:Y235,Y235,,14.8,,no-official-km,7,6,C
广东:Y236,Y236,,16.7,,no-official-km,7,6,C
广东:Y237,Y237,,20.7,,no-official-km,5,4,C
广东:Y238,Y238,,12.5,,no-official-km,8,7,C
广东:Y239,Y239,,9.0,,no-official-km,5,4,C
广东:Y24,Y24,,10.0,,no-official-km,2,1,C
广东:Y240,Y240,,20.0,,no-official-km,10,9,C
广东:Y241,Y241,,33.1,,no-official-km,8,7,C
广东:Y242,Y242,,42.4,,no-official-km,11,10,C
广东:Y243,Y243,,24.5,,no-official-km,7,6,C
广东:Y244,Y244,,28.5,,no-official-km,10,9,C
广东:Y245,Y245,,28.7,,no-official-km,10,9,C
广东:Y246,Y246,,21.5,,no-official-km,10,9,C
广东:Y247,Y247,,22.5,,no-official-km,8,7,C
广东:Y248,Y248,,19.7,,no-official-km,8,7,C
广东:Y249,Y249,,30.7,,no-official-km,7,6,C
广东:Y25,Y25,,1.9,,no-official-km,2,1,C
广东:Y250,Y250,,26.6,,no-official-km,9,8,C
广东:Y251,Y251,,61.5,,no-official-km,13,12,C
广东:Y252,Y252,,35.0,,no-official-km,10,9,C
广东:Y253,Y253,,35.4,,no-official-km,9,8,C
广东:Y254,Y254,,30.6,,no-official-km,8,7,C
广东:Y255,Y255,,21.3,,no-official-km,9,8,C
广东:Y256,Y256,,22.6,,no-official-km,10,9,C
广东:Y257,Y257,,22.8,,no-official-km,7,6,C
广东:Y258,Y258,,6.5,,no-official-km,2,1,C
广东:Y259,Y259,,22.9,,no-official-km,9,8,C
广东:Y260,Y260,,24.4,,no-official-km,10,9,C
广东:Y261,Y261,,14.3,,no-official-km,7,6,C
广东:Y262,Y262,,30.0,,no-official-km,6,5,C
广东:Y263,Y263,,20.5,,no-official-km,7,6,C
广东:Y264,Y264,,26.5,,no-official-km,9,8,C
广东:Y265,Y265,,9.6,,no-official-km,5,4,C
广东:Y266,Y266,,21.0,,no-official-km,8,7,C
广东:Y267,Y267,,20.7,,no-official-km,6,5,C
广东:Y268,Y268,,21.8,,no-official-km,8,7,C
广东:Y269,Y269,,15.3,,no-official-km,7,6,C
广东:Y27,Y27,,8.2,,no-official-km,2,1,C
广东:Y270,Y270,,18.4,,no-official-km,12,11,C
广东:Y271,Y271,,5.7,,no-official-km,5,4,C
广东:Y272,Y272,,23.8,,no-official-km,6,5,C
广东:Y273,Y273,,26.8,,no-official-km,10,9,C
广东:Y274,Y274,,22.6,,no-official-km,9,8,C
广东:Y275,Y275,,19.8,,no-official-km,9,8,C
广东:Y276,Y276,,13.2,,no-official-km,6,5,C
广东:Y277,Y277,,19.0,,no-official-km,6,5,C
广东:Y278,Y278,,7.1,,no-official-km,4,3,C
广东:Y279,Y279,,6.4,,no-official-km,5,4,C
广东:Y28,Y28,,15.2,,no-official-km,2,1,C
广东:Y280,Y280,,13.7,,no-official-km,5,4,C
广东:Y281,Y281,,31.2,,no-official-km,6,5,C
广东:Y282,Y282,,11.8,,no-official-km,6,5,C
广东:Y283,Y283,,20.6,,no-official-km,8,7,C
广东:Y284,Y284,,22.3,,no-official-km,9,8,C
广东:Y285,Y285,,19.4,,no-official-km,7,6,C
广东:Y286,Y286,,18.6,,no-official-km,7,6,C
广东:Y287,Y287,,5.0,,no-official-km,6,5,C
广东:Y288,Y288,,24.4,,no-official-km,6,5,C
广东:Y289,Y289,,20.9,,no-official-km,6,5,C
广东:Y29,Y29,,1.0,,no-official-km,1,0,C
广东:Y290,Y290,,19.3,,no-official-km,6,5,C
广东:Y291,Y291,,14.9,,no-official-km,5,4,C
广东:Y292,Y292,,19.7,,no-official-km,7,6,C
广东:Y293,Y293,,18.3,,no-official-km,5,4,C
广东:Y294,Y294,,11.3,,no-official-km,5,4,C
广东:Y295,Y295,,14.0,,no-official-km,6,5,C
广东:Y296,Y296,,11.6,,no-official-km,5,4,C
广东:Y297,Y297,,19.3,,broken-jump,6,5,C
广东:Y298,Y298,,23.9,,no-official-km,8,7,C
广东:Y299,Y299,,7.4,,no-official-km,6,5,C
广东:Y3,Y3,,30.6,,no-official-km,7,6,C
广东:Y30,Y30,,7.5,,no-official-km,2,1,C
广东:Y300,Y300,,24.9,,no-official-km,7,6,C
广东:Y301,Y301,,29.1,,no-official-km,11,10,C
广东:Y302,Y302,,28.4,,no-official-km,9,8,C
广东:Y303,Y303,,16.9,,no-official-km,9,8,C
广东:Y304,Y304,,21.5,,no-official-km,7,6,C
广东:Y305,Y305,,11.2,,no-official-km,6,5,C
广东:Y306,Y306,,21.9,,no-official-km,9,8,C
广东:Y307,Y307,,24.2,,no-official-km,7,6,C
广东:Y308,Y308,,48.5,,no-official-km,6,5,C
广东:Y309,Y309,,18.3,,no-official-km,7,6,C
广东:Y31,Y31,,6.8,,no-official-km,3,2,C
广东:Y310,Y310,,16.6,,no-official-km,6,5,C
广东:Y311,Y311,,12.2,,no-official-km,5,4,C
广东:Y312,Y312,,20.2,,no-official-km,8,7,C
广东:Y313,Y313,,9.4,,no-official-km,4,3,C
广东:Y314,Y314,,16.1,,no-official-km,9,8,C
广东:Y315,Y315,,15.2,,no-official-km,8,7,C
广东:Y316,Y316,,22.1,,no-official-km,7,6,C
广东:Y317,Y317,,5.3,,no-official-km,3,2,C
广东:Y318,Y318,,27.2,,no-official-km,8,7,C
广东:Y319,Y319,,10.5,,no-official-km,4,3,C
广东:Y32,Y32,,15.0,,no-official-km,4,3,C
广东:Y320,Y320,,28.3,,no-official-km,6,5,C
广东:Y321,Y321,,23.3,,no-official-km,6,5,C
广东:Y322,Y322,,27.5,,no-official-km,6,5,C
广东:Y323,Y323,,13.8,,no-official-km,6,5,C
广东:Y324,Y324,,16.3,,no-official-km,7,6,C
广东:Y325,Y325,,10.5,,no-official-km,5,4,C
广东:Y326,Y326,,10.9,,no-official-km,5,4,C
广东:Y327,Y327,,7.3,,no-official-km,5,4,C
广东:Y328,Y328,,37.2,,no-official-km,6,5,C
广东:Y329,Y329,,28.9,,no-official-km,6,5,C
广东:Y33,Y33,,6.6,,no-official-km,3,2,C
广东:Y330,Y330,,6.8,,no-official-km,4,3,C
广东:Y331,Y331,,10.8,,no-official-km,3,2,C
广东:Y332,Y332,,12.9,,no-official-km,5,4,C
广东:Y333,Y333,,7.2,,no-official-km,4,3,C
广东:Y334,Y334,,10.1,,no-official-km,6,5,C
广东:Y335,Y335,,5.6,,no-official-km,2,1,C
广东:Y336,Y336,,12.3,,no-official-km,3,2,C
广东:Y337,Y337,,9.3,,no-official-km,4,3,C
广东:Y338,Y338,,16.8,,no-official-km,4,3,C
广东:Y339,Y339,,41.1,,no-official-km,11,10,C
广东:Y34,Y34,,6.2,,no-official-km,2,1,C
广东:Y340,Y340,,12.2,,no-official-km,5,4,C
广东:Y341,Y341,,13.0,,no-official-km,3,2,C
广东:Y342,Y342,,17.1,,no-official-km,7,6,C
广东:Y343,Y343,,10.4,,no-official-km,3,2,C
广东:Y344,Y344,,28.0,,no-official-km,7,6,C
广东:Y345,Y345,,13.1,,no-official-km,4,3,C
广东:Y346,Y346,,21.4,,no-official-km,5,4,C
广东:Y347,Y347,,24.9,,no-official-km,7,6,C
广东:Y348,Y348,,22.7,,no-official-km,6,5,C
广东:Y349,Y349,,42.7,,no-official-km,6,5,C
广东:Y35,Y35,,4.4,,no-official-km,4,3,C
广东:Y350,Y350,,2.1,,no-official-km,2,1,C
广东:Y351,Y351,,35.4,,no-official-km,9,8,C
广东:Y352,Y352,,11.6,,no-official-km,5,4,C
广东:Y353,Y353,,10.9,,no-official-km,5,4,C
广东:Y354,Y354,,11.2,,no-official-km,4,3,C
广东:Y355,Y355,,7.6,,no-official-km,3,2,C
广东:Y356,Y356,,8.5,,no-official-km,4,3,C
广东:Y357,Y357,,13.6,,no-official-km,5,4,C
广东:Y358,Y358,,16.4,,no-official-km,6,5,C
广东:Y359,Y359,,8.9,,no-official-km,5,4,C
广东:Y36,Y36,,4.1,,no-official-km,2,1,C
广东:Y360,Y360,,23.8,,no-official-km,8,7,C
广东:Y361,Y361,,20.7,,no-official-km,6,5,C
广东:Y362,Y362,,22.0,,no-official-km,5,4,C
广东:Y363,Y363,,6.8,,no-official-km,3,2,C
广东:Y364,Y364,,10.0,,no-official-km,4,3,C
广东:Y365,Y365,,9.6,,no-official-km,4,3,C
广东:Y366,Y366,,13.9,,no-official-km,7,6,C
广东:Y367,Y367,,13.9,,no-official-km,6,5,C
广东:Y368,Y368,,15.4,,no-official-km,4,3,C
广东:Y369,Y369,,2.0,,no-official-km,1,0,C
广东:Y37,Y37,,17.4,,no-official-km,5,4,C
广东:Y370,Y370,,36.3,,no-official-km,3,2,C
广东:Y371,Y371,,13.0,,no-official-km,5,4,C
广东:Y372,Y372,,6.4,,no-official-km,3,2,C
广东:Y373,Y373,,10.3,,no-official-km,2,1,C
广东:Y374,Y374,,4.3,,no-official-km,3,2,C
广东:Y375,Y375,,4.9,,no-official-km,2,1,C
广东:Y376,Y376,,10.3,,no-official-km,3,2,C
广东:Y377,Y377,,23.8,,no-official-km,5,4,C
广东:Y378,Y378,,6.8,,no-official-km,2,1,C
广东:Y379,Y379,,0.8,,no-official-km,2,1,C
广东:Y38,Y38,,5.6,,no-official-km,3,2,C
广东:Y380,Y380,,5.4,,no-official-km,2,1,C
广东:Y381,Y381,,15.6,,no-official-km,6,5,C
广东:Y382,Y382,,8.0,,no-official-km,2,1,C
广东:Y383,Y383,,34.0,,no-official-km,7,6,C
广东:Y384,Y384,,10.9,,no-official-km,2,1,C
广东:Y385,Y385,,9.0,,no-official-km,5,4,C
广东:Y386,Y386,,18.3,,no-official-km,7,6,C
广东:Y387,Y387,,9.8,,no-official-km,4,3,C
广东:Y388,Y388,,29.0,,no-official-km,4,3,C
广东:Y389,Y389,,12.4,,no-official-km,5,4,C
广东:Y39,Y39,,3.3,,no-official-km,1,0,C
广东:Y390,Y390,,6.5,,no-official-km,3,2,C
广东:Y391,Y391,,6.0,,no-official-km,4,3,C
广东:Y392,Y392,,14.6,,no-official-km,3,2,C
广东:Y393,Y393,,17.2,,no-official-km,4,3,C
广东:Y394,Y394,,4.3,,no-official-km,2,1,C
广东:Y395,Y395,,13.6,,no-official-km,5,4,C
广东:Y396,Y396,,1.4,,no-official-km,2,1,C
广东:Y397,Y397,,4.7,,no-official-km,2,1,C
广东:Y398,Y398,,9.0,,no-official-km,2,1,C
广东:Y399,Y399,,10.4,,no-official-km,4,3,C
广东:Y4,Y4,,48.1,,no-official-km,4,3,C
广东:Y40,Y40,,3.6,,no-official-km,2,1,C
广东:Y400,Y400,,6.8,,no-official-km,2,1,C
广东:Y401,Y401,,1.3,,no-official-km,1,0,C
广东:Y402,Y402,,1.8,,no-official-km,1,0,C
广东:Y403,Y403,,11.7,,no-official-km,3,2,C
广东:Y404,Y404,,15.5,,no-official-km,4,3,C
广东:Y405,Y405,,9.5,,no-official-km,4,3,C
广东:Y406,Y406,,3.7,,no-official-km,1,0,C
广东:Y407,Y407,,20.7,,no-official-km,4,3,C
广东:Y408,Y408,,16.4,,no-official-km,5,4,C
广东:Y409,Y409,,9.1,,no-official-km,4,3,C
广东:Y41,Y41,,21.4,,no-official-km,5,4,C
广东:Y410,Y410,,9.4,,no-official-km,6,5,C
广东:Y411,Y411,,12.1,,no-official-km,3,2,C
广东:Y412,Y412,,20.3,,no-official-km,3,2,C
广东:Y413,Y413,,2.4,,no-official-km,2,1,C
广东:Y414,Y414,,5.0,,no-official-km,2,1,C
广东:Y415,Y415,,2.2,,no-official-km,1,0,C
广东:Y416,Y416,,8.8,,no-official-km,3,2,C
广东:Y417,Y417,,17.5,,no-official-km,4,3,C
广东:Y418,Y418,,18.7,,no-official-km,4,3,C
广东:Y419,Y419,,15.5,,no-official-km,3,2,C
广东:Y42,Y42,,1.0,,no-official-km,1,0,C
广东:Y420,Y420,,9.0,,no-official-km,2,1,C
广东:Y421,Y421,,15.1,,no-official-km,6,5,C
广东:Y422,Y422,,2.0,,no-official-km,1,0,C
广东:Y423,Y423,,4.6,,no-official-km,2,1,C
广东:Y424,Y424,,13.8,,no-official-km,4,3,C
广东:Y425,Y425,,17.6,,no-official-km,4,3,C
广东:Y426,Y426,,1.9,,no-official-km,2,1,C
广东:Y427,Y427,,28.9,,no-official-km,7,6,C
广东:Y428,Y428,,17.3,,no-official-km,2,1,C
广东:Y429,Y429,,5.6,,no-official-km,2,1,C
广东:Y43,Y43,,1.2,,no-official-km,2,1,C
广东:Y431,Y431,,1.1,,no-official-km,1,0,C
广东:Y432,Y432,,4.9,,no-official-km,2,1,C
广东:Y433,Y433,,3.2,,no-official-km,3,2,C
广东:Y434,Y434,,4.1,,no-official-km,2,1,C
广东:Y435,Y435,,10.7,,no-official-km,2,1,C
广东:Y436,Y436,,6.1,,no-official-km,4,3,C
广东:Y437,Y437,,4.2,,no-official-km,2,1,C
广东:Y438,Y438,,5.8,,no-official-km,2,1,C
广东:Y439,Y439,,1.8,,no-official-km,1,0,C
广东:Y440,Y440,,1.2,,no-official-km,1,0,C
广东:Y441,Y441,,6.3,,no-official-km,3,2,C
广东:Y442,Y442,,6.2,,no-official-km,4,3,C
广东:Y443,Y443,,9.4,,no-official-km,4,3,C
广东:Y444,Y444,,1.2,,no-official-km,1,0,C
广东:Y445,Y445,,6.4,,no-official-km,1,0,C
广东:Y447,Y447,,9.0,,no-official-km,5,4,C
广东:Y448,Y448,,6.3,,no-official-km,3,2,C
广东:Y449,Y449,,2.7,,no-official-km,2,1,C
广东:Y450,Y450,,22.9,,no-official-km,5,4,C
广东:Y451,Y451,,7.4,,no-official-km,2,1,C
广东:Y452,Y452,,3.8,,no-official-km,1,0,C
广东:Y453,Y453,,16.0,,no-official-km,3,2,C
广东:Y454,Y454,,17.4,,no-official-km,5,4,C
广东:Y455,Y455,,20.2,,no-official-km,4,3,C
广东:Y456,Y456,,7.2,,no-official-km,2,1,C
广东:Y457,Y457,,14.2,,no-official-km,3,2,C
广东:Y458,Y458,,18.4,,no-official-km,3,2,C
广东:Y459,Y459,,22.7,,no-official-km,7,6,C
广东:Y460,Y460,,20.9,,no-official-km,4,3,C
广东:Y461,Y461,,31.8,,no-official-km,5,4,C
广东:Y462,Y462,,13.8,,no-official-km,3,2,C
广东:Y463,Y463,,17.6,,no-official-km,4,3,C
广东:Y464,Y464,,23.9,,no-official-km,5,4,C
广东:Y465,Y465,,16.2,,no-official-km,4,3,C
广东:Y466,Y466,,18.7,,no-official-km,3,2,C
广东:Y467,Y467,,33.9,,no-official-km,5,4,C
广东:Y468,Y468,,29.1,,no-official-km,6,5,C
广东:Y469,Y469,,6.8,,no-official-km,3,2,C
广东:Y470,Y470,,16.6,,no-official-km,4,3,C
广东:Y471,Y471,,19.0,,no-official-km,5,4,C
广东:Y472,Y472,,20.9,,no-official-km,2,1,C
广东:Y473,Y473,,35.4,,no-official-km,3,2,C
广东:Y474,Y474,,6.7,,no-official-km,2,1,C
广东:Y475,Y475,,20.7,,no-official-km,6,5,C
广东:Y476,Y476,,9.1,,no-official-km,5,4,C
广东:Y477,Y477,,32.2,,no-official-km,5,4,C
广东:Y478,Y478,,17.1,,no-official-km,3,2,C
广东:Y479,Y479,,4.1,,no-official-km,1,0,C
广东:Y480,Y480,,11.9,,no-official-km,4,3,C
广东:Y481,Y481,,5.9,,no-official-km,2,1,C
广东:Y482,Y482,,13.4,,no-official-km,2,1,C
广东:Y483,Y483,,12.4,,no-official-km,3,2,C
广东:Y484,Y484,,23.5,,no-official-km,3,2,C
广东:Y485,Y485,,4.4,,no-official-km,3,2,C
广东:Y486,Y486,,20.0,,no-official-km,5,4,C
广东:Y487,Y487,,19.9,,no-official-km,7,6,C
广东:Y488,Y488,,12.8,,no-official-km,2,1,C
广东:Y489,Y489,,13.1,,no-official-km,5,4,C
广东:Y490,Y490,,11.6,,no-official-km,3,2,C
广东:Y491,Y491,,11.6,,no-official-km,4,3,C
广东:Y492,Y492,,7.0,,no-official-km,2,1,C
广东:Y493,Y493,,3.5,,no-official-km,3,2,C
广东:Y494,Y494,,15.4,,no-official-km,6,5,C
广东:Y495,Y495,,17.9,,no-official-km,4,3,C
广东:Y496,Y496,,32.0,,no-official-km,5,4,C
广东:Y497,Y497,,6.9,,no-official-km,1,0,C
广东:Y498,Y498,,8.5,,no-official-km,1,0,C
广东:Y499,Y499,,3.3,,no-official-km,2,1,C
广东:Y5,Y5,,25.4,,no-official-km,9,8,C
广东:Y50,Y50,,2.5,,no-official-km,2,1,C
广东:Y500,Y500,,60.6,,no-official-km,4,3,C
广东:Y501,Y501,,7.5,,no-official-km,3,2,C
广东:Y502,Y502,,32.4,,no-official-km,8,7,C
广东:Y503,Y503,,38.8,,no-official-km,8,7,C
广东:Y504,Y504,,38.2,,no-official-km,7,6,C
广东:Y505,Y505,,27.8,,no-official-km,7,6,C
广东:Y506,Y506,,17.3,,no-official-km,5,4,C
广东:Y507,Y507,,36.1,,no-official-km,8,7,C
广东:Y508,Y508,,19.7,,no-official-km,3,2,C
广东:Y509,Y509,,22.6,,no-official-km,5,4,C
广东:Y51,Y51,,18.5,,no-official-km,3,2,C
广东:Y510,Y510,,41.4,,no-official-km,8,7,C
广东:Y511,Y511,,20.6,,no-official-km,4,3,C
广东:Y512,Y512,,30.1,,no-official-km,6,5,C
广东:Y513,Y513,,36.4,,no-official-km,9,8,C
广东:Y514,Y514,,31.2,,no-official-km,5,4,C
广东:Y515,Y515,,28.5,,no-official-km,5,4,C
广东:Y516,Y516,,23.4,,no-official-km,4,3,C
广东:Y517,Y517,,26.8,,no-official-km,6,5,C
广东:Y518,Y518,,39.3,,no-official-km,7,6,C
广东:Y519,Y519,,24.3,,no-official-km,7,6,C
广东:Y52,Y52,,9.2,,no-official-km,2,1,C
广东:Y520,Y520,,23.2,,no-official-km,4,3,C
广东:Y521,Y521,,13.9,,no-official-km,4,3,C
广东:Y522,Y522,,48.8,,no-official-km,5,4,C
广东:Y523,Y523,,14.7,,no-official-km,5,4,C
广东:Y524,Y524,,21.2,,no-official-km,6,5,C
广东:Y525,Y525,,25.4,,no-official-km,6,5,C
广东:Y526,Y526,,36.6,,no-official-km,7,6,C
广东:Y527,Y527,,18.2,,no-official-km,5,4,C
广东:Y528,Y528,,44.9,,no-official-km,4,3,C
广东:Y529,Y529,,4.9,,no-official-km,4,3,C
广东:Y53,Y53,,4.2,,no-official-km,2,1,C
广东:Y530,Y530,,21.4,,no-official-km,5,4,C
广东:Y531,Y531,,9.5,,no-official-km,5,4,C
广东:Y532,Y532,,28.5,,no-official-km,6,5,C
广东:Y533,Y533,,23.2,,no-official-km,8,7,C
广东:Y534,Y534,,21.7,,no-official-km,5,4,C
广东:Y535,Y535,,15.9,,no-official-km,5,4,C
广东:Y536,Y536,,46.1,,no-official-km,6,5,C
广东:Y537,Y537,,27.7,,no-official-km,5,4,C
广东:Y538,Y538,,14.6,,no-official-km,4,3,C
广东:Y539,Y539,,37.1,,no-official-km,6,5,C
广东:Y540,Y540,,36.1,,no-official-km,5,4,C
广东:Y541,Y541,,18.4,,no-official-km,3,2,C
广东:Y542,Y542,,20.0,,no-official-km,6,5,C
广东:Y543,Y543,,15.2,,no-official-km,6,5,C
广东:Y544,Y544,,13.1,,no-official-km,4,3,C
广东:Y545,Y545,,10.9,,no-official-km,4,3,C
广东:Y546,Y546,,9.9,,no-official-km,1,0,C
广东:Y547,Y547,,21.2,,no-official-km,5,4,C
广东:Y548,Y548,,23.1,,no-official-km,5,4,C
广东:Y549,Y549,,32.8,,no-official-km,7,6,C
广东:Y550,Y550,,6.9,,no-official-km,2,1,C
广东:Y551,Y551,,18.3,,no-official-km,4,3,C
广东:Y552,Y552,,17.5,,no-official-km,2,1,C
广东:Y553,Y553,,35.1,,no-official-km,5,4,C
广东:Y554,Y554,,19.8,,no-official-km,4,3,C
广东:Y555,Y555,,26.7,,no-official-km,5,4,C
广东:Y556,Y556,,28.2,,no-official-km,4,3,C
广东:Y557,Y557,,6.0,,no-official-km,3,2,C
广东:Y558,Y558,,11.1,,no-official-km,2,1,C
广东:Y559,Y559,,20.2,,no-official-km,4,3,C
广东:Y560,Y560,,16.4,,no-official-km,2,1,C
广东:Y561,Y561,,12.1,,no-official-km,3,2,C
广东:Y562,Y562,,15.2,,no-official-km,3,2,C
广东:Y563,Y563,,31.2,,no-official-km,4,3,C
广东:Y564,Y564,,4.6,,no-official-km,1,0,C
广东:Y565,Y565,,33.9,,no-official-km,5,4,C
广东:Y566,Y566,,7.2,,no-official-km,3,2,C
广东:Y567,Y567,,6.8,,no-official-km,3,2,C
广东:Y568,Y568,,19.5,,no-official-km,4,3,C
广东:Y569,Y569,,38.2,,no-official-km,4,3,C
广东:Y570,Y570,,19.1,,no-official-km,3,2,C
广东:Y571,Y571,,12.6,,no-official-km,3,2,C
广东:Y572,Y572,,21.8,,no-official-km,5,4,C
广东:Y573,Y573,,6.6,,no-official-km,2,1,C
广东:Y574,Y574,,14.4,,no-official-km,4,3,C
广东:Y575,Y575,,13.7,,no-official-km,3,2,C
广东:Y576,Y576,,8.5,,no-official-km,3,2,C
广东:Y577,Y577,,8.1,,no-official-km,1,0,C
广东:Y578,Y578,,18.8,,no-official-km,4,3,C
广东:Y579,Y579,,12.1,,no-official-km,3,2,C
广东:Y580,Y580,,10.5,,no-official-km,4,3,C
广东:Y581,Y581,,5.2,,no-official-km,2,1,C
广东:Y582,Y582,,7.5,,no-official-km,2,1,C
广东:Y583,Y583,,19.3,,no-official-km,3,2,C
广东:Y584,Y584,,4.9,,no-official-km,3,2,C
广东:Y585,Y585,,14.2,,no-official-km,3,2,C
广东:Y586,Y586,,10.0,,no-official-km,2,1,C
广东:Y587,Y587,,27.9,,no-official-km,5,4,C
广东:Y588,Y588,,19.9,,no-official-km,6,5,C
广东:Y589,Y589,,12.2,,no-official-km,2,1,C
广东:Y59,Y59,,0.5,,no-official-km,1,0,C
广东:Y590,Y590,,27.6,,no-official-km,4,3,C
广东:Y591,Y591,,4.9,,no-official-km,2,1,C
广东:Y592,Y592,,16.8,,no-official-km,4,3,C
广东:Y593,Y593,,10.3,,no-official-km,3,2,C
广东:Y594,Y594,,18.7,,no-official-km,4,3,C
广东:Y595,Y595,,18.0,,no-official-km,4,3,C
广东:Y596,Y596,,9.3,,no-official-km,3,2,C
广东:Y597,Y597,,8.4,,no-official-km,2,1,C
广东:Y598,Y598,,9.4,,no-official-km,3,2,C
广东:Y599,Y599,,6.1,,no-official-km,1,0,C
广东:Y6,Y6,,10.6,,no-official-km,3,2,C
广东:Y600,Y600,,6.2,,no-official-km,1,0,C
广东:Y601,Y601,,31.8,,no-official-km,4,3,C
广东:Y602,Y602,,12.6,,no-official-km,2,1,C
广东:Y603,Y603,,16.5,,no-official-km,3,2,C
广东:Y604,Y604,,11.8,,no-official-km,4,3,C
广东:Y605,Y605,,6.6,,no-official-km,2,1,C
广东:Y606,Y606,,21.4,,no-official-km,4,3,C
广东:Y607,Y607,,9.7,,no-official-km,4,3,C
广东:Y608,Y608,,29.9,,no-official-km,5,4,C
广东:Y609,Y609,,21.8,,no-official-km,3,2,C
广东:Y61,Y61,,4.7,,no-official-km,2,1,C
广东:Y610,Y610,,19.9,,no-official-km,4,3,C
广东:Y611,Y611,,21.7,,no-official-km,4,3,C
广东:Y6112,Y6112,,19.0,,no-official-km,1,0,C
广东:Y612,Y612,,8.7,,no-official-km,4,3,C
广东:Y613,Y613,,25.7,,no-official-km,3,2,C
广东:Y614,Y614,,12.3,,no-official-km,4,3,C
广东:Y615,Y615,,27.3,,no-official-km,4,3,C
广东:Y616,Y616,,18.4,,no-official-km,6,5,C
广东:Y617,Y617,,35.5,,no-official-km,6,5,C
广东:Y618,Y618,,4.0,,no-official-km,2,1,C
广东:Y619,Y619,,26.7,,no-official-km,4,3,C
广东:Y620,Y620,,14.7,,no-official-km,2,1,C
广东:Y621,Y621,,14.7,,no-official-km,3,2,C
广东:Y622,Y622,,17.0,,no-official-km,4,3,C
广东:Y623,Y623,,20.6,,no-official-km,4,3,C
广东:Y624,Y624,,27.6,,no-official-km,5,4,C
广东:Y625,Y625,,8.5,,no-official-km,2,1,C
广东:Y626,Y626,,55.5,,no-official-km,6,5,C
广东:Y627,Y627,,22.3,,no-official-km,5,4,C
广东:Y628,Y628,,3.5,,no-official-km,2,1,C
广东:Y629,Y629,,11.4,,no-official-km,6,5,C
广东:Y63,Y63,,1.4,,no-official-km,1,0,C
广东:Y630,Y630,,8.1,,no-official-km,2,1,C
广东:Y631,Y631,,15.3,,no-official-km,3,2,C
广东:Y632,Y632,,28.7,,no-official-km,7,6,C
广东:Y633,Y633,,20.1,,no-official-km,3,2,C
广东:Y634,Y634,,4.4,,no-official-km,1,0,C
广东:Y635,Y635,,29.0,,no-official-km,4,3,C
广东:Y636,Y636,,11.9,,no-official-km,2,1,C
广东:Y637,Y637,,3.6,,no-official-km,2,1,C
广东:Y638,Y638,,15.8,,no-official-km,3,2,C
广东:Y639,Y639,,9.2,,no-official-km,2,1,C
广东:Y640,Y640,,5.0,,no-official-km,3,2,C
广东:Y641,Y641,,22.6,,no-official-km,4,3,C
广东:Y642,Y642,,11.0,,no-official-km,4,3,C
广东:Y643,Y643,,14.8,,no-official-km,7,6,C
广东:Y644,Y644,,16.2,,no-official-km,3,2,C
广东:Y645,Y645,,23.3,,no-official-km,3,2,C
广东:Y646,Y646,,17.8,,no-official-km,3,2,C
广东:Y647,Y647,,7.7,,no-official-km,3,2,C
广东:Y648,Y648,,24.4,,no-official-km,4,3,C
广东:Y649,Y649,,13.1,,no-official-km,2,1,C
广东:Y650,Y650,,12.0,,no-official-km,3,2,C
广东:Y651,Y651,,12.7,,no-official-km,5,4,C
广东:Y6512,Y6512,,7.0,,no-official-km,1,0,C
广东:Y652,Y652,,30.9,,no-official-km,4,3,C
广东:Y653,Y653,,33.1,,no-official-km,3,2,C
广东:Y654,Y654,,23.3,,no-official-km,4,3,C
广东:Y655,Y655,,21.6,,no-official-km,3,2,C
广东:Y656,Y656,,30.2,,no-official-km,5,4,C
广东:Y657,Y657,,16.7,,no-official-km,5,4,C
广东:Y658,Y658,,49.9,,no-official-km,6,5,C
广东:Y659,Y659,,26.4,,no-official-km,3,2,C
广东:Y660,Y660,,8.3,,no-official-km,2,1,C
广东:Y661,Y661,,13.5,,no-official-km,2,1,C
广东:Y662,Y662,,13.6,,no-official-km,3,2,C
广东:Y663,Y663,,11.9,,no-official-km,2,1,C
广东:Y664,Y664,,33.2,,no-official-km,5,4,C
广东:Y665,Y665,,7.9,,no-official-km,3,2,C
广东:Y666,Y666,,16.6,,no-official-km,3,2,C
广东:Y667,Y667,,13.2,,no-official-km,3,2,C
广东:Y668,Y668,,10.3,,no-official-km,4,3,C
广东:Y669,Y669,,11.7,,no-official-km,2,1,C
广东:Y67,Y67,,4.7,,no-official-km,2,1,C
广东:Y670,Y670,,23.2,,no-official-km,3,2,C
广东:Y671,Y671,,6.0,,no-official-km,3,2,C
广东:Y672,Y672,,22.5,,no-official-km,3,2,C
广东:Y673,Y673,,17.4,,no-official-km,3,2,C
广东:Y674,Y674,,13.4,,no-official-km,3,2,C
广东:Y675,Y675,,10.0,,no-official-km,2,1,C
广东:Y676,Y676,,28.3,,no-official-km,4,3,C
广东:Y677,Y677,,18.6,,no-official-km,3,2,C
广东:Y678,Y678,,9.0,,no-official-km,2,1,C
广东:Y679,Y679,,2.3,,no-official-km,2,1,C
广东:Y680,Y680,,12.0,,no-official-km,3,2,C
广东:Y681,Y681,,2.2,,no-official-km,2,1,C
广东:Y682,Y682,,9.2,,no-official-km,4,3,C
广东:Y683,Y683,,26.2,,no-official-km,5,4,C
广东:Y684,Y684,,4.0,,no-official-km,3,2,C
广东:Y685,Y685,,20.7,,no-official-km,2,1,C
广东:Y686,Y686,,11.2,,no-official-km,3,2,C
广东:Y687,Y687,,18.4,,no-official-km,2,1,C
广东:Y688,Y688,,16.6,,no-official-km,4,3,C
广东:Y689,Y689,,16.1,,no-official-km,4,3,C
广东:Y69,Y69,,12.3,,no-official-km,1,0,C
广东:Y690,Y690,,19.2,,no-official-km,2,1,C
广东:Y691,Y691,,13.5,,no-official-km,3,2,C
广东:Y692,Y692,,7.3,,no-official-km,2,1,C
广东:Y693,Y693,,26.4,,no-official-km,4,3,C
广东:Y694,Y694,,26.9,,no-official-km,3,2,C
广东:Y695,Y695,,9.8,,no-official-km,3,2,C
广东:Y697,Y697,,21.1,,no-official-km,5,4,C
广东:Y698,Y698,,21.5,,no-official-km,3,2,C
广东:Y699,Y699,,33.5,,no-official-km,6,5,C
广东:Y7,Y7,,38.6,,no-official-km,9,8,C
广东:Y70,Y70,,1.4,,no-official-km,3,2,C
广东:Y700,Y700,,16.5,,no-official-km,2,1,C
广东:Y701,Y701,,25.5,,no-official-km,4,3,C
广东:Y702,Y702,,13.4,,no-official-km,2,1,C
广东:Y703,Y703,,17.8,,no-official-km,4,3,C
广东:Y704,Y704,,23.9,,no-official-km,3,2,C
广东:Y705,Y705,,9.6,,no-official-km,2,1,C
广东:Y706,Y706,,29.1,,no-official-km,8,7,C
广东:Y707,Y707,,8.4,,no-official-km,2,1,C
广东:Y708,Y708,,20.6,,no-official-km,2,1,C
广东:Y709,Y709,,5.9,,no-official-km,2,1,C
广东:Y71,Y71,,1.5,,no-official-km,1,0,C
广东:Y710,Y710,,3.4,,no-official-km,1,0,C
广东:Y711,Y711,,12.1,,no-official-km,2,1,C
广东:Y712,Y712,,23.7,,no-official-km,7,6,C
广东:Y713,Y713,,11.6,,no-official-km,4,3,C
广东:Y714,Y714,,9.1,,no-official-km,3,2,C
广东:Y715,Y715,,10.7,,no-official-km,4,3,C
广东:Y716,Y716,,16.1,,no-official-km,3,2,C
广东:Y717,Y717,,22.3,,no-official-km,4,3,C
广东:Y718,Y718,,41.9,,no-official-km,4,3,C
广东:Y719,Y719,,6.9,,no-official-km,3,2,C
广东:Y72,Y72,,0.7,,no-official-km,2,1,C
广东:Y720,Y720,,16.8,,no-official-km,3,2,C
广东:Y721,Y721,,9.8,,no-official-km,3,2,C
广东:Y722,Y722,,13.6,,no-official-km,3,2,C
广东:Y723,Y723,,6.0,,no-official-km,3,2,C
广东:Y724,Y724,,27.4,,no-official-km,4,3,C
广东:Y725,Y725,,24.3,,no-official-km,5,4,C
广东:Y726,Y726,,31.8,,no-official-km,5,4,C
广东:Y727,Y727,,4.8,,no-official-km,2,1,C
广东:Y728,Y728,,30.0,,no-official-km,6,5,C
广东:Y729,Y729,,14.6,,no-official-km,4,3,C
广东:Y73,Y73,,1.7,,no-official-km,1,0,C
广东:Y730,Y730,,15.7,,no-official-km,2,1,C
广东:Y731,Y731,,6.7,,no-official-km,2,1,C
广东:Y732,Y732,,7.6,,no-official-km,2,1,C
广东:Y733,Y733,,35.5,,no-official-km,5,4,C
广东:Y734,Y734,,6.3,,no-official-km,3,2,C
广东:Y735,Y735,,9.5,,no-official-km,1,0,C
广东:Y736,Y736,,7.8,,no-official-km,3,2,C
广东:Y737,Y737,,11.8,,no-official-km,3,2,C
广东:Y738,Y738,,16.6,,no-official-km,3,2,C
广东:Y739,Y739,,12.1,,no-official-km,4,3,C
广东:Y74,Y74,,0.8,,no-official-km,1,0,C
广东:Y740,Y740,,34.6,,no-official-km,5,4,C
广东:Y741,Y741,,8.6,,no-official-km,2,1,C
广东:Y742,Y742,,5.8,,no-official-km,2,1,C
广东:Y743,Y743,,21.0,,no-official-km,5,4,C
广东:Y744,Y744,,7.3,,no-official-km,2,1,C
广东:Y745,Y745,,6.2,,no-official-km,2,1,C
广东:Y746,Y746,,10.2,,no-official-km,3,2,C
广东:Y747,Y747,,6.6,,no-official-km,3,2,C
广东:Y748,Y748,,12.9,,no-official-km,4,3,C
广东:Y749,Y749,,15.3,,no-official-km,3,2,C
广东:Y75,Y75,,0.1,,no-official-km,1,0,C
广东:Y750,Y750,,8.9,,no-official-km,3,2,C
广东:Y751,Y751,,19.2,,no-official-km,3,2,C
广东:Y752,Y752,,11.9,,no-official-km,3,2,C
广东:Y753,Y753,,11.3,,no-official-km,4,3,C
广东:Y754,Y754,,28.6,,no-official-km,5,4,C
广东:Y755,Y755,,8.4,,no-official-km,3,2,C
广东:Y756,Y756,,15.4,,no-official-km,4,3,C
广东:Y757,Y757,,10.9,,no-official-km,3,2,C
广东:Y758,Y758,,8.3,,no-official-km,4,3,C
广东:Y759,Y759,,9.0,,no-official-km,3,2,C
广东:Y760,Y760,,8.0,,no-official-km,3,2,C
广东:Y761,Y761,,16.5,,no-official-km,6,5,C
广东:Y762,Y762,,10.3,,no-official-km,4,3,C
广东:Y763,Y763,,15.7,,no-official-km,4,3,C
广东:Y764,Y764,,14.6,,no-official-km,6,5,C
广东:Y765,Y765,,9.3,,no-official-km,1,0,C
广东:Y766,Y766,,25.6,,no-official-km,4,3,C
广东:Y767,Y767,,8.9,,no-official-km,3,2,C
广东:Y768,Y768,,11.6,,no-official-km,3,2,C
广东:Y769,Y769,,20.1,,no-official-km,4,3,C
广东:Y77,Y77,,1.1,,no-official-km,1,0,C
广东:Y770,Y770,,27.1,,no-official-km,4,3,C
广东:Y771,Y771,,9.8,,no-official-km,3,2,C
广东:Y772,Y772,,26.1,,no-official-km,3,2,C
广东:Y773,Y773,,18.5,,no-official-km,2,1,C
广东:Y774,Y774,,50.7,,no-official-km,4,3,C
广东:Y775,Y775,,8.6,,no-official-km,2,1,C
广东:Y776,Y776,,24.4,,no-official-km,4,3,C
广东:Y777,Y777,,10.9,,no-official-km,4,3,C
广东:Y778,Y778,,4.7,,no-official-km,4,3,C
广东:Y779,Y779,,3.4,,no-official-km,2,1,C
广东:Y78,Y78,,0.7,,no-official-km,1,0,C
广东:Y780,Y780,,6.3,,no-official-km,3,2,C
广东:Y781,Y781,,3.7,,no-official-km,2,1,C
广东:Y782,Y782,,1.6,,no-official-km,1,0,C
广东:Y783,Y783,,15.7,,no-official-km,4,3,C
广东:Y784,Y784,,16.0,,no-official-km,4,3,C
广东:Y785,Y785,,10.3,,no-official-km,3,2,C
广东:Y786,Y786,,8.2,,no-official-km,2,1,C
广东:Y787,Y787,,33.0,,no-official-km,5,4,C
广东:Y788,Y788,,3.9,,no-official-km,2,1,C
广东:Y789,Y789,,19.7,,no-official-km,3,2,C
广东:Y79,Y79,,1.0,,no-official-km,1,0,C
广东:Y790,Y790,,4.4,,no-official-km,2,1,C
广东:Y791,Y791,,9.9,,no-official-km,4,3,C
广东:Y792,Y792,,16.9,,no-official-km,4,3,C
广东:Y793,Y793,,17.5,,no-official-km,3,2,C
广东:Y794,Y794,,21.6,,no-official-km,4,3,C
广东:Y795,Y795,,10.0,,no-official-km,2,1,C
广东:Y796,Y796,,9.8,,no-official-km,2,1,C
广东:Y797,Y797,,2.2,,no-official-km,1,0,C
广东:Y798,Y798,,14.7,,no-official-km,2,1,C
广东:Y799,Y799,,12.2,,no-official-km,4,3,C
广东:Y8,Y8,,18.1,,no-official-km,7,6,C
广东:Y800,Y800,,15.7,,no-official-km,5,4,C
广东:Y801,Y801,,7.2,,no-official-km,2,1,C
广东:Y802,Y802,,19.7,,no-official-km,3,2,C
广东:Y803,Y803,,42.1,,no-official-km,5,4,C
广东:Y804,Y804,,32.6,,no-official-km,4,3,C
广东:Y805,Y805,,21.7,,no-official-km,6,5,C
广东:Y806,Y806,,20.4,,no-official-km,5,4,C
广东:Y807,Y807,,12.5,,no-official-km,4,3,C
广东:Y808,Y808,,18.9,,no-official-km,2,1,C
广东:Y809,Y809,,32.6,,no-official-km,3,2,C
广东:Y81,Y81,,7.1,,no-official-km,2,1,C
广东:Y810,Y810,,22.8,,no-official-km,4,3,C
广东:Y811,Y811,,19.5,,no-official-km,3,2,C
广东:Y812,Y812,,21.6,,no-official-km,3,2,C
广东:Y813,Y813,,29.8,,no-official-km,5,4,C
广东:Y814,Y814,,36.6,,no-official-km,5,4,C
广东:Y815,Y815,,13.2,,no-official-km,3,2,C
广东:Y816,Y816,,22.4,,no-official-km,2,1,C
广东:Y817,Y817,,5.8,,no-official-km,2,1,C
广东:Y818,Y818,,26.7,,no-official-km,6,5,C
广东:Y819,Y819,,9.4,,no-official-km,4,3,C
广东:Y820,Y820,,6.3,,no-official-km,3,2,C
广东:Y821,Y821,,10.3,,no-official-km,3,2,C
广东:Y822,Y822,,5.0,,no-official-km,3,2,C
广东:Y823,Y823,,13.2,,no-official-km,3,2,C
广东:Y824,Y824,,5.5,,no-official-km,2,1,C
广东:Y825,Y825,,14.3,,no-official-km,4,3,C
广东:Y826,Y826,,21.4,,no-official-km,4,3,C
广东:Y827,Y827,,19.7,,no-official-km,3,2,C
广东:Y828,Y828,,5.0,,no-official-km,1,0,C
广东:Y829,Y829,,18.4,,no-official-km,3,2,C
广东:Y83,Y83,,7.3,,no-official-km,2,1,C
广东:Y830,Y830,,7.7,,no-official-km,2,1,C
广东:Y831,Y831,,4.5,,no-official-km,2,1,C
广东:Y832,Y832,,38.2,,no-official-km,2,1,C
广东:Y833,Y833,,16.2,,no-official-km,3,2,C
广东:Y834,Y834,,19.2,,no-official-km,2,1,C
广东:Y835,Y835,,22.9,,no-official-km,6,5,C
广东:Y836,Y836,,10.5,,no-official-km,4,3,C
广东:Y837,Y837,,21.3,,no-official-km,5,4,C
广东:Y838,Y838,,14.3,,no-official-km,4,3,C
广东:Y839,Y839,,16.9,,no-official-km,2,1,C
广东:Y84,Y84,,27.9,,no-official-km,3,2,C
广东:Y840,Y840,,18.5,,no-official-km,4,3,C
广东:Y841,Y841,,20.9,,no-official-km,5,4,C
广东:Y842,Y842,,23.9,,no-official-km,5,4,C
广东:Y843,Y843,,18.3,,no-official-km,2,1,C
广东:Y844,Y844,,26.6,,no-official-km,6,5,C
广东:Y845,Y845,,20.1,,no-official-km,2,1,C
广东:Y846,Y846,,13.3,,no-official-km,6,5,C
广东:Y847,Y847,,3.5,,no-official-km,1,0,C
广东:Y848,Y848,,19.3,,no-official-km,3,2,C
广东:Y849,Y849,,0.7,,no-official-km,1,0,C
广东:Y85,Y85,,2.6,,no-official-km,1,0,C
广东:Y850,Y850,,9.4,,no-official-km,3,2,C
广东:Y851,Y851,,4.2,,no-official-km,2,1,C
广东:Y852,Y852,,12.3,,no-official-km,3,2,C
广东:Y853,Y853,,9.8,,no-official-km,3,2,C
广东:Y854,Y854,,9.2,,no-official-km,2,1,C
广东:Y855,Y855,,10.0,,no-official-km,3,2,C
广东:Y856,Y856,,8.2,,no-official-km,2,1,C
广东:Y857,Y857,,13.7,,no-official-km,3,2,C
广东:Y858,Y858,,7.6,,no-official-km,2,1,C
广东:Y859,Y859,,5.2,,no-official-km,2,1,C
广东:Y86,Y86,,4.4,,no-official-km,3,2,C
广东:Y860,Y860,,12.0,,no-official-km,3,2,C
广东:Y861,Y861,,25.8,,no-official-km,6,5,C
广东:Y862,Y862,,20.4,,no-official-km,3,2,C
广东:Y863,Y863,,8.3,,no-official-km,2,1,C
广东:Y864,Y864,,8.0,,no-official-km,4,3,C
广东:Y865,Y865,,22.3,,no-official-km,4,3,C
广东:Y866,Y866,,17.6,,no-official-km,5,4,C
广东:Y867,Y867,,2.9,,no-official-km,1,0,C
广东:Y868,Y868,,25.1,,no-official-km,4,3,C
广东:Y869,Y869,,7.6,,no-official-km,3,2,C
广东:Y87,Y87,,2.5,,no-official-km,1,0,C
广东:Y870,Y870,,9.5,,no-official-km,3,2,C
广东:Y871,Y871,,24.3,,no-official-km,6,5,C
广东:Y872,Y872,,14.2,,no-official-km,3,2,C
广东:Y873,Y873,,26.8,,no-official-km,3,2,C
广东:Y874,Y874,,12.2,,no-official-km,5,4,C
广东:Y875,Y875,,2.2,,no-official-km,1,0,C
广东:Y876,Y876,,14.7,,no-official-km,5,4,C
广东:Y877,Y877,,23.7,,no-official-km,4,3,C
广东:Y878,Y878,,16.2,,no-official-km,2,1,C
广东:Y879,Y879,,13.0,,no-official-km,3,2,C
广东:Y88,Y88,,1.4,,no-official-km,1,0,C
广东:Y880,Y880,,21.7,,no-official-km,2,1,C
广东:Y881,Y881,,8.1,,no-official-km,2,1,C
广东:Y882,Y882,,36.9,,no-official-km,4,3,C
广东:Y883,Y883,,10.2,,no-official-km,4,3,C
广东:Y884,Y884,,8.6,,no-official-km,5,4,C
广东:Y886,Y886,,15.8,,no-official-km,5,4,C
广东:Y887,Y887,,12.8,,no-official-km,3,2,C
广东:Y888,Y888,,5.0,,no-official-km,2,1,C
广东:Y889,Y889,,12.4,,no-official-km,3,2,C
广东:Y89,Y89,,1.5,,no-official-km,1,0,C
广东:Y890,Y890,,12.1,,no-official-km,4,3,C
广东:Y891,Y891,,18.1,,no-official-km,6,5,C
广东:Y892,Y892,,13.1,,no-official-km,4,3,C
广东:Y893,Y893,,5.6,,no-official-km,2,1,C
广东:Y894,Y894,,12.7,,no-official-km,3,2,C
广东:Y895,Y895,,5.0,,no-official-km,2,1,C
广东:Y896,Y896,,4.3,,no-official-km,2,1,C
广东:Y897,Y897,,12.7,,no-official-km,4,3,C
广东:Y898,Y898,,8.8,,no-official-km,3,2,C
广东:Y899,Y899,,9.9,,no-official-km,4,3,C
广东:Y9,Y9,,8.1,,no-official-km,2,1,C
广东:Y90,Y90,,2.9,,no-official-km,2,1,C
广东:Y900,Y900,,23.1,,no-official-km,4,3,C
广东:Y901,Y901,,14.3,,no-official-km,3,2,C
广东:Y902,Y902,,16.3,,no-official-km,4,3,C
广东:Y903,Y903,,18.1,,no-official-km,6,5,C
广东:Y904,Y904,,27.7,,no-official-km,5,4,C
广东:Y905,Y905,,18.8,,no-official-km,5,4,C
广东:Y907,Y907,,4.5,,no-official-km,2,1,C
广东:Y908,Y908,,11.4,,no-official-km,3,2,C
广东:Y909,Y909,,8.4,,no-official-km,3,2,C
广东:Y91,Y91,,2.1,,no-official-km,1,0,C
广东:Y910,Y910,,8.9,,no-official-km,3,2,C
广东:Y911,Y911,,15.2,,no-official-km,4,3,C
广东:Y912,Y912,,7.0,,no-official-km,2,1,C
广东:Y913,Y913,,2.3,,no-official-km,1,0,C
广东:Y914,Y914,,21.0,,no-official-km,5,4,C
广东:Y915,Y915,,17.8,,no-official-km,3,2,C
广东:Y916,Y916,,8.8,,no-official-km,3,2,C
广东:Y917,Y917,,6.2,,no-official-km,3,2,C
广东:Y918,Y918,,20.4,,no-official-km,4,3,C
广东:Y919,Y919,,29.8,,no-official-km,6,5,C
广东:Y92,Y92,,4.9,,no-official-km,1,0,C
广东:Y920,Y920,,4.4,,no-official-km,1,0,C
广东:Y921,Y921,,13.0,,no-official-km,4,3,C
广东:Y922,Y922,,7.9,,no-official-km,4,3,C
广东:Y923,Y923,,43.1,,no-official-km,7,6,C
广东:Y924,Y924,,4.6,,no-official-km,1,0,C
广东:Y925,Y925,,6.3,,no-official-km,2,1,C
广东:Y926,Y926,,17.2,,no-official-km,3,2,C
广东:Y927,Y927,,15.0,,no-official-km,3,2,C
广东:Y928,Y928,,3.6,,no-official-km,1,0,C
广东:Y929,Y929,,15.2,,no-official-km,2,1,C
广东:Y93,Y93,,2.8,,no-official-km,1,0,C
广东:Y930,Y930,,17.1,,no-official-km,4,3,C
广东:Y931,Y931,,29.4,,no-official-km,5,4,C
广东:Y932,Y932,,10.2,,no-official-km,3,2,C
广东:Y933,Y933,,14.0,,no-official-km,4,3,C
广东:Y934,Y934,,25.9,,no-official-km,6,5,C
广东:Y935,Y935,,1.0,,no-official-km,1,0,C
广东:Y936,Y936,,11.9,,no-official-km,3,2,C
广东:Y937,Y937,,8.4,,no-official-km,3,2,C
广东:Y938,Y938,,45.6,,no-official-km,6,5,C
广东:Y939,Y939,,22.0,,no-official-km,7,6,C
广东:Y94,Y94,,1.8,,no-official-km,1,0,C
广东:Y940,Y940,,9.2,,no-official-km,4,3,C
广东:Y941,Y941,,10.9,,no-official-km,2,1,C
广东:Y942,Y942,,24.3,,no-official-km,7,6,C
广东:Y943,Y943,,23.3,,no-official-km,5,4,C
广东:Y944,Y944,,11.9,,no-official-km,3,2,C
广东:Y945,Y945,,35.9,,no-official-km,5,4,C
广东:Y946,Y946,,11.2,,no-official-km,2,1,C
广东:Y947,Y947,,27.4,,no-official-km,4,3,C
广东:Y948,Y948,,29.6,,no-official-km,5,4,C
广东:Y949,Y949,,12.0,,no-official-km,4,3,C
广东:Y95,Y95,,3.4,,no-official-km,1,0,C
广东:Y950,Y950,,26.0,,no-official-km,7,6,C
广东:Y951,Y951,,18.0,,no-official-km,5,4,C
广东:Y952,Y952,,11.3,,no-official-km,4,3,C
广东:Y953,Y953,,27.6,,no-official-km,4,3,C
广东:Y954,Y954,,43.6,,no-official-km,4,3,C
广东:Y955,Y955,,24.5,,broken-jump,5,4,C
广东:Y956,Y956,,50.3,,no-official-km,5,4,C
广东:Y957,Y957,,12.2,,no-official-km,2,1,C
广东:Y958,Y958,,8.4,,no-official-km,2,1,C
广东:Y959,Y959,,16.2,,no-official-km,3,2,C
广东:Y96,Y96,,1.0,,no-official-km,1,0,C
广东:Y960,Y960,,25.5,,no-official-km,4,3,C
广东:Y961,Y961,,3.3,,no-official-km,2,1,C
广东:Y962,Y962,,18.2,,no-official-km,4,3,C
广东:Y963,Y963,,21.0,,no-official-km,2,1,C
广东:Y964,Y964,,3.7,,no-official-km,2,1,C
广东:Y965,Y965,,17.3,,no-official-km,3,2,C
广东:Y966,Y966,,8.4,,no-official-km,2,1,C
广东:Y967,Y967,,10.4,,no-official-km,4,3,C
广东:Y968,Y968,,8.0,,no-official-km,3,2,C
广东:Y969,Y969,,10.2,,no-official-km,3,2,C
广东:Y97,Y97,,4.4,,no-official-km,1,0,C
广东:Y970,Y970,,6.8,,no-official-km,2,1,C
广东:Y971,Y971,,21.4,,no-official-km,3,2,C
广东:Y972,Y972,,8.6,,no-official-km,3,2,C
广东:Y973,Y973,,9.0,,no-official-km,3,2,C
广东:Y974,Y974,,19.9,,no-official-km,4,3,C
广东:Y975,Y975,,11.7,,no-official-km,3,2,C
广东:Y977,Y977,,6.1,,no-official-km,1,0,C
广东:Y978,Y978,,5.3,,no-official-km,2,1,C
广东:Y979,Y979,,2.0,,no-official-km,1,0,C
广东:Y98,Y98,,2.5,,no-official-km,1,0,C
广东:Y980,Y980,,18.4,,no-official-km,1,0,C
广东:Y981,Y981,,53.4,,no-official-km,5,4,C
广东:Y982,Y982,,19.4,,no-official-km,4,3,C
广东:Y983,Y983,,16.4,,no-official-km,2,1,C
广东:Y984,Y984,,4.5,,no-official-km,1,0,C
广东:Y985,Y985,,21.5,,no-official-km,3,2,C
广东:Y986,Y986,,20.9,,no-official-km,4,3,C
广东:Y987,Y987,,0.5,,no-official-km,1,0,C
广东:Y989,Y989,,17.9,,no-official-km,3,2,C
广东:Y990,Y990,,10.1,,no-official-km,4,3,C
广东:Y991,Y991,,14.2,,no-official-km,3,2,C
广东:Y992,Y992,,7.6,,no-official-km,2,1,C
广东:Y993,Y993,,9.3,,no-official-km,3,2,C
广东:Y994,Y994,,6.3,,no-official-km,1,0,C
广东:Y995,Y995,,2.1,,no-official-km,1,0,C
广东:Y996,Y996,,2.1,,no-official-km,1,0,C
广东:Y997,Y997,,3.3,,no-official-km,1,0,C
广东:Y998,Y998,,18.9,,no-official-km,3,2,C
广东:Y999,Y999,,7.7,,no-official-km,2,1,C
广西:Y1,Y1,,75.9,,no-official-km,5,4,C
广西:Y10,Y10,,28.0,,no-official-km,2,1,C
广西:Y100,Y100,,9.0,,no-official-km,1,0,C
广西:Y102,Y102,,5.6,,no-official-km,2,1,C
广西:Y104,Y104,,2.4,,no-official-km,1,0,C
广西:Y107,Y107,,5.7,,no-official-km,1,0,C
广西:Y108,Y108,,25.9,,no-official-km,2,1,C
广西:Y109,Y109,,9.2,,no-official-km,2,1,C
广西:Y11,Y11,,27.2,,no-official-km,4,3,C
广西:Y111,Y111,,5.5,,no-official-km,1,0,C
广西:Y113,Y113,,2.9,,no-official-km,1,0,C
广西:Y114,Y114,,4.7,,no-official-km,1,0,C
广西:Y115,Y115,,11.0,,no-official-km,1,0,C
广西:Y117,Y117,,0.9,,no-official-km,1,0,C
广西:Y12,Y12,,10.8,,no-official-km,2,1,C
广西:Y120,Y120,,2.9,,no-official-km,1,0,C
广西:Y125,Y125,,12.5,,no-official-km,2,1,C
广西:Y126,Y126,,8.8,,no-official-km,2,1,C
广西:Y127,Y127,,12.5,,no-official-km,2,1,C
广西:Y128,Y128,,15.4,,no-official-km,4,3,C
广西:Y129,Y129,,6.4,,no-official-km,1,0,C
广西:Y13,Y13,,15.2,,no-official-km,1,0,C
广西:Y130,Y130,,16.4,,no-official-km,2,1,C
广西:Y131,Y131,,14.9,,no-official-km,2,1,C
广西:Y132,Y132,,11.9,,no-official-km,4,3,C
广西:Y133,Y133,,13.3,,no-official-km,1,0,C
广西:Y135,Y135,,3.0,,no-official-km,1,0,C
广西:Y139,Y139,,11.2,,no-official-km,2,1,C
广西:Y14,Y14,,9.1,,no-official-km,1,0,C
广西:Y140,Y140,,30.2,,no-official-km,1,0,C
广西:Y142,Y142,,4.5,,no-official-km,1,0,C
广西:Y147,Y147,,3.1,,no-official-km,1,0,C
广西:Y15,Y15,,55.0,,no-official-km,2,1,C
广西:Y150,Y150,,5.3,,no-official-km,1,0,C
广西:Y153,Y153,,6.1,,no-official-km,1,0,C
广西:Y157,Y157,,5.7,,no-official-km,1,0,C
广西:Y158,Y158,,7.2,,no-official-km,1,0,C
广西:Y16,Y16,,47.2,,no-official-km,7,6,C
广西:Y163,Y163,,14.6,,no-official-km,1,0,C
广西:Y167,Y167,,7.0,,no-official-km,1,0,C
广西:Y17,Y17,,45.6,,no-official-km,4,3,C
广西:Y170,Y170,,6.3,,no-official-km,1,0,C
广西:Y171,Y171,,9.6,,no-official-km,1,0,C
广西:Y173,Y173,,8.2,,no-official-km,1,0,C
广西:Y174,Y174,,21.8,,no-official-km,1,0,C
广西:Y175,Y175,,4.2,,no-official-km,2,1,C
广西:Y178,Y178,,6.1,,no-official-km,1,0,C
广西:Y179,Y179,,14.0,,no-official-km,2,1,C
广西:Y180,Y180,,7.6,,no-official-km,1,0,C
广西:Y181,Y181,,5.5,,no-official-km,1,0,C
广西:Y183,Y183,,4.0,,no-official-km,1,0,C
广西:Y184,Y184,,21.3,,no-official-km,1,0,C
广西:Y187,Y187,,3.7,,no-official-km,1,0,C
广西:Y189,Y189,,9.5,,no-official-km,2,1,C
广西:Y19,Y19,,5.6,,no-official-km,1,0,C
广西:Y2,Y2,,67.4,,no-official-km,7,6,C
广西:Y20,Y20,,38.2,,no-official-km,2,1,C
广西:Y200,Y200,,8.7,,no-official-km,1,0,C
广西:Y201,Y201,,21.3,,no-official-km,1,0,C
广西:Y202,Y202,,13.1,,no-official-km,1,0,C
广西:Y204,Y204,,6.3,,no-official-km,1,0,C
广西:Y205,Y205,,2.1,,no-official-km,1,0,C
广西:Y208,Y208,,6.4,,no-official-km,1,0,C
广西:Y209,Y209,,11.2,,no-official-km,2,1,C
广西:Y21,Y21,,8.7,,no-official-km,1,0,C
广西:Y210,Y210,,10.3,,no-official-km,1,0,C
广西:Y22,Y22,,10.4,,no-official-km,2,1,C
广西:Y221,Y221,,26.7,,no-official-km,4,3,C
广西:Y23,Y23,,3.5,,no-official-km,1,0,C
广西:Y238,Y238,,11.7,,no-official-km,1,0,C
广西:Y240,Y240,,4.5,,no-official-km,1,0,C
广西:Y248,Y248,,4.1,,no-official-km,3,2,C
广西:Y25,Y25,,4.9,,no-official-km,2,1,C
广西:Y26,Y26,,13.6,,no-official-km,1,0,C
广西:Y261,Y261,,12.3,,no-official-km,1,0,C
广西:Y27,Y27,,16.7,,no-official-km,2,1,C
广西:Y277,Y277,,12.3,,no-official-km,1,0,C
广西:Y28,Y28,,32.8,,no-official-km,5,4,C
广西:Y284,Y284,,7.4,,no-official-km,1,0,C
广西:Y285,Y285,,4.5,,no-official-km,1,0,C
广西:Y292,Y292,,1.5,,no-official-km,1,0,C
广西:Y294,Y294,,5.1,,no-official-km,1,0,C
广西:Y299,Y299,,21.5,,no-official-km,1,0,C
广西:Y3,Y3,,26.4,,no-official-km,2,1,C
广西:Y305,Y305,,8.6,,no-official-km,1,0,C
广西:Y309,Y309,,5.3,,no-official-km,1,0,C
广西:Y31,Y31,,14.3,,no-official-km,3,2,C
广西:Y318,Y318,,3.5,,no-official-km,1,0,C
广西:Y32,Y32,,26.5,,no-official-km,3,2,C
广西:Y327,Y327,,2.2,,no-official-km,1,0,C
广西:Y33,Y33,,19.7,,no-official-km,3,2,C
广西:Y330,Y330,,6.9,,no-official-km,1,0,C
广西:Y338,Y338,,7.5,,no-official-km,3,2,C
广西:Y34,Y34,,4.6,,no-official-km,2,1,C
广西:Y346,Y346,,5.5,,no-official-km,1,0,C
广西:Y35,Y35,,11.4,,no-official-km,2,1,C
广西:Y351,Y351,,13.1,,no-official-km,1,0,C
广西:Y352,Y352,,8.2,,no-official-km,1,0,C
广西:Y356,Y356,,16.5,,no-official-km,1,0,C
广西:Y36,Y36,,9.5,,no-official-km,1,0,C
广西:Y372,Y372,,2.0,,no-official-km,1,0,C
广西:Y379,Y379,,8.6,,no-official-km,1,0,C
广西:Y38,Y38,,3.5,,no-official-km,1,0,C
广西:Y380,Y380,,5.5,,no-official-km,1,0,C
广西:Y381,Y381,,3.9,,no-official-km,1,0,C
广西:Y39,Y39,,5.9,,no-official-km,1,0,C
广西:Y4,Y4,,24.1,,no-official-km,3,2,C
广西:Y40,Y40,,9.4,,no-official-km,1,0,C
广西:Y409,Y409,,8.7,,no-official-km,1,0,C
广西:Y419,Y419,,10.4,,no-official-km,1,0,C
广西:Y42,Y42,,4.3,,no-official-km,1,0,C
广西:Y429,Y429,,15.9,,no-official-km,1,0,C
广西:Y43,Y43,,2.9,,no-official-km,2,1,C
广西:Y44,Y44,,17.4,,no-official-km,2,1,C
广西:Y441,Y441,,19.1,,no-official-km,1,0,C
广西:Y443,Y443,,18.4,,no-official-km,2,1,C
广西:Y449,Y449,,1.8,,no-official-km,1,0,C
广西:Y45,Y45,,7.1,,no-official-km,1,0,C
广西:Y450,Y450,,5.8,,no-official-km,1,0,C
广西:Y452,Y452,,43.7,,no-official-km,1,0,C
广西:Y453,Y453,,11.5,,no-official-km,1,0,C
广西:Y454,Y454,,8.3,,no-official-km,1,0,C
广西:Y455,Y455,,8.2,,no-official-km,2,1,C
广西:Y457,Y457,,3.2,,no-official-km,1,0,C
广西:Y458,Y458,,11.8,,no-official-km,1,0,C
广西:Y459,Y459,,11.1,,no-official-km,2,1,C
广西:Y46,Y46,,6.0,,no-official-km,1,0,C
广西:Y465,Y465,,6.3,,no-official-km,1,0,C
广西:Y468,Y468,,11.2,,no-official-km,1,0,C
广西:Y47,Y47,,4.9,,no-official-km,1,0,C
广西:Y475,Y475,,3.8,,no-official-km,1,0,C
广西:Y494,Y494,,6.9,,no-official-km,1,0,C
广西:Y499,Y499,,1.5,,no-official-km,1,0,C
广西:Y5,Y5,,36.4,,no-official-km,7,6,C
广西:Y50,Y50,,1.8,,no-official-km,1,0,C
广西:Y500,Y500,,5.9,,no-official-km,1,0,C
广西:Y501,Y501,,12.0,,no-official-km,2,1,C
广西:Y502,Y502,,3.7,,no-official-km,1,0,C
广西:Y503,Y503,,5.9,,no-official-km,1,0,C
广西:Y504,Y504,,15.9,,no-official-km,2,1,C
广西:Y505,Y505,,6.9,,no-official-km,1,0,C
广西:Y506,Y506,,3.3,,no-official-km,1,0,C
广西:Y507,Y507,,5.2,,no-official-km,1,0,C
广西:Y508,Y508,,14.8,,no-official-km,2,1,C
广西:Y509,Y509,,12.5,,no-official-km,1,0,C
广西:Y51,Y51,,7.5,,no-official-km,2,1,C
广西:Y510,Y510,,0.8,,no-official-km,1,0,C
广西:Y513,Y513,,7.4,,no-official-km,1,0,C
广西:Y518,Y518,,8.1,,no-official-km,1,0,C
广西:Y519,Y519,,2.0,,no-official-km,1,0,C
广西:Y520,Y520,,6.6,,no-official-km,1,0,C
广西:Y53,Y53,,8.2,,no-official-km,1,0,C
广西:Y536,Y536,,10.5,,no-official-km,1,0,C
广西:Y544,Y544,,2.3,,no-official-km,1,0,C
广西:Y545,Y545,,1.3,,no-official-km,1,0,C
广西:Y557,Y557,,21.5,,no-official-km,1,0,C
广西:Y56,Y56,,17.6,,no-official-km,3,2,C
广西:Y563,Y563,,3.6,,no-official-km,1,0,C
广西:Y57,Y57,,7.1,,no-official-km,1,0,C
广西:Y573,Y573,,12.5,,no-official-km,1,0,C
广西:Y58,Y58,,5.3,,no-official-km,1,0,C
广西:Y589,Y589,,2.0,,no-official-km,1,0,C
广西:Y594,Y594,,9.6,,no-official-km,1,0,C
广西:Y6,Y6,,25.2,,no-official-km,2,1,C
广西:Y60,Y60,,9.2,,no-official-km,2,1,C
广西:Y62,Y62,,12.3,,no-official-km,3,2,C
广西:Y632,Y632,,3.0,,no-official-km,1,0,C
广西:Y635,Y635,,9.3,,no-official-km,1,0,C
广西:Y640,Y640,,2.1,,no-official-km,1,0,C
广西:Y65,Y65,,4.2,,no-official-km,1,0,C
广西:Y652,Y652,,5.5,,no-official-km,1,0,C
广西:Y66,Y66,,4.6,,no-official-km,1,0,C
广西:Y665,Y665,,7.0,,no-official-km,1,0,C
广西:Y667,Y667,,3.7,,no-official-km,1,0,C
广西:Y672,Y672,,4.7,,no-official-km,1,0,C
广西:Y674,Y674,,4.8,,no-official-km,1,0,C
广西:Y676,Y676,,6.9,,no-official-km,1,0,C
广西:Y684,Y684,,5.5,,no-official-km,2,1,C
广西:Y691,Y691,,7.6,,no-official-km,1,0,C
广西:Y696,Y696,,5.2,,no-official-km,1,0,C
广西:Y7,Y7,,0.8,,no-official-km,1,0,C
广西:Y70,Y70,,16.4,,no-official-km,2,1,C
广西:Y700,Y700,,5.8,,no-official-km,1,0,C
广西:Y703,Y703,,9.4,,no-official-km,2,1,C
广西:Y71,Y71,,6.9,,no-official-km,2,1,C
广西:Y72,Y72,,5.3,,no-official-km,1,0,C
广西:Y73,Y73,,16.0,,no-official-km,2,1,C
广西:Y749,Y749,,3.7,,no-official-km,1,0,C
广西:Y750,Y750,,2.4,,no-official-km,1,0,C
广西:Y76,Y76,,4.5,,no-official-km,1,0,C
广西:Y77,Y77,,5.5,,no-official-km,1,0,C
广西:Y784,Y784,,5.5,,no-official-km,1,0,C
广西:Y785,Y785,,6.6,,no-official-km,1,0,C
广西:Y787,Y787,,15.9,,no-official-km,2,1,C
广西:Y79,Y79,,37.4,,no-official-km,1,0,C
广西:Y793,Y793,,15.5,,no-official-km,2,1,C
广西:Y8,Y8,,4.6,,no-official-km,1,0,C
广西:Y807,Y807,,4.6,,no-official-km,1,0,C
广西:Y814,Y814,,13.6,,no-official-km,2,1,C
广西:Y818,Y818,,0.6,,no-official-km,1,0,C
广西:Y824,Y824,,12.9,,no-official-km,1,0,C
广西:Y826,Y826,,14.4,,no-official-km,1,0,C
广西:Y827,Y827,,9.5,,no-official-km,1,0,C
广西:Y83,Y83,,4.9,,no-official-km,1,0,C
广西:Y833,Y833,,7.8,,no-official-km,1,0,C
广西:Y835,Y835,,5.4,,no-official-km,1,0,C
广西:Y837,Y837,,2.3,,no-official-km,1,0,C
广西:Y839,Y839,,8.4,,no-official-km,1,0,C
广西:Y840,Y840,,2.2,,no-official-km,1,0,C
广西:Y85,Y85,,12.5,,no-official-km,1,0,C
广西:Y853,Y853,,4.4,,no-official-km,1,0,C
广西:Y861,Y861,,4.1,,no-official-km,1,0,C
广西:Y865,Y865,,11.1,,no-official-km,1,0,C
广西:Y868,Y868,,7.2,,no-official-km,1,0,C
广西:Y877,Y877,,3.2,,no-official-km,1,0,C
广西:Y9,Y9,,31.4,,no-official-km,3,2,C
广西:Y90,Y90,,2.3,,no-official-km,1,0,C
广西:Y901,Y901,,1.8,,no-official-km,1,0,C
广西:Y904,Y904,,4.8,,no-official-km,1,0,C
广西:Y923,Y923,,13.2,,no-official-km,1,0,C
广西:Y928,Y928,,3.6,,no-official-km,1,0,C
广西:Y94,Y94,,8.4,,no-official-km,2,1,C
广西:Y947,Y947,,14.9,,no-official-km,1,0,C
广西:Y961,Y961,,5.3,,no-official-km,1,0,C
广西:Y97,Y97,,11.0,,no-official-km,2,1,C
广西:Y973,Y973,,5.5,,no-official-km,1,0,C
广西:Y98,Y98,,9.2,,no-official-km,1,0,C
贵州:Y1,Y1,,111.7,,no-official-km,6,5,C
贵州:Y10,Y10,,13.0,,no-official-km,2,1,C
贵州:Y11,Y11,,43.6,,no-official-km,5,4,C
贵州:Y12,Y12,,107.1,,no-official-km,7,6,C
贵州:Y135,Y135,,2.5,,no-official-km,1,0,C
贵州:Y137,Y137,,0.6,,no-official-km,1,0,C
贵州:Y14,Y14,,18.1,,no-official-km,2,1,C
贵州:Y15,Y15,,6.8,,no-official-km,1,0,C
贵州:Y152,Y152,,6.2,,no-official-km,2,1,C
贵州:Y16,Y16,,6.3,,no-official-km,1,0,C
贵州:Y160,Y160,,15.7,,no-official-km,1,0,C
贵州:Y161,Y161,,8.2,,no-official-km,1,0,C
贵州:Y166,Y166,,4.1,,no-official-km,2,1,C
贵州:Y18,Y18,,42.8,,no-official-km,3,2,C
贵州:Y196,Y196,,4.4,,no-official-km,1,0,C
贵州:Y198,Y198,,3.9,,no-official-km,1,0,C
贵州:Y2,Y2,,10.1,,no-official-km,4,3,C
贵州:Y20,Y20,,13.9,,no-official-km,2,1,C
贵州:Y203,Y203,,12.4,,no-official-km,1,0,C
贵州:Y206,Y206,,17.8,,no-official-km,1,0,C
贵州:Y25,Y25,,1.0,,no-official-km,1,0,C
贵州:Y252,Y252,,23.7,,no-official-km,1,0,C
贵州:Y268,Y268,,8.2,,no-official-km,2,1,C
贵州:Y27,Y27,,3.9,,no-official-km,1,0,C
贵州:Y272,Y272,,1.7,,no-official-km,1,0,C
贵州:Y275,Y275,,12.0,,no-official-km,1,0,C
贵州:Y283,Y283,,10.7,,no-official-km,2,1,C
贵州:Y3,Y3,,74.2,,no-official-km,10,9,C
贵州:Y304,Y304,,4.0,,no-official-km,2,1,C
贵州:Y33,Y33,,1.5,,no-official-km,1,0,C
贵州:Y368,Y368,,19.3,,no-official-km,1,0,C
贵州:Y369,Y369,,9.0,,no-official-km,1,0,C
贵州:Y382,Y382,,24.0,,no-official-km,1,0,C
贵州:Y39,Y39,,2.4,,no-official-km,1,0,C
贵州:Y4,Y4,,57.9,,no-official-km,5,4,C
贵州:Y407,Y407,,15.6,,no-official-km,1,0,C
贵州:Y45,Y45,,4.4,,no-official-km,1,0,C
贵州:Y47,Y47,,2.2,,no-official-km,1,0,C
贵州:Y492,Y492,,3.0,,no-official-km,1,0,C
贵州:Y496,Y496,,26.4,,no-official-km,1,0,C
贵州:Y5,Y5,,63.5,,no-official-km,5,4,C
贵州:Y536,Y536,,29.4,,no-official-km,1,0,C
贵州:Y572,Y572,,6.1,,no-official-km,1,0,C
贵州:Y587,Y587,,6.6,,no-official-km,1,0,C
贵州:Y596,Y596,,7.1,,no-official-km,1,0,C
贵州:Y6,Y6,,87.3,,no-official-km,8,7,C
贵州:Y622,Y622,,11.7,,no-official-km,1,0,C
贵州:Y65,Y65,,5.0,,no-official-km,1,0,C
贵州:Y67,Y67,,6.9,,no-official-km,1,0,C
贵州:Y68,Y68,,20.2,,no-official-km,2,1,C
贵州:Y7,Y7,,20.3,,no-official-km,3,2,C
贵州:Y715,Y715,,8.0,,no-official-km,1,0,C
贵州:Y731,Y731,,2.0,,no-official-km,1,0,C
贵州:Y732,Y732,,3.4,,no-official-km,2,1,C
贵州:Y734,Y734,,1.7,,no-official-km,1,0,C
贵州:Y735,Y735,,3.7,,no-official-km,1,0,C
贵州:Y743,Y743,,2.3,,no-official-km,1,0,C
贵州:Y758,Y758,,15.6,,no-official-km,1,0,C
贵州:Y760,Y760,,1.3,,no-official-km,1,0,C
贵州:Y796,Y796,,1.0,,no-official-km,1,0,C
贵州:Y8,Y8,,21.0,,no-official-km,4,3,C
贵州:Y80,Y80,,12.8,,no-official-km,1,0,C
贵州:Y846,Y846,,4.1,,no-official-km,1,0,C
贵州:Y849,Y849,,11.8,,no-official-km,1,0,C
贵州:Y9,Y9,,81.7,,no-official-km,6,5,C
贵州:Y903,Y903,,3.4,,no-official-km,1,0,C
贵州:Y91,Y91,,3.0,,no-official-km,1,0,C
贵州:Y94,Y94,,6.1,,no-official-km,1,0,C
贵州:Y955,Y955,,14.1,,no-official-km,1,0,C
贵州:Y962,Y962,,3.4,,no-official-km,1,0,C
贵州:Y99,Y99,,3.1,,no-official-km,1,0,C
海南:Y107,Y107,,4.5,,no-official-km,1,0,C
海南:Y110,Y110,,5.0,,no-official-km,1,0,C
海南:Y128,Y128,,5.7,,no-official-km,2,1,C
海南:Y132,Y132,,8.9,,no-official-km,1,0,C
海南:Y133,Y133,,2.5,,no-official-km,2,1,C
海南:Y149,Y149,,3.7,,no-official-km,1,0,C
海南:Y161,Y161,,2.5,,no-official-km,1,0,C
海南:Y183,Y183,,17.4,,no-official-km,1,0,C
海南:Y186,Y186,,5.4,,no-official-km,1,0,C
海南:Y187,Y187,,2.2,,no-official-km,1,0,C
海南:Y189,Y189,,9.8,,no-official-km,2,1,C
海南:Y192,Y192,,3.1,,no-official-km,2,1,C
海南:Y193,Y193,,5.6,,no-official-km,1,0,C
海南:Y208,Y208,,10.3,,no-official-km,1,0,C
海南:Y238,Y238,,7.2,,no-official-km,1,0,C
海南:Y298,Y298,,1.4,,no-official-km,1,0,C
海南:Y33,Y33,,3.6,,no-official-km,1,0,C
海南:Y4,Y4,,11.2,,no-official-km,3,2,C
海南:Y47,Y47,,9.6,,no-official-km,1,0,C
海南:Y48,Y48,,0.5,,no-official-km,1,0,C
海南:Y49,Y49,,4.7,,no-official-km,1,0,C
海南:Y5,Y5,,6.1,,no-official-km,1,0,C
海南:Y67,Y67,,0.8,,no-official-km,1,0,C
海南:Y7,Y7,,13.2,,no-official-km,1,0,C
海南:Y71,Y71,,9.9,,no-official-km,1,0,C
海南:Y73,Y73,,3.6,,no-official-km,1,0,C
海南:Y74,Y74,,6.7,,no-official-km,1,0,C
海南:Y88,Y88,,1.9,,no-official-km,1,0,C
河北:Y1,Y1,,4.7,,no-official-km,1,0,C
河北:Y10,Y10,,5.6,,no-official-km,1,0,C
河北:Y100,Y100,,7.7,,broken-jump,1,0,C
河北:Y101,Y101,,39.2,,no-official-km,3,2,C
河北:Y102,Y102,,1.1,,no-official-km,1,0,C
河北:Y103,Y103,,9.2,,no-official-km,3,2,C
河北:Y104,Y104,,18.2,,no-official-km,3,2,C
河北:Y105,Y105,,11.4,,no-official-km,3,2,C
河北:Y106,Y106,,9.4,,no-official-km,2,1,C
河北:Y107,Y107,,30.2,,no-official-km,4,3,C
河北:Y108,Y108,,11.3,,no-official-km,1,0,C
河北:Y109,Y109,,10.3,,no-official-km,2,1,C
河北:Y11,Y11,,5.9,,no-official-km,1,0,C
河北:Y110,Y110,,15.6,,no-official-km,2,1,C
河北:Y111,Y111,,3.6,,no-official-km,1,0,C
河北:Y112,Y112,,12.5,,no-official-km,3,2,C
河北:Y113,Y113,,1.2,,no-official-km,1,0,C
河北:Y114,Y114,,7.1,,no-official-km,1,0,C
河北:Y115,Y115,,3.2,,no-official-km,1,0,C
河北:Y116,Y116,,67.6,,no-official-km,3,2,C
河北:Y117,Y117,,7.8,,no-official-km,2,1,C
河北:Y119,Y119,,2.7,,no-official-km,1,0,C
河北:Y12,Y12,,14.6,,no-official-km,6,5,C
河北:Y120,Y120,,4.7,,no-official-km,1,0,C
河北:Y121,Y121,,1.1,,no-official-km,1,0,C
河北:Y122,Y122,,7.3,,no-official-km,2,1,C
河北:Y123,Y123,,9.8,,no-official-km,3,2,C
河北:Y124,Y124,,9.0,,no-official-km,1,0,C
河北:Y125,Y125,,8.0,,no-official-km,1,0,C
河北:Y126,Y126,,5.6,,no-official-km,1,0,C
河北:Y127,Y127,,17.8,,no-official-km,1,0,C
河北:Y128,Y128,,36.9,,no-official-km,2,1,C
河北:Y129,Y129,,8.0,,no-official-km,1,0,C
河北:Y13,Y13,,19.6,,no-official-km,2,1,C
河北:Y130,Y130,,5.7,,no-official-km,1,0,C
河北:Y131,Y131,,24.2,,no-official-km,2,1,C
河北:Y132,Y132,,6.7,,no-official-km,1,0,C
河北:Y133,Y133,,10.6,,no-official-km,1,0,C
河北:Y135,Y135,,10.7,,no-official-km,1,0,C
河北:Y139,Y139,,4.7,,no-official-km,2,1,C
河北:Y14,Y14,,5.8,,no-official-km,2,1,C
河北:Y142,Y142,,4.9,,no-official-km,1,0,C
河北:Y143,Y143,,3.9,,no-official-km,2,1,C
河北:Y144,Y144,,12.2,,no-official-km,1,0,C
河北:Y145,Y145,,32.0,,no-official-km,2,1,C
河北:Y146,Y146,,3.4,,no-official-km,1,0,C
河北:Y149,Y149,,5.6,,no-official-km,1,0,C
河北:Y15,Y15,,3.9,,no-official-km,2,1,C
河北:Y151,Y151,,6.6,,no-official-km,2,1,C
河北:Y152,Y152,,36.5,,no-official-km,2,1,C
河北:Y153,Y153,,1.9,,no-official-km,1,0,C
河北:Y154,Y154,,13.3,,no-official-km,2,1,C
河北:Y156,Y156,,15.6,,no-official-km,2,1,C
河北:Y157,Y157,,6.5,,no-official-km,1,0,C
河北:Y158,Y158,,5.8,,no-official-km,1,0,C
河北:Y159,Y159,,11.5,,no-official-km,1,0,C
河北:Y16,Y16,,19.6,,no-official-km,2,1,C
河北:Y160,Y160,,17.5,,broken-jump,1,0,C
河北:Y161,Y161,,22.5,,no-official-km,3,2,C
河北:Y162,Y162,,35.2,,no-official-km,2,1,C
河北:Y163,Y163,,31.7,,no-official-km,2,1,C
河北:Y164,Y164,,6.4,,no-official-km,1,0,C
河北:Y165,Y165,,8.9,,no-official-km,4,3,C
河北:Y166,Y166,,3.0,,no-official-km,1,0,C
河北:Y168,Y168,,4.8,,no-official-km,1,0,C
河北:Y169,Y169,,25.7,,no-official-km,3,2,C
河北:Y172,Y172,,19.6,,no-official-km,3,2,C
河北:Y173,Y173,,7.9,,no-official-km,1,0,C
河北:Y174,Y174,,10.4,,no-official-km,2,1,C
河北:Y175,Y175,,7.6,,no-official-km,1,0,C
河北:Y176,Y176,,13.5,,no-official-km,1,0,C
河北:Y177,Y177,,22.6,,no-official-km,1,0,C
河北:Y178,Y178,,11.4,,broken-jump,1,0,C
河北:Y179,Y179,,15.6,,no-official-km,2,1,C
河北:Y18,Y18,,15.9,,no-official-km,1,0,C
河北:Y180,Y180,,12.7,,no-official-km,2,1,C
河北:Y181,Y181,,7.2,,no-official-km,2,1,C
河北:Y182,Y182,,10.3,,no-official-km,2,1,C
河北:Y183,Y183,,9.8,,no-official-km,1,0,C
河北:Y184,Y184,,11.3,,no-official-km,1,0,C
河北:Y185,Y185,,4.5,,no-official-km,1,0,C
河北:Y187,Y187,,4.3,,no-official-km,1,0,C
河北:Y19,Y19,,5.6,,no-official-km,1,0,C
河北:Y191,Y191,,1.1,,no-official-km,1,0,C
河北:Y192,Y192,,1.6,,no-official-km,1,0,C
河北:Y193,Y193,,6.2,,no-official-km,1,0,C
河北:Y195,Y195,,1.2,,no-official-km,1,0,C
河北:Y196,Y196,,3.4,,no-official-km,1,0,C
河北:Y197,Y197,,6.9,,no-official-km,2,1,C
河北:Y198,Y198,,8.3,,no-official-km,1,0,C
河北:Y199,Y199,,6.5,,no-official-km,1,0,C
河北:Y2,Y2,,35.0,,no-official-km,1,0,C
河北:Y20,Y20,,13.4,,no-official-km,2,1,C
河北:Y200,Y200,,6.9,,no-official-km,1,0,C
河北:Y201,Y201,,3.0,,no-official-km,1,0,C
河北:Y202,Y202,,12.7,,no-official-km,3,2,C
河北:Y203,Y203,,2.9,,no-official-km,1,0,C
河北:Y204,Y204,,3.6,,no-official-km,1,0,C
河北:Y205,Y205,,19.1,,no-official-km,2,1,C
河北:Y206,Y206,,28.3,,no-official-km,4,3,C
河北:Y207,Y207,,44.9,,no-official-km,3,2,C
河北:Y208,Y208,,23.5,,no-official-km,3,2,C
河北:Y209,Y209,,9.5,,no-official-km,3,2,C
河北:Y21,Y21,,26.9,,no-official-km,5,4,C
河北:Y210,Y210,,16.3,,no-official-km,2,1,C
河北:Y211,Y211,,33.7,,no-official-km,2,1,C
河北:Y212,Y212,,12.6,,no-official-km,1,0,C
河北:Y213,Y213,,26.9,,no-official-km,1,0,C
河北:Y214,Y214,,36.2,,no-official-km,5,4,C
河北:Y215,Y215,,9.7,,no-official-km,2,1,C
河北:Y216,Y216,,26.0,,no-official-km,2,1,C
河北:Y217,Y217,,7.4,,no-official-km,1,0,C
河北:Y218,Y218,,19.7,,broken-jump,2,1,C
河北:Y219,Y219,,12.1,,no-official-km,1,0,C
河北:Y22,Y22,,5.1,,no-official-km,1,0,C
河北:Y220,Y220,,12.1,,no-official-km,1,0,C
河北:Y221,Y221,,6.5,,no-official-km,1,0,C
河北:Y222,Y222,,12.7,,no-official-km,2,1,C
河北:Y223,Y223,,12.7,,no-official-km,3,2,C
河北:Y226,Y226,,8.0,,no-official-km,1,0,C
河北:Y227,Y227,,12.6,,no-official-km,2,1,C
河北:Y229,Y229,,8.2,,broken-jump,1,0,C
河北:Y23,Y23,,51.5,,no-official-km,4,3,C
河北:Y231,Y231,,8.0,,no-official-km,1,0,C
河北:Y232,Y232,,2.8,,no-official-km,1,0,C
河北:Y233,Y233,,16.4,,no-official-km,2,1,C
河北:Y234,Y234,,0.4,,no-official-km,1,0,C
河北:Y235,Y235,,7.6,,no-official-km,2,1,C
河北:Y236,Y236,,4.1,,no-official-km,1,0,C
河北:Y239,Y239,,1.9,,no-official-km,1,0,C
河北:Y24,Y24,,17.3,,no-official-km,3,2,C
河北:Y241,Y241,,2.3,,no-official-km,1,0,C
河北:Y242,Y242,,0.6,,no-official-km,1,0,C
河北:Y244,Y244,,6.8,,no-official-km,2,1,C
河北:Y245,Y245,,8.4,,no-official-km,2,1,C
河北:Y246,Y246,,4.6,,no-official-km,1,0,C
河北:Y247,Y247,,5.2,,no-official-km,1,0,C
河北:Y248,Y248,,8.5,,no-official-km,1,0,C
河北:Y249,Y249,,4.8,,no-official-km,1,0,C
河北:Y25,Y25,,17.0,,no-official-km,1,0,C
河北:Y250,Y250,,4.3,,no-official-km,1,0,C
河北:Y251,Y251,,23.0,,no-official-km,2,1,C
河北:Y252,Y252,,6.2,,no-official-km,1,0,C
河北:Y253,Y253,,21.0,,no-official-km,2,1,C
河北:Y254,Y254,,11.7,,no-official-km,1,0,C
河北:Y255,Y255,,8.1,,no-official-km,2,1,C
河北:Y256,Y256,,9.4,,no-official-km,2,1,C
河北:Y257,Y257,,42.2,,no-official-km,3,2,C
河北:Y258,Y258,,26.4,,no-official-km,3,2,C
河北:Y259,Y259,,21.7,,no-official-km,2,1,C
河北:Y26,Y26,,24.5,,no-official-km,3,2,C
河北:Y260,Y260,,21.0,,no-official-km,1,0,C
河北:Y261,Y261,,13.7,,no-official-km,1,0,C
河北:Y262,Y262,,4.1,,no-official-km,1,0,C
河北:Y263,Y263,,13.5,,no-official-km,2,1,C
河北:Y264,Y264,,4.8,,no-official-km,1,0,C
河北:Y265,Y265,,18.6,,no-official-km,3,2,C
河北:Y266,Y266,,16.6,,no-official-km,1,0,C
河北:Y267,Y267,,9.5,,no-official-km,1,0,C
河北:Y268,Y268,,9.3,,no-official-km,1,0,C
河北:Y27,Y27,,15.8,,no-official-km,1,0,C
河北:Y270,Y270,,7.3,,no-official-km,1,0,C
河北:Y271,Y271,,6.4,,no-official-km,1,0,C
河北:Y272,Y272,,3.3,,no-official-km,2,1,C
河北:Y275,Y275,,10.5,,no-official-km,1,0,C
河北:Y28,Y28,,6.2,,no-official-km,1,0,C
河北:Y284,Y284,,2.1,,no-official-km,1,0,C
河北:Y287,Y287,,13.8,,no-official-km,1,0,C
河北:Y288,Y288,,20.3,,no-official-km,1,0,C
河北:Y289,Y289,,10.2,,no-official-km,3,2,C
河北:Y29,Y29,,20.9,,broken-jump,3,2,C
河北:Y290,Y290,,5.1,,no-official-km,1,0,C
河北:Y291,Y291,,19.5,,no-official-km,1,0,C
河北:Y292,Y292,,20.6,,no-official-km,2,1,C
河北:Y293,Y293,,9.8,,no-official-km,2,1,C
河北:Y294,Y294,,13.0,,no-official-km,1,0,C
河北:Y298,Y298,,16.3,,no-official-km,2,1,C
河北:Y299,Y299,,9.0,,no-official-km,1,0,C
河北:Y3,Y3,,18.8,,no-official-km,4,3,C
河北:Y30,Y30,,17.8,,no-official-km,4,3,C
河北:Y300,Y300,,12.5,,no-official-km,2,1,C
河北:Y301,Y301,,9.0,,no-official-km,3,2,C
河北:Y302,Y302,,5.7,,no-official-km,1,0,C
河北:Y303,Y303,,2.8,,no-official-km,1,0,C
河北:Y304,Y304,,15.9,,no-official-km,2,1,C
河北:Y305,Y305,,8.0,,no-official-km,1,0,C
河北:Y306,Y306,,2.6,,no-official-km,1,0,C
河北:Y307,Y307,,2.2,,no-official-km,1,0,C
河北:Y308,Y308,,20.0,,no-official-km,2,1,C
河北:Y309,Y309,,6.2,,no-official-km,1,0,C
河北:Y31,Y31,,18.0,,no-official-km,2,1,C
河北:Y313,Y313,,9.0,,no-official-km,1,0,C
河北:Y32,Y32,,38.5,,no-official-km,4,3,C
河北:Y323,Y323,,2.1,,no-official-km,1,0,C
河北:Y33,Y33,,25.2,,no-official-km,3,2,C
河北:Y330,Y330,,2.3,,no-official-km,1,0,C
河北:Y335,Y335,,1.3,,no-official-km,1,0,C
河北:Y336,Y336,,20.6,,no-official-km,1,0,C
河北:Y337,Y337,,2.8,,no-official-km,1,0,C
河北:Y338,Y338,,8.8,,no-official-km,1,0,C
河北:Y339,Y339,,1.4,,no-official-km,1,0,C
河北:Y34,Y34,,5.5,,no-official-km,2,1,C
河北:Y340,Y340,,2.6,,no-official-km,1,0,C
河北:Y342,Y342,,3.6,,no-official-km,1,0,C
河北:Y343,Y343,,8.1,,no-official-km,1,0,C
河北:Y344,Y344,,3.5,,no-official-km,1,0,C
河北:Y346,Y346,,1.3,,no-official-km,1,0,C
河北:Y349,Y349,,14.7,,no-official-km,2,1,C
河北:Y35,Y35,,4.0,,no-official-km,1,0,C
河北:Y350,Y350,,3.3,,no-official-km,1,0,C
河北:Y352,Y352,,2.1,,no-official-km,1,0,C
河北:Y356,Y356,,7.9,,no-official-km,1,0,C
河北:Y357,Y357,,14.3,,no-official-km,2,1,C
河北:Y359,Y359,,2.3,,no-official-km,1,0,C
河北:Y36,Y36,,7.8,,no-official-km,1,0,C
河北:Y361,Y361,,12.5,,no-official-km,1,0,C
河北:Y363,Y363,,7.8,,no-official-km,2,1,C
河北:Y364,Y364,,7.8,,no-official-km,1,0,C
河北:Y365,Y365,,1.6,,no-official-km,2,1,C
河北:Y369,Y369,,1.6,,no-official-km,2,1,C
河北:Y37,Y37,,6.2,,no-official-km,1,0,C
河北:Y38,Y38,,29.8,,no-official-km,2,1,C
河北:Y386,Y386,,28.6,,no-official-km,1,0,C
河北:Y387,Y387,,12.5,,no-official-km,1,0,C
河北:Y4,Y4,,11.4,,no-official-km,2,1,C
河北:Y40,Y40,,19.5,,no-official-km,3,2,C
河北:Y402,Y402,,4.4,,no-official-km,1,0,C
河北:Y405,Y405,,3.3,,no-official-km,1,0,C
河北:Y41,Y41,,8.1,,no-official-km,2,1,C
河北:Y412,Y412,,1.3,,no-official-km,1,0,C
河北:Y413,Y413,,14.1,,no-official-km,2,1,C
河北:Y414,Y414,,8.6,,no-official-km,2,1,C
河北:Y417,Y417,,3.0,,no-official-km,1,0,C
河北:Y42,Y42,,7.2,,no-official-km,1,0,C
河北:Y43,Y43,,5.5,,no-official-km,1,0,C
河北:Y430,Y430,,1.3,,no-official-km,1,0,C
河北:Y44,Y44,,36.6,,no-official-km,3,2,C
河北:Y447,Y447,,4.0,,no-official-km,1,0,C
河北:Y45,Y45,,6.8,,no-official-km,1,0,C
河北:Y454,Y454,,3.8,,no-official-km,1,0,C
河北:Y458,Y458,,2.3,,no-official-km,1,0,C
河北:Y46,Y46,,8.2,,no-official-km,2,1,C
河北:Y465,Y465,,8.0,,no-official-km,2,1,C
河北:Y466,Y466,,3.7,,no-official-km,1,0,C
河北:Y467,Y467,,1.7,,no-official-km,1,0,C
河北:Y47,Y47,,8.1,,no-official-km,2,1,C
河北:Y471,Y471,,2.1,,no-official-km,1,0,C
河北:Y48,Y48,,4.8,,no-official-km,1,0,C
河北:Y49,Y49,,13.5,,no-official-km,1,0,C
河北:Y493,Y493,,7.3,,broken-jump,1,0,C
河北:Y5,Y5,,0.7,,no-official-km,1,0,C
河北:Y50,Y50,,38.5,,no-official-km,3,2,C
河北:Y502,Y502,,1.6,,no-official-km,1,0,C
河北:Y51,Y51,,42.0,,no-official-km,3,2,C
河北:Y510,Y510,,17.8,,no-official-km,1,0,C
河北:Y516,Y516,,3.0,,no-official-km,1,0,C
河北:Y517,Y517,,3.2,,no-official-km,1,0,C
河北:Y519,Y519,,8.8,,no-official-km,2,1,C
河北:Y52,Y52,,35.6,,no-official-km,3,2,C
河北:Y522,Y522,,17.9,,no-official-km,1,0,C
河北:Y523,Y523,,30.1,,no-official-km,1,0,C
河北:Y53,Y53,,14.8,,no-official-km,2,1,C
河北:Y539,Y539,,1.0,,no-official-km,1,0,C
河北:Y55,Y55,,0.9,,no-official-km,1,0,C
河北:Y551,Y551,,5.1,,no-official-km,2,1,C
河北:Y552,Y552,,4.1,,no-official-km,1,0,C
河北:Y554,Y554,,1.9,,no-official-km,1,0,C
河北:Y557,Y557,,9.0,,no-official-km,1,0,C
河北:Y560,Y560,,2.8,,no-official-km,1,0,C
河北:Y561,Y561,,2.1,,no-official-km,1,0,C
河北:Y562,Y562,,1.4,,no-official-km,1,0,C
河北:Y563,Y563,,1.3,,no-official-km,1,0,C
河北:Y567,Y567,,1.9,,no-official-km,1,0,C
河北:Y57,Y57,,25.3,,no-official-km,4,3,C
河北:Y58,Y58,,7.8,,no-official-km,1,0,C
河北:Y6,Y6,,36.2,,no-official-km,2,1,C
河北:Y60,Y60,,40.7,,no-official-km,3,2,C
河北:Y602,Y602,,1.1,,no-official-km,1,0,C
河北:Y603,Y603,,5.3,,no-official-km,3,2,C
河北:Y604,Y604,,1.2,,no-official-km,1,0,C
河北:Y606,Y606,,9.0,,no-official-km,3,2,C
河北:Y608,Y608,,0.5,,no-official-km,1,0,C
河北:Y61,Y61,,9.7,,no-official-km,1,0,C
河北:Y610,Y610,,11.9,,no-official-km,1,0,C
河北:Y62,Y62,,29.4,,no-official-km,5,4,C
河北:Y623,Y623,,2.2,,no-official-km,1,0,C
河北:Y626,Y626,,4.4,,no-official-km,1,0,C
河北:Y627,Y627,,1.1,,no-official-km,1,0,C
河北:Y628,Y628,,1.8,,no-official-km,1,0,C
河北:Y63,Y63,,26.3,,no-official-km,1,0,C
河北:Y64,Y64,,11.1,,no-official-km,2,1,C
河北:Y65,Y65,,5.6,,no-official-km,2,1,C
河北:Y652,Y652,,5.7,,no-official-km,1,0,C
河北:Y653,Y653,,5.2,,no-official-km,3,2,C
河北:Y657,Y657,,6.6,,no-official-km,1,0,C
河北:Y658,Y658,,4.9,,no-official-km,1,0,C
河北:Y68,Y68,,0.4,,no-official-km,1,0,C
河北:Y69,Y69,,30.3,,no-official-km,2,1,C
河北:Y7,Y7,,11.3,,no-official-km,2,1,C
河北:Y70,Y70,,24.9,,no-official-km,3,2,C
河北:Y701,Y701,,2.4,,no-official-km,1,0,C
河北:Y702,Y702,,4.1,,no-official-km,1,0,C
河北:Y704,Y704,,3.3,,no-official-km,1,0,C
河北:Y705,Y705,,4.8,,no-official-km,2,1,C
河北:Y706,Y706,,16.6,,no-official-km,3,2,C
河北:Y707,Y707,,2.2,,no-official-km,1,0,C
河北:Y708,Y708,,3.4,,no-official-km,1,0,C
河北:Y709,Y709,,22.7,,no-official-km,1,0,C
河北:Y712,Y712,,2.4,,no-official-km,1,0,C
河北:Y716,Y716,,1.3,,no-official-km,1,0,C
河北:Y72,Y72,,13.5,,no-official-km,2,1,C
河北:Y74,Y74,,4.9,,no-official-km,1,0,C
河北:Y75,Y75,,17.8,,no-official-km,4,3,C
河北:Y752,Y752,,3.6,,no-official-km,1,0,C
河北:Y753,Y753,,3.9,,no-official-km,1,0,C
河北:Y758,Y758,,2.0,,no-official-km,1,0,C
河北:Y76,Y76,,3.1,,no-official-km,1,0,C
河北:Y762,Y762,,1.1,,no-official-km,1,0,C
河北:Y77,Y77,,12.6,,no-official-km,1,0,C
河北:Y776,Y776,,0.9,,no-official-km,1,0,C
河北:Y79,Y79,,34.4,,no-official-km,2,1,C
河北:Y8,Y8,,11.3,,no-official-km,2,1,C
河北:Y80,Y80,,6.6,,no-official-km,1,0,C
河北:Y801,Y801,,3.7,,no-official-km,1,0,C
河北:Y802,Y802,,4.2,,no-official-km,1,0,C
河北:Y803,Y803,,3.5,,no-official-km,1,0,C
河北:Y805,Y805,,2.8,,no-official-km,1,0,C
河北:Y806,Y806,,6.2,,no-official-km,2,1,C
河北:Y807,Y807,,3.4,,no-official-km,2,1,C
河北:Y808,Y808,,2.7,,no-official-km,1,0,C
河北:Y809,Y809,,1.8,,no-official-km,1,0,C
河北:Y81,Y81,,3.2,,no-official-km,1,0,C
河北:Y811,Y811,,0.4,,no-official-km,1,0,C
河北:Y812,Y812,,3.5,,no-official-km,2,1,C
河北:Y814,Y814,,4.7,,no-official-km,2,1,C
河北:Y82,Y82,,34.7,,no-official-km,2,1,C
河北:Y83,Y83,,8.2,,no-official-km,2,1,C
河北:Y84,Y84,,1.4,,no-official-km,1,0,C
河北:Y853,Y853,,3.2,,no-official-km,1,0,C
河北:Y854,Y854,,2.5,,no-official-km,1,0,C
河北:Y856,Y856,,2.2,,no-official-km,1,0,C
河北:Y86,Y86,,1.1,,no-official-km,1,0,C
河北:Y865,Y865,,7.6,,broken-jump,1,0,C
河北:Y867,Y867,,2.5,,no-official-km,1,0,C
河北:Y87,Y87,,1.7,,no-official-km,1,0,C
河北:Y9,Y9,,7.3,,no-official-km,4,3,C
河北:Y904,Y904,,0.5,,no-official-km,1,0,C
河北:Y91,Y91,,11.1,,no-official-km,2,1,C
河北:Y911,Y911,,0.4,,no-official-km,1,0,C
河北:Y93,Y93,,10.6,,no-official-km,2,1,C
河北:Y94,Y94,,8.8,,no-official-km,1,0,C
河北:Y95,Y95,,6.5,,no-official-km,1,0,C
河北:Y951,Y951,,4.4,,no-official-km,1,0,C
河北:Y952,Y952,,1.6,,no-official-km,1,0,C
河北:Y96,Y96,,30.4,,no-official-km,3,2,C
河北:Y960,Y960,,3.7,,no-official-km,1,0,C
河北:Y967,Y967,,1.1,,no-official-km,1,0,C
河北:Y97,Y97,,18.3,,no-official-km,2,1,C
河北:Y98,Y98,,52.0,,no-official-km,4,3,C
河北:Y984,Y984,,4.2,,no-official-km,1,0,C
河北:Y985,Y985,,1.3,,no-official-km,1,0,C
河北:Y989,Y989,,5.0,,no-official-km,1,0,C
河北:Y99,Y99,,23.5,,no-official-km,2,1,C
河南:Y1,Y1,,167.7,,no-official-km,15,14,C
河南:Y10,Y10,,215.1,,no-official-km,25,24,C
河南:Y11,Y11,,40.1,,no-official-km,6,5,C
河南:Y12,Y12,,85.2,,no-official-km,8,7,C
河南:Y129,Y129,,2.2,,no-official-km,1,0,C
河南:Y13,Y13,,47.3,,no-official-km,9,8,C
河南:Y14,Y14,,91.3,,no-official-km,13,12,C
河南:Y146,Y146,,0.7,,no-official-km,1,0,C
河南:Y15,Y15,,38.1,,no-official-km,5,4,C
河南:Y152,Y152,,1.9,,no-official-km,1,0,C
河南:Y16,Y16,,74.8,,no-official-km,12,11,C
河南:Y17,Y17,,82.8,,no-official-km,9,8,C
河南:Y18,Y18,,90.0,,no-official-km,9,8,C
河南:Y188,Y188,,3.2,,no-official-km,1,0,C
河南:Y19,Y19,,6.4,,no-official-km,2,1,C
河南:Y2,Y2,,100.9,,broken-jump,15,14,C
河南:Y20,Y20,,34.6,,broken-jump,11,10,C
河南:Y203,Y203,,4.2,,no-official-km,1,0,C
河南:Y21,Y21,,19.1,,no-official-km,2,1,C
河南:Y22,Y22,,57.1,,no-official-km,12,11,C
河南:Y23,Y23,,10.8,,no-official-km,4,3,C
河南:Y24,Y24,,77.9,,no-official-km,12,11,C
河南:Y25,Y25,,5.2,,no-official-km,2,1,C
河南:Y26,Y26,,82.6,,broken-jump,15,14,C
河南:Y27,Y27,,5.5,,broken-jump,1,0,C
河南:Y28,Y28,,59.6,,broken-jump,9,8,C
河南:Y29,Y29,,11.3,,no-official-km,3,2,C
河南:Y3,Y3,,120.2,,no-official-km,16,15,C
河南:Y30,Y30,,38.7,,no-official-km,6,5,C
河南:Y307,Y307,,3.0,,no-official-km,1,0,C
河南:Y31,Y31,,29.8,,no-official-km,5,4,C
河南:Y311,Y311,,16.3,,no-official-km,1,0,C
河南:Y32,Y32,,65.1,,no-official-km,9,8,C
河南:Y33,Y33,,29.4,,no-official-km,4,3,C
河南:Y34,Y34,,35.5,,no-official-km,7,6,C
河南:Y341,Y341,,1.8,,no-official-km,1,0,C
河南:Y343,Y343,,3.3,,no-official-km,1,0,C
河南:Y35,Y35,,13.3,,no-official-km,2,1,C
河南:Y355,Y355,,2.5,,no-official-km,1,0,C
河南:Y36,Y36,,9.4,,no-official-km,2,1,C
河南:Y38,Y38,,67.4,,no-official-km,9,8,C
河南:Y39,Y39,,3.0,,no-official-km,1,0,C
河南:Y4,Y4,,201.2,,broken-jump,23,22,C
河南:Y40,Y40,,53.3,,no-official-km,7,6,C
河南:Y42,Y42,,30.2,,no-official-km,7,6,C
河南:Y43,Y43,,3.9,,no-official-km,1,0,C
河南:Y44,Y44,,22.9,,no-official-km,6,5,C
河南:Y46,Y46,,10.4,,no-official-km,3,2,C
河南:Y48,Y48,,6.8,,no-official-km,1,0,C
河南:Y49,Y49,,4.1,,no-official-km,1,0,C
河南:Y5,Y5,,144.5,,no-official-km,19,18,C
河南:Y50,Y50,,13.9,,no-official-km,4,3,C
河南:Y51,Y51,,11.1,,no-official-km,1,0,C
河南:Y52,Y52,,10.5,,no-official-km,2,1,C
河南:Y56,Y56,,34.6,,no-official-km,4,3,C
河南:Y58,Y58,,7.0,,no-official-km,1,0,C
河南:Y6,Y6,,112.8,,no-official-km,13,12,C
河南:Y61,Y61,,13.4,,no-official-km,2,1,C
河南:Y66,Y66,,5.0,,broken-jump,1,0,C
河南:Y69,Y69,,4.3,,no-official-km,1,0,C
河南:Y7,Y7,,126.4,,no-official-km,15,14,C
河南:Y73,Y73,,1.5,,no-official-km,1,0,C
河南:Y8,Y8,,84.9,,no-official-km,9,8,C
河南:Y9,Y9,,55.1,,no-official-km,10,9,C
黑龙江:Y1,Y1,,70.9,,no-official-km,4,3,C
黑龙江:Y10,Y10,,21.1,,no-official-km,1,0,C
黑龙江:Y11,Y11,,8.7,,no-official-km,2,1,C
黑龙江:Y12,Y12,,11.6,,no-official-km,1,0,C
黑龙江:Y13,Y13,,2.0,,no-official-km,1,0,C
黑龙江:Y15,Y15,,4.2,,no-official-km,1,0,C
黑龙江:Y16,Y16,,6.6,,no-official-km,1,0,C
黑龙江:Y163,Y163,,28.8,,no-official-km,1,0,C
黑龙江:Y192,Y192,,34.2,,no-official-km,1,0,C
黑龙江:Y2,Y2,,24.6,,no-official-km,2,1,C
黑龙江:Y202,Y202,,9.3,,no-official-km,1,0,C
黑龙江:Y203,Y203,,13.3,,no-official-km,2,1,C
黑龙江:Y3,Y3,,70.5,,no-official-km,6,5,C
黑龙江:Y4,Y4,,35.1,,no-official-km,3,2,C
黑龙江:Y401,Y401,,13.0,,no-official-km,1,0,C
黑龙江:Y402,Y402,,10.2,,no-official-km,1,0,C
黑龙江:Y404,Y404,,26.4,,broken-jump,1,0,C
黑龙江:Y408,Y408,,17.4,,broken-jump,1,0,C
黑龙江:Y451,Y451,,7.1,,no-official-km,1,0,C
黑龙江:Y456,Y456,,18.8,,no-official-km,2,1,C
黑龙江:Y457,Y457,,16.5,,broken-jump,1,0,C
黑龙江:Y461,Y461,,15.3,,broken-jump,1,0,C
黑龙江:Y462,Y462,,14.9,,broken-jump,1,0,C
黑龙江:Y466,Y466,,11.6,,no-official-km,1,0,C
黑龙江:Y5,Y5,,29.8,,no-official-km,1,0,C
黑龙江:Y502,Y502,,7.7,,no-official-km,1,0,C
黑龙江:Y51,Y51,,15.4,,no-official-km,1,0,C
黑龙江:Y56,Y56,,5.7,,no-official-km,1,0,C
黑龙江:Y57,Y57,,0.9,,no-official-km,1,0,C
黑龙江:Y6,Y6,,48.5,,no-official-km,4,3,C
黑龙江:Y60,Y60,,7.1,,no-official-km,1,0,C
黑龙江:Y603,Y603,,14.7,,no-official-km,1,0,C
黑龙江:Y607,Y607,,4.0,,no-official-km,1,0,C
黑龙江:Y61,Y61,,34.3,,no-official-km,2,1,C
黑龙江:Y63,Y63,,21.6,,no-official-km,1,0,C
黑龙江:Y73,Y73,,14.1,,no-official-km,1,0,C
黑龙江:Y8,Y8,,4.7,,no-official-km,2,1,C
黑龙江:Y86,Y86,,60.8,,broken-jump,1,0,C
湖北:Y10,Y10,,11.5,,no-official-km,1,0,C
湖北:Y103,Y103,,7.0,,no-official-km,1,0,C
湖北:Y105,Y105,,4.3,,no-official-km,1,0,C
湖北:Y108,Y108,,9.4,,no-official-km,1,0,C
湖北:Y109,Y109,,6.4,,no-official-km,1,0,C
湖北:Y110,Y110,,3.4,,no-official-km,1,0,C
湖北:Y111,Y111,,7.4,,no-official-km,1,0,C
湖北:Y118,Y118,,9.7,,no-official-km,1,0,C
湖北:Y121,Y121,,29.8,,broken-jump,2,1,C
湖北:Y126,Y126,,18.4,,no-official-km,1,0,C
湖北:Y129,Y129,,75.7,,no-official-km,2,1,C
湖北:Y13,Y13,,15.5,,no-official-km,3,2,C
湖北:Y131,Y131,,4.7,,no-official-km,1,0,C
湖北:Y132,Y132,,5.3,,no-official-km,1,0,C
湖北:Y133,Y133,,9.1,,broken-jump,1,0,C
湖北:Y139,Y139,,3.7,,no-official-km,1,0,C
湖北:Y14,Y14,,13.7,,no-official-km,3,2,C
湖北:Y141,Y141,,7.3,,no-official-km,2,1,C
湖北:Y143,Y143,,11.0,,no-official-km,4,3,C
湖北:Y144,Y144,,3.3,,no-official-km,1,0,C
湖北:Y146,Y146,,3.0,,no-official-km,1,0,C
湖北:Y15,Y15,,1.0,,no-official-km,1,0,C
湖北:Y150,Y150,,5.1,,no-official-km,1,0,C
湖北:Y151,Y151,,5.9,,no-official-km,1,0,C
湖北:Y152,Y152,,2.8,,no-official-km,1,0,C
湖北:Y154,Y154,,5.2,,no-official-km,1,0,C
湖北:Y155,Y155,,10.2,,no-official-km,1,0,C
湖北:Y157,Y157,,11.3,,no-official-km,1,0,C
湖北:Y16,Y16,,11.6,,no-official-km,3,2,C
湖北:Y161,Y161,,8.6,,no-official-km,1,0,C
湖北:Y169,Y169,,4.0,,no-official-km,1,0,C
湖北:Y17,Y17,,3.9,,no-official-km,1,0,C
湖北:Y179,Y179,,7.3,,no-official-km,1,0,C
湖北:Y181,Y181,,11.7,,no-official-km,1,0,C
湖北:Y185,Y185,,2.0,,no-official-km,1,0,C
湖北:Y186,Y186,,0.9,,no-official-km,1,0,C
湖北:Y188,Y188,,3.2,,no-official-km,1,0,C
湖北:Y190,Y190,,3.3,,no-official-km,1,0,C
湖北:Y2,Y2,,,,no-geometry,0,0,
湖北:Y201,Y201,,7.1,,no-official-km,1,0,C
湖北:Y202,Y202,,5.6,,no-official-km,1,0,C
湖北:Y203,Y203,,16.1,,broken-jump,2,1,C
湖北:Y208,Y208,,6.0,,no-official-km,1,0,C
湖北:Y21,Y21,,7.3,,no-official-km,1,0,C
湖北:Y211,Y211,,1.0,,no-official-km,1,0,C
湖北:Y212,Y212,,4.6,,no-official-km,2,1,C
湖北:Y214,Y214,,6.4,,no-official-km,1,0,C
湖北:Y215,Y215,,10.3,,no-official-km,1,0,C
湖北:Y22,Y22,,2.2,,no-official-km,1,0,C
湖北:Y223,Y223,,6.5,,no-official-km,1,0,C
湖北:Y23,Y23,,3.3,,no-official-km,1,0,C
湖北:Y231,Y231,,5.8,,no-official-km,1,0,C
湖北:Y25,Y25,,25.3,,no-official-km,4,3,C
湖北:Y26,Y26,,13.6,,no-official-km,1,0,C
湖北:Y27,Y27,,21.9,,no-official-km,2,1,C
湖北:Y275,Y275,,7.9,,no-official-km,1,0,C
湖北:Y28,Y28,,21.6,,no-official-km,2,1,C
湖北:Y282,Y282,,10.2,,no-official-km,1,0,C
湖北:Y284,Y284,,6.5,,no-official-km,2,1,C
湖北:Y290,Y290,,6.6,,no-official-km,1,0,C
湖北:Y296,Y296,,7.7,,no-official-km,2,1,C
湖北:Y299,Y299,,2.4,,no-official-km,1,0,C
湖北:Y3,Y3,,79.3,,no-official-km,4,3,C
湖北:Y30,Y30,,5.6,,broken-jump,1,0,C
湖北:Y300,Y300,,1.7,,no-official-km,1,0,C
湖北:Y301,Y301,,7.1,,no-official-km,2,1,C
湖北:Y302,Y302,,2.3,,no-official-km,1,0,C
湖北:Y307,Y307,,3.0,,no-official-km,1,0,C
湖北:Y308,Y308,,0.9,,no-official-km,1,0,C
湖北:Y313,Y313,,2.7,,no-official-km,1,0,C
湖北:Y315,Y315,,4.0,,no-official-km,1,0,C
湖北:Y32,Y32,,3.0,,no-official-km,1,0,C
湖北:Y34,Y34,,3.5,,no-official-km,1,0,C
湖北:Y37,Y37,,10.6,,no-official-km,1,0,C
湖北:Y38,Y38,,20.9,,no-official-km,2,1,C
湖北:Y39,Y39,,9.0,,no-official-km,1,0,C
湖北:Y4,Y4,,30.3,,no-official-km,2,1,C
湖北:Y403,Y403,,9.9,,no-official-km,1,0,C
湖北:Y41,Y41,,5.2,,no-official-km,2,1,C
湖北:Y42,Y42,,17.6,,no-official-km,2,1,C
湖北:Y45,Y45,,9.7,,no-official-km,3,2,C
湖北:Y47,Y47,,46.0,,broken-jump,3,2,C
湖北:Y48,Y48,,39.4,,no-official-km,4,3,C
湖北:Y49,Y49,,6.3,,no-official-km,1,0,C
湖北:Y5,Y5,,42.1,,no-official-km,4,3,C
湖北:Y51,Y51,,28.4,,no-official-km,1,0,C
湖北:Y52,Y52,,7.5,,no-official-km,1,0,C
湖北:Y53,Y53,,19.7,,no-official-km,1,0,C
湖北:Y534,Y534,,3.3,,no-official-km,1,0,C
湖北:Y54,Y54,,15.3,,no-official-km,2,1,C
湖北:Y55,Y55,,11.8,,no-official-km,2,1,C
湖北:Y56,Y56,,13.9,,no-official-km,2,1,C
湖北:Y57,Y57,,5.8,,no-official-km,1,0,C
湖北:Y58,Y58,,1.9,,no-official-km,1,0,C
湖北:Y59,Y59,,1.2,,no-official-km,1,0,C
湖北:Y6,Y6,,18.6,,no-official-km,3,2,C
湖北:Y61,Y61,,3.0,,no-official-km,2,1,C
湖北:Y62,Y62,,25.6,,no-official-km,2,1,C
湖北:Y63,Y63,,12.1,,no-official-km,2,1,C
湖北:Y65,Y65,,8.8,,no-official-km,2,1,C
湖北:Y67,Y67,,17.6,,no-official-km,2,1,C
湖北:Y7,Y7,,40.9,,no-official-km,2,1,C
湖北:Y71,Y71,,4.8,,no-official-km,1,0,C
湖北:Y73,Y73,,7.6,,no-official-km,1,0,C
湖北:Y76,Y76,,4.6,,no-official-km,1,0,C
湖北:Y8,Y8,,13.6,,no-official-km,2,1,C
湖北:Y80,Y80,,17.4,,no-official-km,3,2,C
湖北:Y81,Y81,,18.0,,no-official-km,2,1,C
湖北:Y83,Y83,,3.4,,no-official-km,1,0,C
湖北:Y84,Y84,,2.7,,no-official-km,1,0,C
湖北:Y85,Y85,,9.0,,no-official-km,1,0,C
湖北:Y87,Y87,,23.9,,broken-jump,2,1,C
湖北:Y88,Y88,,8.8,,no-official-km,2,1,C
湖北:Y9,Y9,,5.1,,no-official-km,1,0,C
湖北:Y90,Y90,,5.1,,no-official-km,1,0,C
湖北:Y92,Y92,,2.2,,no-official-km,1,0,C
湖北:Y93,Y93,,3.1,,no-official-km,1,0,C
湖北:Y94,Y94,,27.4,,no-official-km,2,1,C
湖南:Y10,Y10,,10.4,,no-official-km,3,2,C
湖南:Y101,Y101,,27.2,,no-official-km,2,1,C
湖南:Y104,Y104,,25.2,,no-official-km,3,2,C
湖南:Y105,Y105,,13.7,,no-official-km,1,0,C
湖南:Y107,Y107,,18.4,,no-official-km,2,1,C
湖南:Y11,Y11,,22.0,,no-official-km,5,4,C
湖南:Y112,Y112,,8.6,,no-official-km,3,2,C
湖南:Y115,Y115,,3.4,,no-official-km,1,0,C
湖南:Y119,Y119,,6.0,,no-official-km,1,0,C
湖南:Y12,Y12,,1.6,,no-official-km,1,0,C
湖南:Y120,Y120,,7.5,,no-official-km,1,0,C
湖南:Y122,Y122,,9.1,,no-official-km,2,1,C
湖南:Y127,Y127,,1.5,,no-official-km,1,0,C
湖南:Y128,Y128,,0.3,,no-official-km,1,0,C
湖南:Y13,Y13,,17.3,,no-official-km,3,2,C
湖南:Y134,Y134,,4.2,,no-official-km,1,0,C
湖南:Y138,Y138,,7.7,,no-official-km,2,1,C
湖南:Y140,Y140,,5.8,,no-official-km,1,0,C
湖南:Y146,Y146,,6.2,,no-official-km,1,0,C
湖南:Y147,Y147,,9.8,,no-official-km,1,0,C
湖南:Y148,Y148,,8.3,,no-official-km,1,0,C
湖南:Y149,Y149,,3.0,,no-official-km,1,0,C
湖南:Y15,Y15,,2.6,,no-official-km,2,1,C
湖南:Y16,Y16,,26.3,,no-official-km,2,1,C
湖南:Y168,Y168,,5.8,,no-official-km,1,0,C
湖南:Y169,Y169,,3.1,,no-official-km,1,0,C
湖南:Y17,Y17,,4.3,,no-official-km,1,0,C
湖南:Y172,Y172,,0.3,,no-official-km,1,0,C
湖南:Y173,Y173,,2.3,,no-official-km,3,2,C
湖南:Y179,Y179,,0.3,,no-official-km,1,0,C
湖南:Y18,Y18,,12.8,,no-official-km,2,1,C
湖南:Y182,Y182,,4.5,,no-official-km,1,0,C
湖南:Y186,Y186,,11.1,,no-official-km,1,0,C
湖南:Y188,Y188,,11.4,,no-official-km,2,1,C
湖南:Y193,Y193,,0.5,,no-official-km,1,0,C
湖南:Y199,Y199,,11.9,,no-official-km,1,0,C
湖南:Y2,Y2,,3.1,,no-official-km,1,0,C
湖南:Y20,Y20,,0.1,,no-official-km,1,0,C
湖南:Y201,Y201,,19.8,,no-official-km,2,1,C
湖南:Y204,Y204,,10.9,,no-official-km,2,1,C
湖南:Y205,Y205,,4.9,,no-official-km,1,0,C
湖南:Y207,Y207,,0.7,,no-official-km,1,0,C
湖南:Y21,Y21,,3.6,,no-official-km,2,1,C
湖南:Y215,Y215,,13.3,,no-official-km,1,0,C
湖南:Y22,Y22,,5.8,,no-official-km,1,0,C
湖南:Y221,Y221,,4.1,,no-official-km,2,1,C
湖南:Y224,Y224,,2.9,,no-official-km,1,0,C
湖南:Y225,Y225,,30.7,,no-official-km,2,1,C
湖南:Y226,Y226,,33.2,,no-official-km,2,1,C
湖南:Y228,Y228,,3.9,,no-official-km,1,0,C
湖南:Y239,Y239,,3.2,,no-official-km,1,0,C
湖南:Y24,Y24,,12.5,,no-official-km,2,1,C
湖南:Y240,Y240,,7.8,,no-official-km,1,0,C
湖南:Y241,Y241,,11.7,,no-official-km,1,0,C
湖南:Y245,Y245,,8.9,,no-official-km,1,0,C
湖南:Y246,Y246,,33.2,,no-official-km,3,2,C
湖南:Y248,Y248,,13.5,,no-official-km,2,1,C
湖南:Y252,Y252,,6.8,,no-official-km,1,0,C
湖南:Y253,Y253,,2.9,,no-official-km,1,0,C
湖南:Y255,Y255,,7.0,,no-official-km,1,0,C
湖南:Y256,Y256,,11.8,,no-official-km,1,0,C
湖南:Y257,Y257,,7.4,,no-official-km,1,0,C
湖南:Y259,Y259,,10.9,,no-official-km,2,1,C
湖南:Y26,Y26,,9.9,,no-official-km,1,0,C
湖南:Y262,Y262,,12.6,,no-official-km,1,0,C
湖南:Y266,Y266,,18.5,,no-official-km,1,0,C
湖南:Y27,Y27,,18.9,,no-official-km,2,1,C
湖南:Y276,Y276,,1.3,,no-official-km,1,0,C
湖南:Y28,Y28,,8.7,,no-official-km,1,0,C
湖南:Y282,Y282,,6.9,,no-official-km,1,0,C
湖南:Y284,Y284,,7.4,,no-official-km,1,0,C
湖南:Y285,Y285,,8.0,,no-official-km,2,1,C
湖南:Y287,Y287,,0.6,,no-official-km,1,0,C
湖南:Y288,Y288,,4.8,,no-official-km,1,0,C
湖南:Y289,Y289,,3.9,,no-official-km,1,0,C
湖南:Y29,Y29,,0.7,,no-official-km,1,0,C
湖南:Y290,Y290,,6.6,,no-official-km,1,0,C
湖南:Y291,Y291,,2.6,,no-official-km,1,0,C
湖南:Y292,Y292,,1.5,,no-official-km,1,0,C
湖南:Y293,Y293,,0.9,,no-official-km,1,0,C
湖南:Y294,Y294,,5.1,,no-official-km,1,0,C
湖南:Y295,Y295,,6.9,,no-official-km,1,0,C
湖南:Y30,Y30,,2.6,,no-official-km,2,1,C
湖南:Y301,Y301,,29.7,,no-official-km,1,0,C
湖南:Y302,Y302,,25.8,,no-official-km,1,0,C
湖南:Y304,Y304,,0.9,,no-official-km,1,0,C
湖南:Y31,Y31,,12.6,,no-official-km,1,0,C
湖南:Y319,Y319,,3.8,,no-official-km,1,0,C
湖南:Y32,Y32,,0.2,,no-official-km,1,0,C
湖南:Y337,Y337,,3.9,,no-official-km,1,0,C
湖南:Y339,Y339,,8.5,,no-official-km,1,0,C
湖南:Y35,Y35,,19.3,,no-official-km,5,4,C
湖南:Y351,Y351,,12.8,,no-official-km,1,0,C
湖南:Y37,Y37,,6.9,,no-official-km,2,1,C
湖南:Y38,Y38,,5.7,,no-official-km,2,1,C
湖南:Y39,Y39,,4.0,,no-official-km,1,0,C
湖南:Y4,Y4,,47.7,,no-official-km,1,0,C
湖南:Y400,Y400,,2.2,,no-official-km,1,0,C
湖南:Y41,Y41,,15.8,,no-official-km,1,0,C
湖南:Y42,Y42,,1.4,,no-official-km,1,0,C
湖南:Y432,Y432,,8.7,,no-official-km,1,0,C
湖南:Y447,Y447,,4.0,,no-official-km,1,0,C
湖南:Y448,Y448,,3.7,,no-official-km,1,0,C
湖南:Y45,Y45,,10.9,,no-official-km,2,1,C
湖南:Y460,Y460,,2.9,,no-official-km,1,0,C
湖南:Y469,Y469,,8.8,,no-official-km,2,1,C
湖南:Y480,Y480,,11.7,,no-official-km,1,0,C
湖南:Y5,Y5,,23.0,,no-official-km,3,2,C
湖南:Y501,Y501,,7.1,,no-official-km,1,0,C
湖南:Y502,Y502,,5.7,,no-official-km,1,0,C
湖南:Y503,Y503,,10.2,,no-official-km,2,1,C
湖南:Y504,Y504,,7.5,,no-official-km,1,0,C
湖南:Y509,Y509,,5.4,,no-official-km,1,0,C
湖南:Y53,Y53,,6.6,,no-official-km,1,0,C
湖南:Y54,Y54,,7.9,,no-official-km,1,0,C
湖南:Y552,Y552,,0.2,,no-official-km,1,0,C
湖南:Y556,Y556,,1.0,,no-official-km,1,0,C
湖南:Y558,Y558,,2.9,,no-official-km,1,0,C
湖南:Y559,Y559,,5.5,,no-official-km,1,0,C
湖南:Y6,Y6,,1.5,,no-official-km,1,0,C
湖南:Y606,Y606,,3.4,,no-official-km,1,0,C
湖南:Y607,Y607,,12.2,,no-official-km,1,0,C
湖南:Y608,Y608,,13.4,,no-official-km,1,0,C
湖南:Y609,Y609,,17.0,,no-official-km,1,0,C
湖南:Y62,Y62,,11.8,,no-official-km,1,0,C
湖南:Y621,Y621,,1.2,,no-official-km,1,0,C
湖南:Y622,Y622,,9.3,,no-official-km,1,0,C
湖南:Y632,Y632,,2.2,,no-official-km,1,0,C
湖南:Y656,Y656,,0.6,,no-official-km,1,0,C
湖南:Y666,Y666,,8.0,,no-official-km,1,0,C
湖南:Y69,Y69,,3.3,,no-official-km,1,0,C
湖南:Y7,Y7,,15.9,,no-official-km,3,2,C
湖南:Y719,Y719,,10.9,,no-official-km,1,0,C
湖南:Y72,Y72,,5.1,,no-official-km,1,0,C
湖南:Y737,Y737,,4.3,,no-official-km,1,0,C
湖南:Y74,Y74,,3.9,,no-official-km,1,0,C
湖南:Y75,Y75,,14.2,,no-official-km,1,0,C
湖南:Y76,Y76,,16.4,,no-official-km,3,2,C
湖南:Y763,Y763,,5.8,,no-official-km,1,0,C
湖南:Y77,Y77,,0.9,,no-official-km,1,0,C
湖南:Y787,Y787,,1.5,,no-official-km,1,0,C
湖南:Y8,Y8,,10.0,,no-official-km,1,0,C
湖南:Y810,Y810,,3.2,,no-official-km,1,0,C
湖南:Y828,Y828,,1.1,,no-official-km,1,0,C
湖南:Y86,Y86,,6.6,,no-official-km,1,0,C
湖南:Y89,Y89,,2.3,,no-official-km,2,1,C
湖南:Y9,Y9,,4.5,,no-official-km,1,0,C
湖南:Y907,Y907,,22.6,,no-official-km,1,0,C
湖南:Y92,Y92,,8.7,,no-official-km,1,0,C
湖南:Y927,Y927,,14.1,,no-official-km,1,0,C
湖南:Y93,Y93,,1.7,,no-official-km,1,0,C
湖南:Y95,Y95,,3.9,,no-official-km,1,0,C
湖南:Y953,Y953,,9.3,,no-official-km,1,0,C
湖南:Y956,Y956,,10.9,,no-official-km,1,0,C
湖南:Y957,Y957,,0.9,,no-official-km,1,0,C
湖南:Y96,Y96,,8.1,,no-official-km,1,0,C
湖南:Y961,Y961,,6.7,,no-official-km,1,0,C
湖南:Y962,Y962,,4.7,,no-official-km,1,0,C
湖南:Y98,Y98,,11.0,,no-official-km,1,0,C
湖南:Y99,Y99,,2.3,,no-official-km,1,0,C
吉林:Y1,Y1,,73.5,,no-official-km,6,5,C
吉林:Y101,Y101,,9.5,,no-official-km,1,0,C
吉林:Y102,Y102,,18.4,,no-official-km,2,1,C
吉林:Y103,Y103,,9.4,,no-official-km,1,0,C
吉林:Y105,Y105,,7.4,,no-official-km,1,0,C
吉林:Y106,Y106,,10.8,,no-official-km,3,2,C
吉林:Y11,Y11,,24.1,,no-official-km,3,2,C
吉林:Y110,Y110,,12.9,,no-official-km,2,1,C
吉林:Y117,Y117,,50.0,,no-official-km,1,0,C
吉林:Y12,Y12,,21.7,,no-official-km,4,3,C
吉林:Y125,Y125,,5.2,,no-official-km,1,0,C
吉林:Y13,Y13,,16.6,,no-official-km,3,2,C
吉林:Y14,Y14,,37.1,,no-official-km,5,4,C
吉林:Y15,Y15,,23.8,,no-official-km,3,2,C
吉林:Y151,Y151,,7.1,,no-official-km,1,0,C
吉林:Y152,Y152,,4.8,,no-official-km,1,0,C
吉林:Y154,Y154,,20.4,,no-official-km,1,0,C
吉林:Y155,Y155,,5.3,,no-official-km,1,0,C
吉林:Y157,Y157,,9.9,,no-official-km,1,0,C
吉林:Y16,Y16,,2.9,,no-official-km,1,0,C
吉林:Y163,Y163,,20.1,,no-official-km,1,0,C
吉林:Y17,Y17,,5.0,,no-official-km,2,1,C
吉林:Y18,Y18,,20.8,,no-official-km,3,2,C
吉林:Y19,Y19,,4.5,,no-official-km,1,0,C
吉林:Y2,Y2,,48.7,,no-official-km,4,3,C
吉林:Y20,Y20,,4.5,,no-official-km,1,0,C
吉林:Y21,Y21,,12.8,,no-official-km,3,2,C
吉林:Y22,Y22,,18.9,,no-official-km,2,1,C
吉林:Y24,Y24,,26.6,,no-official-km,3,2,C
吉林:Y25,Y25,,18.2,,no-official-km,2,1,C
吉林:Y26,Y26,,15.6,,no-official-km,3,2,C
吉林:Y27,Y27,,13.4,,no-official-km,3,2,C
吉林:Y28,Y28,,16.8,,no-official-km,3,2,C
吉林:Y29,Y29,,2.8,,no-official-km,1,0,C
吉林:Y3,Y3,,30.4,,no-official-km,5,4,C
吉林:Y30,Y30,,23.8,,no-official-km,2,1,C
吉林:Y31,Y31,,18.3,,no-official-km,1,0,C
吉林:Y32,Y32,,2.4,,no-official-km,2,1,C
吉林:Y34,Y34,,4.1,,no-official-km,1,0,C
吉林:Y35,Y35,,15.7,,no-official-km,1,0,C
吉林:Y37,Y37,,23.1,,no-official-km,2,1,C
吉林:Y38,Y38,,9.3,,no-official-km,1,0,C
吉林:Y39,Y39,,11.7,,no-official-km,1,0,C
吉林:Y4,Y4,,26.6,,no-official-km,1,0,C
吉林:Y40,Y40,,14.2,,no-official-km,2,1,C
吉林:Y41,Y41,,9.1,,no-official-km,1,0,C
吉林:Y42,Y42,,19.7,,no-official-km,2,1,C
吉林:Y43,Y43,,8.6,,no-official-km,1,0,C
吉林:Y457,Y457,,5.9,,no-official-km,3,2,C
吉林:Y461,Y461,,5.8,,no-official-km,1,0,C
吉林:Y47,Y47,,11.6,,no-official-km,1,0,C
吉林:Y5,Y5,,17.0,,no-official-km,3,2,C
吉林:Y55,Y55,,23.4,,no-official-km,1,0,C
吉林:Y57,Y57,,22.4,,broken-jump,1,0,C
吉林:Y58,Y58,,6.3,,no-official-km,1,0,C
吉林:Y6,Y6,,18.0,,no-official-km,3,2,C
吉林:Y7,Y7,,5.5,,no-official-km,1,0,C
吉林:Y71,Y71,,10.9,,no-official-km,1,0,C
吉林:Y8,Y8,,20.6,,no-official-km,3,2,C
吉林:Y80,Y80,,16.7,,broken-jump,1,0,C
吉林:Y86,Y86,,,,no-geometry,0,0,
吉林:Y90,Y90,,7.9,,no-official-km,1,0,C
吉林:Y98,Y98,,6.0,,no-official-km,1,0,C
江苏:Y1,Y1,,75.6,,no-official-km,6,5,C
江苏:Y10,Y10,,20.7,,no-official-km,3,2,C
江苏:Y100,Y100,,11.2,,no-official-km,3,2,C
江苏:Y101,Y101,,23.1,,no-official-km,8,7,C
江苏:Y102,Y102,,7.2,,no-official-km,2,1,C
江苏:Y103,Y103,,1.8,,no-official-km,2,1,C
江苏:Y104,Y104,,6.0,,no-official-km,3,2,C
江苏:Y105,Y105,,0.9,,no-official-km,1,0,C
江苏:Y106,Y106,,9.4,,no-official-km,2,1,C
江苏:Y107,Y107,,8.5,,no-official-km,3,2,C
江苏:Y109,Y109,,1.3,,no-official-km,1,0,C
江苏:Y11,Y11,,19.3,,no-official-km,4,3,C
江苏:Y110,Y110,,4.5,,no-official-km,1,0,C
江苏:Y111,Y111,,5.2,,no-official-km,2,1,C
江苏:Y112,Y112,,11.1,,no-official-km,4,3,C
江苏:Y113,Y113,,3.5,,no-official-km,2,1,C
江苏:Y114,Y114,,9.8,,no-official-km,3,2,C
江苏:Y115,Y115,,4.5,,no-official-km,3,2,C
江苏:Y116,Y116,,11.0,,no-official-km,2,1,C
江苏:Y117,Y117,,8.3,,no-official-km,2,1,C
江苏:Y118,Y118,,5.3,,no-official-km,3,2,C
江苏:Y12,Y12,,25.4,,no-official-km,4,3,C
江苏:Y120,Y120,,7.1,,no-official-km,3,2,C
江苏:Y121,Y121,,3.4,,no-official-km,2,1,C
江苏:Y123,Y123,,2.4,,no-official-km,1,0,C
江苏:Y124,Y124,,6.2,,no-official-km,2,1,C
江苏:Y125,Y125,,1.4,,no-official-km,1,0,C
江苏:Y126,Y126,,3.3,,no-official-km,1,0,C
江苏:Y127,Y127,,1.4,,no-official-km,1,0,C
江苏:Y128,Y128,,10.4,,no-official-km,2,1,C
江苏:Y129,Y129,,1.7,,no-official-km,1,0,C
江苏:Y130,Y130,,5.8,,no-official-km,1,0,C
江苏:Y131,Y131,,9.9,,broken-jump,2,1,C
江苏:Y134,Y134,,4.3,,no-official-km,2,1,C
江苏:Y135,Y135,,0.9,,no-official-km,1,0,C
江苏:Y136,Y136,,3.4,,no-official-km,1,0,C
江苏:Y137,Y137,,2.9,,no-official-km,1,0,C
江苏:Y138,Y138,,0.9,,no-official-km,1,0,C
江苏:Y139,Y139,,2.9,,no-official-km,1,0,C
江苏:Y14,Y14,,7.7,,no-official-km,2,1,C
江苏:Y140,Y140,,1.9,,no-official-km,1,0,C
江苏:Y141,Y141,,12.7,,no-official-km,3,2,C
江苏:Y142,Y142,,4.6,,no-official-km,2,1,C
江苏:Y143,Y143,,2.0,,no-official-km,1,0,C
江苏:Y145,Y145,,8.2,,no-official-km,2,1,C
江苏:Y148,Y148,,4.3,,no-official-km,1,0,C
江苏:Y15,Y15,,39.2,,no-official-km,7,6,C
江苏:Y150,Y150,,4.7,,no-official-km,1,0,C
江苏:Y152,Y152,,7.1,,no-official-km,2,1,C
江苏:Y153,Y153,,2.7,,no-official-km,1,0,C
江苏:Y154,Y154,,36.7,,no-official-km,3,2,C
江苏:Y155,Y155,,6.9,,no-official-km,3,2,C
江苏:Y156,Y156,,5.2,,no-official-km,2,1,C
江苏:Y157,Y157,,1.8,,no-official-km,1,0,C
江苏:Y159,Y159,,14.7,,no-official-km,2,1,C
江苏:Y16,Y16,,7.1,,no-official-km,4,3,C
江苏:Y160,Y160,,3.2,,no-official-km,3,2,C
江苏:Y161,Y161,,3.0,,no-official-km,1,0,C
江苏:Y163,Y163,,3.5,,no-official-km,3,2,C
江苏:Y165,Y165,,13.1,,broken-jump,1,0,C
江苏:Y170,Y170,,3.8,,no-official-km,1,0,C
江苏:Y171,Y171,,10.2,,no-official-km,2,1,C
江苏:Y172,Y172,,12.6,,broken-jump,2,1,C
江苏:Y173,Y173,,4.6,,no-official-km,1,0,C
江苏:Y175,Y175,,1.7,,no-official-km,1,0,C
江苏:Y182,Y182,,5.3,,no-official-km,2,1,C
江苏:Y188,Y188,,4.4,,no-official-km,1,0,C
江苏:Y19,Y19,,38.9,,no-official-km,9,8,C
江苏:Y192,Y192,,3.8,,no-official-km,1,0,C
江苏:Y198,Y198,,1.9,,no-official-km,1,0,C
江苏:Y2,Y2,,19.8,,no-official-km,5,4,C
江苏:Y20,Y20,,18.2,,no-official-km,3,2,C
江苏:Y200,Y200,,2.9,,no-official-km,1,0,C
江苏:Y201,Y201,,8.6,,no-official-km,3,2,C
江苏:Y202,Y202,,9.8,,no-official-km,3,2,C
江苏:Y203,Y203,,2.0,,no-official-km,1,0,C
江苏:Y204,Y204,,3.8,,no-official-km,2,1,C
江苏:Y205,Y205,,8.6,,no-official-km,1,0,C
江苏:Y206,Y206,,2.0,,no-official-km,1,0,C
江苏:Y207,Y207,,2.7,,no-official-km,1,0,C
江苏:Y208,Y208,,2.9,,no-official-km,1,0,C
江苏:Y21,Y21,,4.5,,no-official-km,3,2,C
江苏:Y214,Y214,,1.4,,no-official-km,1,0,C
江苏:Y215,Y215,,2.6,,no-official-km,2,1,C
江苏:Y216,Y216,,3.0,,no-official-km,2,1,C
江苏:Y220,Y220,,1.5,,no-official-km,1,0,C
江苏:Y223,Y223,,9.3,,no-official-km,2,1,C
江苏:Y224,Y224,,0.9,,no-official-km,1,0,C
江苏:Y228,Y228,,3.4,,no-official-km,1,0,C
江苏:Y233,Y233,,9.2,,broken-jump,1,0,C
江苏:Y236,Y236,,1.3,,no-official-km,1,0,C
江苏:Y24,Y24,,1.0,,no-official-km,1,0,C
江苏:Y245,Y245,,2.3,,no-official-km,1,0,C
江苏:Y251,Y251,,12.5,,broken-jump,2,1,C
江苏:Y252,Y252,,2.0,,no-official-km,1,0,C
江苏:Y255,Y255,,5.9,,no-official-km,2,1,C
江苏:Y256,Y256,,6.4,,no-official-km,1,0,C
江苏:Y257,Y257,,4.4,,no-official-km,2,1,C
江苏:Y258,Y258,,5.3,,no-official-km,1,0,C
江苏:Y26,Y26,,0.7,,no-official-km,1,0,C
江苏:Y260,Y260,,3.1,,no-official-km,1,0,C
江苏:Y261,Y261,,1.7,,no-official-km,1,0,C
江苏:Y264,Y264,,5.0,,no-official-km,1,0,C
江苏:Y265,Y265,,27.3,,no-official-km,3,2,C
江苏:Y266,Y266,,13.4,,no-official-km,2,1,C
江苏:Y270,Y270,,2.7,,no-official-km,1,0,C
江苏:Y271,Y271,,1.3,,no-official-km,1,0,C
江苏:Y272,Y272,,4.1,,no-official-km,1,0,C
江苏:Y276,Y276,,1.6,,no-official-km,1,0,C
江苏:Y277,Y277,,2.8,,no-official-km,1,0,C
江苏:Y28,Y28,,4.0,,no-official-km,1,0,C
江苏:Y285,Y285,,1.8,,no-official-km,1,0,C
江苏:Y286,Y286,,12.9,,broken-jump,1,0,C
江苏:Y29,Y29,,17.8,,broken-jump,2,1,C
江苏:Y293,Y293,,3.0,,no-official-km,1,0,C
江苏:Y3,Y3,,27.0,,no-official-km,5,4,C
江苏:Y300,Y300,,7.9,,broken-jump,1,0,C
江苏:Y302,Y302,,10.9,,broken-jump,2,1,C
江苏:Y303,Y303,,8.9,,no-official-km,2,1,C
江苏:Y304,Y304,,6.4,,no-official-km,2,1,C
江苏:Y305,Y305,,6.0,,no-official-km,2,1,C
江苏:Y306,Y306,,4.7,,no-official-km,2,1,C
江苏:Y307,Y307,,16.4,,no-official-km,7,6,C
江苏:Y308,Y308,,7.0,,no-official-km,3,2,C
江苏:Y31,Y31,,4.3,,no-official-km,1,0,C
江苏:Y310,Y310,,17.8,,no-official-km,3,2,C
江苏:Y311,Y311,,8.3,,no-official-km,3,2,C
江苏:Y315,Y315,,4.7,,no-official-km,1,0,C
江苏:Y316,Y316,,17.7,,no-official-km,2,1,C
江苏:Y317,Y317,,8.2,,no-official-km,3,2,C
江苏:Y318,Y318,,4.3,,no-official-km,3,2,C
江苏:Y319,Y319,,1.5,,no-official-km,1,0,C
江苏:Y32,Y32,,10.3,,no-official-km,4,3,C
江苏:Y323,Y323,,3.7,,no-official-km,1,0,C
江苏:Y324,Y324,,5.0,,no-official-km,1,0,C
江苏:Y325,Y325,,3.7,,no-official-km,1,0,C
江苏:Y327,Y327,,0.8,,no-official-km,1,0,C
江苏:Y33,Y33,,14.1,,no-official-km,3,2,C
江苏:Y330,Y330,,5.3,,no-official-km,1,0,C
江苏:Y334,Y334,,1.2,,no-official-km,1,0,C
江苏:Y335,Y335,,12.1,,no-official-km,1,0,C
江苏:Y339,Y339,,6.1,,no-official-km,1,0,C
江苏:Y34,Y34,,3.7,,no-official-km,2,1,C
江苏:Y342,Y342,,6.9,,no-official-km,1,0,C
江苏:Y35,Y35,,4.0,,no-official-km,1,0,C
江苏:Y351,Y351,,4.1,,no-official-km,1,0,C
江苏:Y353,Y353,,4.4,,no-official-km,2,1,C
江苏:Y355,Y355,,2.7,,no-official-km,1,0,C
江苏:Y357,Y357,,10.5,,broken-jump,3,2,C
江苏:Y36,Y36,,13.0,,no-official-km,1,0,C
江苏:Y361,Y361,,2.8,,no-official-km,1,0,C
江苏:Y37,Y37,,9.8,,no-official-km,3,2,C
江苏:Y374,Y374,,7.5,,no-official-km,2,1,C
江苏:Y378,Y378,,5.7,,no-official-km,2,1,C
江苏:Y379,Y379,,4.6,,no-official-km,1,0,C
江苏:Y38,Y38,,19.3,,no-official-km,3,2,C
江苏:Y383,Y383,,1.8,,no-official-km,1,0,C
江苏:Y39,Y39,,13.1,,no-official-km,2,1,C
江苏:Y394,Y394,,6.5,,no-official-km,1,0,C
江苏:Y395,Y395,,8.5,,broken-jump,2,1,C
江苏:Y4,Y4,,35.2,,no-official-km,5,4,C
江苏:Y401,Y401,,11.0,,no-official-km,3,2,C
江苏:Y402,Y402,,1.3,,no-official-km,1,0,C
江苏:Y403,Y403,,3.2,,no-official-km,1,0,C
江苏:Y404,Y404,,18.7,,no-official-km,3,2,C
江苏:Y407,Y407,,4.4,,no-official-km,2,1,C
江苏:Y408,Y408,,1.6,,no-official-km,1,0,C
江苏:Y409,Y409,,4.7,,no-official-km,2,1,C
江苏:Y411,Y411,,3.1,,no-official-km,2,1,C
江苏:Y412,Y412,,3.7,,no-official-km,1,0,C
江苏:Y413,Y413,,0.5,,no-official-km,1,0,C
江苏:Y416,Y416,,5.5,,no-official-km,2,1,C
江苏:Y417,Y417,,15.9,,no-official-km,2,1,C
江苏:Y419,Y419,,5.3,,no-official-km,1,0,C
江苏:Y420,Y420,,7.1,,no-official-km,3,2,C
江苏:Y423,Y423,,1.5,,no-official-km,1,0,C
江苏:Y424,Y424,,1.8,,no-official-km,1,0,C
江苏:Y425,Y425,,4.3,,no-official-km,1,0,C
江苏:Y426,Y426,,2.8,,no-official-km,1,0,C
江苏:Y428,Y428,,4.6,,no-official-km,3,2,C
江苏:Y43,Y43,,2.3,,no-official-km,2,1,C
江苏:Y432,Y432,,14.1,,no-official-km,2,1,C
江苏:Y44,Y44,,1.6,,no-official-km,1,0,C
江苏:Y442,Y442,,1.1,,no-official-km,1,0,C
江苏:Y443,Y443,,2.9,,no-official-km,2,1,C
江苏:Y444,Y444,,2.8,,no-official-km,4,3,C
江苏:Y445,Y445,,0.9,,no-official-km,1,0,C
江苏:Y447,Y447,,1.0,,no-official-km,1,0,C
江苏:Y45,Y45,,2.0,,no-official-km,1,0,C
江苏:Y450,Y450,,13.1,,no-official-km,2,1,C
江苏:Y452,Y452,,6.8,,no-official-km,2,1,C
江苏:Y453,Y453,,6.2,,no-official-km,3,2,C
江苏:Y454,Y454,,2.2,,no-official-km,1,0,C
江苏:Y455,Y455,,3.5,,no-official-km,2,1,C
江苏:Y456,Y456,,7.2,,no-official-km,2,1,C
江苏:Y458,Y458,,4.7,,no-official-km,2,1,C
江苏:Y46,Y46,,3.4,,no-official-km,1,0,C
江苏:Y460,Y460,,0.4,,no-official-km,1,0,C
江苏:Y461,Y461,,5.0,,no-official-km,1,0,C
江苏:Y466,Y466,,1.4,,no-official-km,1,0,C
江苏:Y469,Y469,,2.2,,no-official-km,1,0,C
江苏:Y47,Y47,,2.2,,no-official-km,1,0,C
江苏:Y471,Y471,,2.7,,no-official-km,2,1,C
江苏:Y472,Y472,,4.3,,no-official-km,1,0,C
江苏:Y473,Y473,,1.5,,no-official-km,1,0,C
江苏:Y474,Y474,,2.9,,no-official-km,1,0,C
江苏:Y476,Y476,,9.4,,no-official-km,2,1,C
江苏:Y478,Y478,,1.1,,no-official-km,1,0,C
江苏:Y480,Y480,,2.7,,no-official-km,1,0,C
江苏:Y482,Y482,,2.8,,no-official-km,1,0,C
江苏:Y489,Y489,,2.4,,no-official-km,1,0,C
江苏:Y5,Y5,,41.1,,no-official-km,8,7,C
江苏:Y501,Y501,,7.2,,broken-jump,1,0,C
江苏:Y503,Y503,,1.7,,no-official-km,1,0,C
江苏:Y504,Y504,,2.4,,no-official-km,1,0,C
江苏:Y505,Y505,,18.2,,no-official-km,5,4,C
江苏:Y506,Y506,,8.1,,no-official-km,2,1,C
江苏:Y507,Y507,,7.8,,broken-jump,2,1,C
江苏:Y508,Y508,,6.1,,no-official-km,3,2,C
江苏:Y51,Y51,,4.4,,no-official-km,1,0,C
江苏:Y510,Y510,,4.7,,no-official-km,3,2,C
江苏:Y511,Y511,,1.6,,no-official-km,1,0,C
江苏:Y512,Y512,,2.0,,no-official-km,1,0,C
江苏:Y513,Y513,,8.8,,no-official-km,3,2,C
江苏:Y514,Y514,,5.2,,no-official-km,2,1,C
江苏:Y515,Y515,,2.8,,no-official-km,1,0,C
江苏:Y518,Y518,,7.7,,no-official-km,2,1,C
江苏:Y519,Y519,,5.5,,no-official-km,2,1,C
江苏:Y521,Y521,,2.5,,no-official-km,1,0,C
江苏:Y522,Y522,,3.8,,no-official-km,1,0,C
江苏:Y523,Y523,,3.0,,no-official-km,1,0,C
江苏:Y525,Y525,,5.4,,no-official-km,2,1,C
江苏:Y530,Y530,,4.0,,no-official-km,1,0,C
江苏:Y532,Y532,,2.4,,no-official-km,1,0,C
江苏:Y537,Y537,,4.5,,no-official-km,1,0,C
江苏:Y54,Y54,,3.4,,no-official-km,2,1,C
江苏:Y552,Y552,,12.9,,no-official-km,2,1,C
江苏:Y553,Y553,,3.6,,no-official-km,1,0,C
江苏:Y555,Y555,,7.5,,no-official-km,2,1,C
江苏:Y556,Y556,,11.6,,no-official-km,2,1,C
江苏:Y56,Y56,,4.7,,no-official-km,1,0,C
江苏:Y589,Y589,,2.0,,no-official-km,1,0,C
江苏:Y6,Y6,,15.4,,no-official-km,5,4,C
江苏:Y601,Y601,,10.4,,no-official-km,2,1,C
江苏:Y602,Y602,,15.1,,no-official-km,3,2,C
江苏:Y604,Y604,,2.1,,no-official-km,1,0,C
江苏:Y605,Y605,,2.9,,no-official-km,1,0,C
江苏:Y606,Y606,,3.5,,no-official-km,2,1,C
江苏:Y607,Y607,,5.0,,no-official-km,1,0,C
江苏:Y61,Y61,,2.5,,no-official-km,1,0,C
江苏:Y610,Y610,,6.8,,no-official-km,1,0,C
江苏:Y611,Y611,,4.1,,no-official-km,1,0,C
江苏:Y613,Y613,,1.5,,no-official-km,1,0,C
江苏:Y615,Y615,,17.0,,broken-jump,3,2,C
江苏:Y617,Y617,,3.0,,no-official-km,1,0,C
江苏:Y622,Y622,,1.5,,no-official-km,1,0,C
江苏:Y623,Y623,,3.5,,no-official-km,1,0,C
江苏:Y624,Y624,,4.3,,no-official-km,1,0,C
江苏:Y627,Y627,,3.7,,no-official-km,1,0,C
江苏:Y63,Y63,,4.8,,no-official-km,1,0,C
江苏:Y633,Y633,,6.6,,no-official-km,1,0,C
江苏:Y634,Y634,,5.7,,no-official-km,1,0,C
江苏:Y636,Y636,,1.8,,no-official-km,1,0,C
江苏:Y637,Y637,,1.2,,no-official-km,1,0,C
江苏:Y638,Y638,,2.5,,no-official-km,1,0,C
江苏:Y646,Y646,,4.5,,no-official-km,1,0,C
江苏:Y650,Y650,,4.9,,no-official-km,1,0,C
江苏:Y651,Y651,,3.6,,no-official-km,1,0,C
江苏:Y652,Y652,,7.9,,no-official-km,3,2,C
江苏:Y653,Y653,,8.5,,no-official-km,2,1,C
江苏:Y654,Y654,,4.9,,no-official-km,2,1,C
江苏:Y655,Y655,,15.6,,broken-jump,2,1,C
江苏:Y657,Y657,,4.6,,no-official-km,1,0,C
江苏:Y658,Y658,,0.6,,no-official-km,1,0,C
江苏:Y659,Y659,,2.1,,no-official-km,1,0,C
江苏:Y660,Y660,,7.6,,no-official-km,2,1,C
江苏:Y661,Y661,,1.9,,no-official-km,1,0,C
江苏:Y662,Y662,,1.5,,no-official-km,1,0,C
江苏:Y663,Y663,,2.3,,no-official-km,1,0,C
江苏:Y664,Y664,,0.1,,no-official-km,1,0,C
江苏:Y666,Y666,,1.4,,no-official-km,1,0,C
江苏:Y674,Y674,,1.6,,no-official-km,1,0,C
江苏:Y68,Y68,,5.6,,no-official-km,1,0,C
江苏:Y69,Y69,,8.7,,no-official-km,1,0,C
江苏:Y7,Y7,,10.9,,no-official-km,3,2,C
江苏:Y70,Y70,,4.3,,no-official-km,1,0,C
江苏:Y702,Y702,,5.4,,no-official-km,2,1,C
江苏:Y703,Y703,,13.7,,no-official-km,2,1,C
江苏:Y704,Y704,,10.3,,broken-jump,3,2,C
江苏:Y706,Y706,,1.4,,no-official-km,1,0,C
江苏:Y716,Y716,,3.7,,no-official-km,2,1,C
江苏:Y718,Y718,,1.4,,no-official-km,1,0,C
江苏:Y719,Y719,,3.6,,no-official-km,1,0,C
江苏:Y72,Y72,,4.4,,no-official-km,1,0,C
江苏:Y720,Y720,,1.8,,no-official-km,1,0,C
江苏:Y722,Y722,,2.2,,no-official-km,1,0,C
江苏:Y732,Y732,,4.1,,no-official-km,1,0,C
江苏:Y733,Y733,,0.9,,no-official-km,1,0,C
江苏:Y734,Y734,,4.1,,no-official-km,2,1,C
江苏:Y738,Y738,,3.9,,no-official-km,1,0,C
江苏:Y741,Y741,,3.0,,no-official-km,1,0,C
江苏:Y751,Y751,,1.1,,no-official-km,1,0,C
江苏:Y759,Y759,,1.7,,no-official-km,1,0,C
江苏:Y761,Y761,,8.4,,broken-jump,2,1,C
江苏:Y762,Y762,,8.6,,broken-jump,1,0,C
江苏:Y763,Y763,,1.6,,no-official-km,1,0,C
江苏:Y765,Y765,,2.7,,no-official-km,1,0,C
江苏:Y766,Y766,,2.5,,no-official-km,1,0,C
江苏:Y771,Y771,,9.2,,no-official-km,2,1,C
江苏:Y772,Y772,,2.5,,no-official-km,1,0,C
江苏:Y773,Y773,,1.2,,no-official-km,1,0,C
江苏:Y774,Y774,,2.7,,no-official-km,1,0,C
江苏:Y776,Y776,,2.0,,no-official-km,1,0,C
江苏:Y778,Y778,,2.4,,no-official-km,1,0,C
江苏:Y782,Y782,,7.3,,no-official-km,1,0,C
江苏:Y786,Y786,,6.0,,broken-jump,1,0,C
江苏:Y787,Y787,,4.3,,no-official-km,1,0,C
江苏:Y794,Y794,,10.0,,no-official-km,2,1,C
江苏:Y8,Y8,,6.1,,no-official-km,2,1,C
江苏:Y80,Y80,,8.2,,no-official-km,1,0,C
江苏:Y803,Y803,,4.7,,no-official-km,1,0,C
江苏:Y804,Y804,,8.2,,broken-jump,2,1,C
江苏:Y809,Y809,,2.2,,no-official-km,1,0,C
江苏:Y81,Y81,,1.6,,no-official-km,1,0,C
江苏:Y810,Y810,,6.0,,no-official-km,2,1,C
江苏:Y811,Y811,,4.0,,no-official-km,2,1,C
江苏:Y812,Y812,,3.1,,no-official-km,2,1,C
江苏:Y813,Y813,,7.5,,no-official-km,2,1,C
江苏:Y814,Y814,,4.6,,no-official-km,1,0,C
江苏:Y815,Y815,,1.2,,no-official-km,1,0,C
江苏:Y816,Y816,,3.9,,no-official-km,1,0,C
江苏:Y817,Y817,,1.9,,no-official-km,2,1,C
江苏:Y818,Y818,,1.1,,no-official-km,1,0,C
江苏:Y82,Y82,,3.9,,no-official-km,1,0,C
江苏:Y820,Y820,,1.8,,no-official-km,1,0,C
江苏:Y821,Y821,,1.7,,no-official-km,1,0,C
江苏:Y827,Y827,,1.0,,no-official-km,1,0,C
江苏:Y828,Y828,,1.8,,no-official-km,1,0,C
江苏:Y829,Y829,,8.6,,no-official-km,1,0,C
江苏:Y83,Y83,,10.2,,broken-jump,1,0,C
江苏:Y845,Y845,,3.5,,no-official-km,1,0,C
江苏:Y85,Y85,,3.7,,no-official-km,1,0,C
江苏:Y851,Y851,,2.3,,no-official-km,1,0,C
江苏:Y852,Y852,,7.3,,broken-jump,1,0,C
江苏:Y853,Y853,,1.5,,no-official-km,1,0,C
江苏:Y854,Y854,,7.3,,no-official-km,1,0,C
江苏:Y855,Y855,,1.0,,no-official-km,1,0,C
江苏:Y872,Y872,,6.4,,no-official-km,1,0,C
江苏:Y885,Y885,,7.8,,broken-jump,1,0,C
江苏:Y887,Y887,,3.8,,no-official-km,1,0,C
江苏:Y888,Y888,,5.0,,no-official-km,1,0,C
江苏:Y9,Y9,,25.5,,no-official-km,7,6,C
江苏:Y901,Y901,,7.8,,no-official-km,2,1,C
江苏:Y902,Y902,,1.6,,no-official-km,1,0,C
江苏:Y905,Y905,,24.1,,no-official-km,1,0,C
江苏:Y910,Y910,,3.9,,no-official-km,1,0,C
江苏:Y911,Y911,,8.7,,no-official-km,1,0,C
江苏:Y912,Y912,,1.1,,no-official-km,1,0,C
江苏:Y913,Y913,,4.5,,no-official-km,2,1,C
江苏:Y914,Y914,,7.9,,no-official-km,3,2,C
江苏:Y918,Y918,,5.6,,broken-jump,1,0,C
江苏:Y920,Y920,,2.4,,no-official-km,1,0,C
江苏:Y921,Y921,,1.2,,no-official-km,1,0,C
江苏:Y927,Y927,,1.5,,no-official-km,1,0,C
江苏:Y928,Y928,,4.2,,no-official-km,1,0,C
江苏:Y934,Y934,,4.2,,no-official-km,2,1,C
江苏:Y936,Y936,,0.9,,no-official-km,1,0,C
江苏:Y937,Y937,,2.8,,no-official-km,1,0,C
江苏:Y938,Y938,,0.8,,no-official-km,1,0,C
江苏:Y941,Y941,,2.3,,no-official-km,1,0,C
江苏:Y945,Y945,,3.7,,no-official-km,2,1,C
江苏:Y946,Y946,,0.7,,no-official-km,1,0,C
江苏:Y95,Y95,,9.4,,broken-jump,1,0,C
江苏:Y97,Y97,,3.9,,no-official-km,1,0,C
江苏:Y99,Y99,,6.5,,no-official-km,1,0,C
江西:Y0,Y0,,10.0,,no-official-km,3,2,C
江西:Y1,Y1,,6.2,,no-official-km,1,0,C
江西:Y101,Y101,,0.8,,no-official-km,1,0,C
江西:Y103,Y103,,1.5,,no-official-km,1,0,C
江西:Y104,Y104,,2.7,,no-official-km,1,0,C
江西:Y105,Y105,,0.7,,no-official-km,2,1,C
江西:Y109,Y109,,6.7,,no-official-km,1,0,C
江西:Y11,Y11,,11.4,,no-official-km,1,0,C
江西:Y110,Y110,,1.6,,no-official-km,1,0,C
江西:Y12,Y12,,4.8,,no-official-km,1,0,C
江西:Y122,Y122,,3.0,,no-official-km,1,0,C
江西:Y125,Y125,,10.5,,no-official-km,2,1,C
江西:Y134,Y134,,1.6,,no-official-km,1,0,C
江西:Y139,Y139,,3.0,,no-official-km,1,0,C
江西:Y14,Y14,,5.5,,no-official-km,3,2,C
江西:Y144,Y144,,7.3,,no-official-km,2,1,C
江西:Y145,Y145,,10.6,,no-official-km,3,2,C
江西:Y146,Y146,,4.6,,no-official-km,1,0,C
江西:Y157,Y157,,4.1,,no-official-km,1,0,C
江西:Y16,Y16,,2.8,,no-official-km,1,0,C
江西:Y161,Y161,,0.3,,no-official-km,1,0,C
江西:Y17,Y17,,5.8,,no-official-km,1,0,C
江西:Y18,Y18,,18.1,,no-official-km,2,1,C
江西:Y19,Y19,,3.5,,no-official-km,2,1,C
江西:Y2,Y2,,2.0,,no-official-km,1,0,C
江西:Y20,Y20,,9.5,,no-official-km,2,1,C
江西:Y200,Y200,,1.4,,no-official-km,1,0,C
江西:Y201,Y201,,1.6,,no-official-km,1,0,C
江西:Y202,Y202,,7.2,,no-official-km,3,2,C
江西:Y203,Y203,,2.7,,no-official-km,1,0,C
江西:Y204,Y204,,7.8,,no-official-km,2,1,C
江西:Y207,Y207,,3.1,,no-official-km,1,0,C
江西:Y210,Y210,,12.1,,no-official-km,1,0,C
江西:Y212,Y212,,6.9,,no-official-km,1,0,C
江西:Y216,Y216,,3.3,,no-official-km,1,0,C
江西:Y217,Y217,,1.3,,no-official-km,1,0,C
江西:Y218,Y218,,10.7,,no-official-km,3,2,C
江西:Y220,Y220,,4.4,,no-official-km,1,0,C
江西:Y221,Y221,,7.8,,no-official-km,2,1,C
江西:Y222,Y222,,3.5,,no-official-km,1,0,C
江西:Y225,Y225,,2.7,,no-official-km,2,1,C
江西:Y226,Y226,,2.8,,no-official-km,1,0,C
江西:Y227,Y227,,10.3,,no-official-km,4,3,C
江西:Y228,Y228,,8.5,,no-official-km,1,0,C
江西:Y23,Y23,,1.4,,no-official-km,1,0,C
江西:Y231,Y231,,2.3,,no-official-km,1,0,C
江西:Y233,Y233,,6.7,,no-official-km,2,1,C
江西:Y235,Y235,,0.9,,no-official-km,1,0,C
江西:Y24,Y24,,6.1,,no-official-km,3,2,C
江西:Y242,Y242,,44.1,,no-official-km,1,0,C
江西:Y245,Y245,,5.0,,no-official-km,1,0,C
江西:Y25,Y25,,1.5,,no-official-km,1,0,C
江西:Y251,Y251,,13.3,,no-official-km,1,0,C
江西:Y252,Y252,,4.4,,no-official-km,1,0,C
江西:Y253,Y253,,7.1,,no-official-km,1,0,C
江西:Y254,Y254,,3.6,,no-official-km,1,0,C
江西:Y256,Y256,,8.9,,no-official-km,2,1,C
江西:Y261,Y261,,9.2,,no-official-km,3,2,C
江西:Y265,Y265,,4.3,,no-official-km,1,0,C
江西:Y27,Y27,,23.0,,no-official-km,3,2,C
江西:Y270,Y270,,3.4,,no-official-km,1,0,C
江西:Y271,Y271,,8.2,,no-official-km,1,0,C
江西:Y273,Y273,,0.9,,no-official-km,1,0,C
江西:Y276,Y276,,7.0,,no-official-km,2,1,C
江西:Y277,Y277,,6.2,,no-official-km,1,0,C
江西:Y278,Y278,,8.3,,no-official-km,2,1,C
江西:Y279,Y279,,7.2,,no-official-km,1,0,C
江西:Y28,Y28,,10.9,,no-official-km,1,0,C
江西:Y281,Y281,,2.2,,no-official-km,1,0,C
江西:Y286,Y286,,5.7,,no-official-km,1,0,C
江西:Y29,Y29,,13.4,,no-official-km,2,1,C
江西:Y292,Y292,,3.3,,no-official-km,1,0,C
江西:Y293,Y293,,15.7,,no-official-km,2,1,C
江西:Y294,Y294,,3.0,,no-official-km,1,0,C
江西:Y295,Y295,,12.3,,no-official-km,2,1,C
江西:Y296,Y296,,20.2,,no-official-km,2,1,C
江西:Y297,Y297,,22.8,,no-official-km,3,2,C
江西:Y299,Y299,,7.0,,no-official-km,1,0,C
江西:Y30,Y30,,9.0,,no-official-km,1,0,C
江西:Y300,Y300,,8.3,,no-official-km,2,1,C
江西:Y303,Y303,,5.6,,no-official-km,1,0,C
江西:Y306,Y306,,3.0,,no-official-km,1,0,C
江西:Y307,Y307,,5.9,,no-official-km,1,0,C
江西:Y308,Y308,,5.8,,no-official-km,1,0,C
江西:Y31,Y31,,2.1,,no-official-km,1,0,C
江西:Y316,Y316,,4.7,,no-official-km,1,0,C
江西:Y32,Y32,,7.5,,no-official-km,1,0,C
江西:Y328,Y328,,8.8,,no-official-km,1,0,C
江西:Y336,Y336,,5.5,,no-official-km,1,0,C
江西:Y337,Y337,,2.4,,no-official-km,1,0,C
江西:Y339,Y339,,5.0,,no-official-km,1,0,C
江西:Y341,Y341,,13.8,,no-official-km,2,1,C
江西:Y343,Y343,,4.1,,no-official-km,1,0,C
江西:Y346,Y346,,9.4,,no-official-km,2,1,C
江西:Y348,Y348,,4.5,,no-official-km,1,0,C
江西:Y349,Y349,,13.5,,no-official-km,1,0,C
江西:Y352,Y352,,16.1,,no-official-km,2,1,C
江西:Y356,Y356,,2.7,,no-official-km,1,0,C
江西:Y358,Y358,,13.6,,no-official-km,1,0,C
江西:Y359,Y359,,11.3,,no-official-km,1,0,C
江西:Y360,Y360,,15.0,,no-official-km,2,1,C
江西:Y362,Y362,,2.6,,no-official-km,1,0,C
江西:Y363,Y363,,1.4,,no-official-km,1,0,C
江西:Y364,Y364,,10.6,,no-official-km,1,0,C
江西:Y365,Y365,,9.4,,no-official-km,2,1,C
江西:Y369,Y369,,10.9,,no-official-km,1,0,C
江西:Y370,Y370,,6.8,,no-official-km,1,0,C
江西:Y371,Y371,,10.0,,no-official-km,1,0,C
江西:Y373,Y373,,8.4,,no-official-km,1,0,C
江西:Y375,Y375,,8.0,,no-official-km,1,0,C
江西:Y388,Y388,,18.5,,no-official-km,2,1,C
江西:Y391,Y391,,13.8,,no-official-km,1,0,C
江西:Y40,Y40,,4.9,,no-official-km,1,0,C
江西:Y401,Y401,,4.7,,no-official-km,1,0,C
江西:Y41,Y41,,9.8,,no-official-km,2,1,C
江西:Y411,Y411,,1.5,,no-official-km,1,0,C
江西:Y419,Y419,,6.9,,no-official-km,1,0,C
江西:Y42,Y42,,6.1,,no-official-km,1,0,C
江西:Y422,Y422,,4.1,,no-official-km,1,0,C
江西:Y43,Y43,,13.8,,no-official-km,2,1,C
江西:Y437,Y437,,5.7,,no-official-km,1,0,C
江西:Y442,Y442,,7.1,,no-official-km,2,1,C
江西:Y449,Y449,,2.6,,no-official-km,1,0,C
江西:Y45,Y45,,2.8,,no-official-km,1,0,C
江西:Y46,Y46,,6.9,,no-official-km,1,0,C
江西:Y461,Y461,,4.7,,no-official-km,1,0,C
江西:Y462,Y462,,9.4,,no-official-km,1,0,C
江西:Y47,Y47,,4.9,,no-official-km,1,0,C
江西:Y48,Y48,,3.7,,no-official-km,1,0,C
江西:Y483,Y483,,7.5,,no-official-km,1,0,C
江西:Y49,Y49,,2.4,,no-official-km,1,0,C
江西:Y491,Y491,,6.6,,no-official-km,1,0,C
江西:Y492,Y492,,23.3,,no-official-km,1,0,C
江西:Y496,Y496,,1.0,,no-official-km,1,0,C
江西:Y498,Y498,,2.4,,no-official-km,1,0,C
江西:Y5,Y5,,2.6,,no-official-km,1,0,C
江西:Y50,Y50,,1.6,,no-official-km,1,0,C
江西:Y500,Y500,,18.7,,no-official-km,1,0,C
江西:Y501,Y501,,11.9,,no-official-km,2,1,C
江西:Y503,Y503,,3.4,,no-official-km,1,0,C
江西:Y504,Y504,,3.7,,no-official-km,1,0,C
江西:Y505,Y505,,2.7,,no-official-km,1,0,C
江西:Y506,Y506,,3.0,,no-official-km,2,1,C
江西:Y507,Y507,,5.1,,no-official-km,1,0,C
江西:Y508,Y508,,2.8,,no-official-km,1,0,C
江西:Y509,Y509,,6.5,,no-official-km,1,0,C
江西:Y51,Y51,,2.6,,no-official-km,1,0,C
江西:Y510,Y510,,7.3,,no-official-km,3,2,C
江西:Y511,Y511,,7.7,,no-official-km,1,0,C
江西:Y512,Y512,,2.8,,no-official-km,1,0,C
江西:Y513,Y513,,3.9,,no-official-km,1,0,C
江西:Y517,Y517,,3.0,,no-official-km,1,0,C
江西:Y518,Y518,,17.3,,no-official-km,2,1,C
江西:Y519,Y519,,14.7,,no-official-km,1,0,C
江西:Y52,Y52,,2.8,,no-official-km,2,1,C
江西:Y520,Y520,,3.3,,no-official-km,1,0,C
江西:Y521,Y521,,9.6,,no-official-km,1,0,C
江西:Y522,Y522,,4.3,,no-official-km,1,0,C
江西:Y523,Y523,,12.3,,no-official-km,1,0,C
江西:Y524,Y524,,11.7,,no-official-km,1,0,C
江西:Y525,Y525,,2.9,,no-official-km,1,0,C
江西:Y526,Y526,,4.0,,no-official-km,1,0,C
江西:Y527,Y527,,11.2,,no-official-km,1,0,C
江西:Y528,Y528,,9.3,,no-official-km,1,0,C
江西:Y529,Y529,,0.4,,no-official-km,1,0,C
江西:Y53,Y53,,2.3,,no-official-km,1,0,C
江西:Y531,Y531,,7.8,,no-official-km,1,0,C
江西:Y532,Y532,,9.2,,no-official-km,1,0,C
江西:Y533,Y533,,9.3,,no-official-km,1,0,C
江西:Y534,Y534,,6.6,,no-official-km,1,0,C
江西:Y535,Y535,,2.2,,no-official-km,2,1,C
江西:Y536,Y536,,11.0,,no-official-km,1,0,C
江西:Y537,Y537,,14.0,,no-official-km,1,0,C
江西:Y538,Y538,,3.6,,no-official-km,1,0,C
江西:Y539,Y539,,6.6,,no-official-km,1,0,C
江西:Y54,Y54,,1.0,,no-official-km,1,0,C
江西:Y542,Y542,,4.3,,no-official-km,1,0,C
江西:Y55,Y55,,1.1,,no-official-km,1,0,C
江西:Y559,Y559,,8.4,,no-official-km,1,0,C
江西:Y56,Y56,,0.8,,no-official-km,1,0,C
江西:Y57,Y57,,8.1,,no-official-km,1,0,C
江西:Y574,Y574,,3.2,,no-official-km,1,0,C
江西:Y579,Y579,,4.6,,no-official-km,1,0,C
江西:Y6,Y6,,2.9,,no-official-km,1,0,C
江西:Y600,Y600,,4.3,,no-official-km,1,0,C
江西:Y601,Y601,,3.8,,no-official-km,1,0,C
江西:Y602,Y602,,20.5,,no-official-km,2,1,C
江西:Y61,Y61,,4.8,,no-official-km,1,0,C
江西:Y611,Y611,,3.5,,no-official-km,1,0,C
江西:Y615,Y615,,11.9,,no-official-km,1,0,C
江西:Y616,Y616,,22.5,,no-official-km,2,1,C
江西:Y621,Y621,,11.4,,no-official-km,2,1,C
江西:Y626,Y626,,4.6,,no-official-km,1,0,C
江西:Y630,Y630,,1.3,,no-official-km,1,0,C
江西:Y631,Y631,,0.5,,no-official-km,1,0,C
江西:Y636,Y636,,2.5,,no-official-km,1,0,C
江西:Y638,Y638,,4.0,,no-official-km,1,0,C
江西:Y647,Y647,,6.1,,no-official-km,2,1,C
江西:Y65,Y65,,6.4,,no-official-km,1,0,C
江西:Y650,Y650,,1.2,,no-official-km,1,0,C
江西:Y651,Y651,,8.6,,no-official-km,2,1,C
江西:Y653,Y653,,3.0,,no-official-km,1,0,C
江西:Y66,Y66,,2.3,,no-official-km,1,0,C
江西:Y661,Y661,,2.7,,no-official-km,2,1,C
江西:Y662,Y662,,4.6,,no-official-km,1,0,C
江西:Y663,Y663,,5.7,,no-official-km,2,1,C
江西:Y664,Y664,,19.5,,no-official-km,5,4,C
江西:Y665,Y665,,9.3,,no-official-km,2,1,C
江西:Y666,Y666,,2.7,,no-official-km,1,0,C
江西:Y667,Y667,,12.0,,no-official-km,1,0,C
江西:Y668,Y668,,4.1,,no-official-km,1,0,C
江西:Y67,Y67,,2.5,,no-official-km,1,0,C
江西:Y670,Y670,,7.7,,no-official-km,1,0,C
江西:Y671,Y671,,22.3,,no-official-km,4,3,C
江西:Y672,Y672,,3.9,,no-official-km,1,0,C
江西:Y673,Y673,,13.2,,no-official-km,1,0,C
江西:Y675,Y675,,2.3,,no-official-km,1,0,C
江西:Y679,Y679,,6.9,,no-official-km,1,0,C
江西:Y681,Y681,,6.2,,no-official-km,1,0,C
江西:Y682,Y682,,6.7,,no-official-km,1,0,C
江西:Y683,Y683,,9.9,,no-official-km,1,0,C
江西:Y684,Y684,,6.4,,no-official-km,1,0,C
江西:Y685,Y685,,1.0,,no-official-km,2,1,C
江西:Y686,Y686,,9.9,,no-official-km,1,0,C
江西:Y687,Y687,,7.1,,no-official-km,1,0,C
江西:Y689,Y689,,10.3,,no-official-km,3,2,C
江西:Y692,Y692,,9.9,,no-official-km,1,0,C
江西:Y696,Y696,,13.7,,no-official-km,1,0,C
江西:Y7,Y7,,15.0,,no-official-km,5,4,C
江西:Y70,Y70,,13.9,,no-official-km,1,0,C
江西:Y702,Y702,,3.5,,no-official-km,1,0,C
江西:Y703,Y703,,6.6,,no-official-km,1,0,C
江西:Y706,Y706,,1.7,,no-official-km,1,0,C
江西:Y707,Y707,,18.5,,no-official-km,2,1,C
江西:Y71,Y71,,15.6,,no-official-km,2,1,C
江西:Y710,Y710,,4.1,,no-official-km,1,0,C
江西:Y711,Y711,,12.2,,no-official-km,4,3,C
江西:Y712,Y712,,11.9,,no-official-km,3,2,C
江西:Y713,Y713,,12.4,,no-official-km,4,3,C
江西:Y714,Y714,,6.7,,no-official-km,2,1,C
江西:Y716,Y716,,5.5,,no-official-km,2,1,C
江西:Y717,Y717,,9.1,,no-official-km,2,1,C
江西:Y718,Y718,,3.0,,no-official-km,1,0,C
江西:Y719,Y719,,3.9,,no-official-km,1,0,C
江西:Y72,Y72,,7.7,,no-official-km,1,0,C
江西:Y720,Y720,,7.8,,no-official-km,1,0,C
江西:Y721,Y721,,3.4,,no-official-km,1,0,C
江西:Y722,Y722,,11.7,,no-official-km,2,1,C
江西:Y723,Y723,,5.9,,no-official-km,1,0,C
江西:Y724,Y724,,2.2,,no-official-km,1,0,C
江西:Y726,Y726,,8.4,,no-official-km,1,0,C
江西:Y727,Y727,,3.9,,no-official-km,1,0,C
江西:Y728,Y728,,10.7,,no-official-km,2,1,C
江西:Y729,Y729,,11.1,,no-official-km,2,1,C
江西:Y73,Y73,,8.3,,no-official-km,1,0,C
江西:Y732,Y732,,3.5,,no-official-km,1,0,C
江西:Y734,Y734,,3.6,,no-official-km,1,0,C
江西:Y735,Y735,,7.3,,no-official-km,2,1,C
江西:Y736,Y736,,2.8,,no-official-km,1,0,C
江西:Y739,Y739,,5.9,,no-official-km,1,0,C
江西:Y740,Y740,,0.8,,no-official-km,1,0,C
江西:Y741,Y741,,7.1,,no-official-km,1,0,C
江西:Y760,Y760,,5.2,,no-official-km,2,1,C
江西:Y761,Y761,,9.5,,no-official-km,1,0,C
江西:Y770,Y770,,16.6,,no-official-km,1,0,C
江西:Y771,Y771,,11.8,,no-official-km,1,0,C
江西:Y772,Y772,,1.7,,no-official-km,1,0,C
江西:Y778,Y778,,6.2,,no-official-km,1,0,C
江西:Y779,Y779,,4.2,,no-official-km,1,0,C
江西:Y781,Y781,,1.0,,no-official-km,1,0,C
江西:Y783,Y783,,9.1,,no-official-km,1,0,C
江西:Y794,Y794,,3.5,,no-official-km,1,0,C
江西:Y795,Y795,,3.7,,no-official-km,1,0,C
江西:Y796,Y796,,7.1,,no-official-km,1,0,C
江西:Y8,Y8,,3.6,,no-official-km,1,0,C
江西:Y802,Y802,,2.2,,no-official-km,1,0,C
江西:Y807,Y807,,4.7,,no-official-km,2,1,C
江西:Y816,Y816,,9.4,,no-official-km,1,0,C
江西:Y817,Y817,,4.8,,no-official-km,1,0,C
江西:Y818,Y818,,0.7,,no-official-km,1,0,C
江西:Y819,Y819,,10.0,,no-official-km,1,0,C
江西:Y825,Y825,,4.4,,no-official-km,1,0,C
江西:Y84,Y84,,5.2,,no-official-km,1,0,C
江西:Y849,Y849,,2.8,,no-official-km,2,1,C
江西:Y856,Y856,,16.8,,no-official-km,1,0,C
江西:Y858,Y858,,7.6,,no-official-km,2,1,C
江西:Y87,Y87,,5.6,,no-official-km,1,0,C
江西:Y872,Y872,,14.6,,no-official-km,2,1,C
江西:Y874,Y874,,8.5,,no-official-km,1,0,C
江西:Y875,Y875,,5.7,,no-official-km,1,0,C
江西:Y879,Y879,,5.0,,no-official-km,1,0,C
江西:Y880,Y880,,1.0,,no-official-km,1,0,C
江西:Y881,Y881,,1.4,,no-official-km,1,0,C
江西:Y885,Y885,,2.5,,no-official-km,1,0,C
江西:Y886,Y886,,12.2,,no-official-km,2,1,C
江西:Y887,Y887,,2.9,,no-official-km,1,0,C
江西:Y892,Y892,,10.8,,no-official-km,1,0,C
江西:Y893,Y893,,11.9,,no-official-km,2,1,C
江西:Y894,Y894,,4.2,,no-official-km,1,0,C
江西:Y905,Y905,,6.2,,no-official-km,1,0,C
江西:Y907,Y907,,2.4,,no-official-km,1,0,C
江西:Y909,Y909,,2.1,,no-official-km,1,0,C
江西:Y91,Y91,,3.5,,no-official-km,1,0,C
江西:Y912,Y912,,6.0,,no-official-km,1,0,C
江西:Y913,Y913,,4.8,,no-official-km,1,0,C
江西:Y915,Y915,,12.6,,no-official-km,1,0,C
江西:Y916,Y916,,7.6,,no-official-km,1,0,C
江西:Y92,Y92,,5.5,,no-official-km,1,0,C
江西:Y923,Y923,,6.7,,no-official-km,1,0,C
江西:Y927,Y927,,1.8,,no-official-km,1,0,C
江西:Y931,Y931,,4.5,,no-official-km,1,0,C
江西:Y932,Y932,,11.6,,no-official-km,2,1,C
江西:Y935,Y935,,4.5,,no-official-km,1,0,C
江西:Y939,Y939,,18.1,,no-official-km,1,0,C
江西:Y941,Y941,,13.8,,no-official-km,1,0,C
江西:Y942,Y942,,3.3,,no-official-km,1,0,C
江西:Y944,Y944,,10.9,,broken-jump,1,0,C
江西:Y946,Y946,,6.9,,no-official-km,1,0,C
江西:Y947,Y947,,5.1,,no-official-km,1,0,C
江西:Y958,Y958,,1.7,,no-official-km,1,0,C
江西:Y960,Y960,,1.1,,no-official-km,1,0,C
江西:Y964,Y964,,8.2,,no-official-km,1,0,C
江西:Y970,Y970,,6.1,,no-official-km,2,1,C
江西:Y974,Y974,,9.0,,no-official-km,1,0,C
江西:Y977,Y977,,13.2,,no-official-km,1,0,C
江西:Y991,Y991,,31.2,,no-official-km,3,2,C
江西:Y992,Y992,,10.0,,no-official-km,1,0,C
辽宁:Y108,Y108,,12.5,,no-official-km,1,0,C
辽宁:Y546,Y546,,0.8,,no-official-km,1,0,C
辽宁:Y561,Y561,,6.8,,no-official-km,1,0,C
辽宁:Y587,Y587,,5.6,,no-official-km,1,0,C
辽宁:Y595,Y595,,4.8,,no-official-km,1,0,C
辽宁:Y751,Y751,,9.7,,broken-jump,1,0,C
辽宁:Y86,Y86,,1.1,,no-official-km,1,0,C
辽宁:Y87,Y87,,1.7,,no-official-km,1,0,C
内蒙古:Y1,Y1,,8.8,,no-official-km,1,0,C
内蒙古:Y10,Y10,,4.6,,no-official-km,1,0,C
内蒙古:Y103,Y103,,9.9,,no-official-km,1,0,C
内蒙古:Y11,Y11,,1.4,,no-official-km,1,0,C
内蒙古:Y115,Y115,,4.8,,no-official-km,1,0,C
内蒙古:Y13,Y13,,5.4,,no-official-km,2,1,C
内蒙古:Y138,Y138,,10.7,,no-official-km,1,0,C
内蒙古:Y145,Y145,,3.7,,no-official-km,1,0,C
内蒙古:Y146,Y146,,4.2,,no-official-km,1,0,C
内蒙古:Y19,Y19,,3.8,,no-official-km,1,0,C
内蒙古:Y2,Y2,,14.7,,no-official-km,2,1,C
内蒙古:Y202,Y202,,20.6,,no-official-km,1,0,C
内蒙古:Y205,Y205,,41.8,,broken-jump,1,0,C
内蒙古:Y206,Y206,,8.6,,no-official-km,1,0,C
内蒙古:Y25,Y25,,12.6,,no-official-km,1,0,C
内蒙古:Y258,Y258,,5.0,,no-official-km,1,0,C
内蒙古:Y26,Y26,,6.0,,no-official-km,1,0,C
内蒙古:Y28,Y28,,4.0,,no-official-km,1,0,C
内蒙古:Y29,Y29,,22.1,,no-official-km,2,1,C
内蒙古:Y3,Y3,,6.7,,broken-jump,1,0,C
内蒙古:Y30,Y30,,4.7,,no-official-km,1,0,C
内蒙古:Y302,Y302,,13.1,,no-official-km,1,0,C
内蒙古:Y303,Y303,,26.3,,no-official-km,2,1,C
内蒙古:Y304,Y304,,6.9,,no-official-km,1,0,C
内蒙古:Y31,Y31,,2.2,,no-official-km,1,0,C
内蒙古:Y311,Y311,,9.9,,no-official-km,1,0,C
内蒙古:Y313,Y313,,71.4,,no-official-km,1,0,C
内蒙古:Y335,Y335,,6.8,,no-official-km,1,0,C
内蒙古:Y336,Y336,,39.4,,no-official-km,1,0,C
内蒙古:Y338,Y338,,3.6,,no-official-km,1,0,C
内蒙古:Y371,Y371,,3.4,,no-official-km,1,0,C
内蒙古:Y38,Y38,,8.9,,no-official-km,1,0,C
内蒙古:Y4,Y4,,1.8,,no-official-km,1,0,C
内蒙古:Y46,Y46,,5.1,,no-official-km,1,0,C
内蒙古:Y47,Y47,,5.6,,no-official-km,1,0,C
内蒙古:Y508,Y508,,20.8,,no-official-km,1,0,C
内蒙古:Y509,Y509,,17.5,,no-official-km,1,0,C
内蒙古:Y611,Y611,,40.2,,no-official-km,1,0,C
内蒙古:Y7,Y7,,3.6,,no-official-km,1,0,C
宁夏:Y101,Y101,,8.2,,no-official-km,1,0,C
宁夏:Y201,Y201,,22.8,,broken-jump,1,0,C
宁夏:Y202,Y202,,31.4,,broken-jump,1,0,C
宁夏:Y205,Y205,,39.1,,no-official-km,2,1,C
宁夏:Y8,Y8,,24.1,,no-official-km,1,0,C
青海:Y220,Y220,,40.4,,no-official-km,1,0,C
青海:Y254,Y254,,5.8,,no-official-km,1,0,C
青海:Y256,Y256,,10.1,,no-official-km,1,0,C
青海:Y265,Y265,,2.8,,no-official-km,1,0,C
青海:Y279,Y279,,4.8,,no-official-km,1,0,C
青海:Y402,Y402,,11.5,,no-official-km,1,0,C
青海:Y641,Y641,,8.7,,no-official-km,1,0,C
青海:Y7,Y7,,13.6,,no-official-km,2,1,C
青海:Y765,Y765,,135.1,,no-official-km,1,0,C
山东:Y1,Y1,,11.4,,no-official-km,1,0,C
山东:Y102,Y102,,6.1,,no-official-km,2,1,C
山东:Y103,Y103,,3.4,,no-official-km,1,0,C
山东:Y11,Y11,,4.6,,no-official-km,1,0,C
山东:Y115,Y115,,11.6,,no-official-km,1,0,C
山东:Y116,Y116,,13.3,,no-official-km,1,0,C
山东:Y120,Y120,,5.6,,no-official-km,1,0,C
山东:Y122,Y122,,7.6,,broken-jump,1,0,C
山东:Y129,Y129,,2.0,,no-official-km,1,0,C
山东:Y13,Y13,,15.4,,no-official-km,2,1,C
山东:Y136,Y136,,13.8,,no-official-km,1,0,C
山东:Y139,Y139,,1.6,,no-official-km,1,0,C
山东:Y14,Y14,,3.7,,no-official-km,1,0,C
山东:Y16,Y16,,11.0,,no-official-km,1,0,C
山东:Y162,Y162,,1.5,,no-official-km,1,0,C
山东:Y17,Y17,,4.2,,no-official-km,1,0,C
山东:Y171,Y171,,8.7,,no-official-km,2,1,C
山东:Y18,Y18,,5.2,,broken-jump,1,0,C
山东:Y182,Y182,,1.9,,no-official-km,1,0,C
山东:Y2,Y2,,8.6,,no-official-km,2,1,C
山东:Y20,Y20,,3.0,,no-official-km,1,0,C
山东:Y207,Y207,,2.7,,no-official-km,1,0,C
山东:Y208,Y208,,8.6,,no-official-km,1,0,C
山东:Y23,Y23,,49.2,,no-official-km,5,4,C
山东:Y24,Y24,,14.0,,no-official-km,4,3,C
山东:Y25,Y25,,10.8,,no-official-km,1,0,C
山东:Y27,Y27,,23.5,,no-official-km,4,3,C
山东:Y28,Y28,,8.0,,no-official-km,2,1,C
山东:Y281,Y281,,2.3,,no-official-km,1,0,C
山东:Y29,Y29,,7.9,,broken-jump,3,2,C
山东:Y3,Y3,,15.3,,broken-jump,1,0,C
山东:Y30,Y30,,7.7,,no-official-km,1,0,C
山东:Y31,Y31,,14.8,,broken-jump,2,1,C
山东:Y330,Y330,,8.9,,no-official-km,1,0,C
山东:Y335,Y335,,25.8,,no-official-km,1,0,C
山东:Y35,Y35,,13.3,,no-official-km,2,1,C
山东:Y38,Y38,,2.4,,no-official-km,1,0,C
山东:Y4,Y4,,4.2,,no-official-km,1,0,C
山东:Y41,Y41,,1.5,,no-official-km,1,0,C
山东:Y43,Y43,,2.5,,no-official-km,1,0,C
山东:Y44,Y44,,1.3,,no-official-km,1,0,C
山东:Y45,Y45,,9.5,,broken-jump,2,1,C
山东:Y5,Y5,,5.4,,no-official-km,1,0,C
山东:Y50,Y50,,4.7,,no-official-km,1,0,C
山东:Y52,Y52,,5.0,,broken-jump,1,0,C
山东:Y55,Y55,,5.7,,no-official-km,1,0,C
山东:Y6,Y6,,10.8,,no-official-km,2,1,C
山东:Y607,Y607,,0.4,,no-official-km,1,0,C
山东:Y65,Y65,,10.1,,broken-jump,1,0,C
山东:Y66,Y66,,15.8,,no-official-km,1,0,C
山东:Y7,Y7,,8.5,,broken-jump,1,0,C
山东:Y78,Y78,,10.8,,no-official-km,1,0,C
山东:Y79,Y79,,4.2,,no-official-km,1,0,C
山东:Y891,Y891,,4.5,,no-official-km,1,0,C
山东:Y9,Y9,,16.1,,no-official-km,1,0,C
山西:Y1,Y1,,131.0,,no-official-km,14,13,C
山西:Y10,Y10,,84.2,,no-official-km,14,13,C
山西:Y109,Y109,,5.1,,no-official-km,1,0,C
山西:Y11,Y11,,68.0,,no-official-km,10,9,C
山西:Y12,Y12,,56.5,,no-official-km,8,7,C
山西:Y13,Y13,,54.7,,no-official-km,9,8,C
山西:Y14,Y14,,48.2,,no-official-km,12,11,C
山西:Y15,Y15,,35.9,,no-official-km,9,8,C
山西:Y16,Y16,,61.6,,no-official-km,9,8,C
山西:Y17,Y17,,47.1,,no-official-km,7,6,C
山西:Y18,Y18,,17.2,,no-official-km,5,4,C
山西:Y19,Y19,,28.1,,no-official-km,6,5,C
山西:Y2,Y2,,169.8,,no-official-km,24,23,C
山西:Y20,Y20,,55.4,,no-official-km,6,5,C
山西:Y21,Y21,,37.5,,no-official-km,5,4,C
山西:Y216,Y216,,7.8,,no-official-km,1,0,C
山西:Y218,Y218,,17.5,,broken-jump,1,0,C
山西:Y22,Y22,,27.0,,no-official-km,6,5,C
山西:Y23,Y23,,14.3,,no-official-km,3,2,C
山西:Y231,Y231,,9.4,,no-official-km,1,0,C
山西:Y24,Y24,,13.8,,no-official-km,4,3,C
山西:Y25,Y25,,28.7,,no-official-km,4,3,C
山西:Y26,Y26,,24.2,,no-official-km,2,1,C
山西:Y27,Y27,,42.9,,no-official-km,5,4,C
山西:Y28,Y28,,21.8,,no-official-km,3,2,C
山西:Y29,Y29,,17.3,,no-official-km,3,2,C
山西:Y3,Y3,,136.3,,no-official-km,15,14,C
山西:Y30,Y30,,8.9,,no-official-km,1,0,C
山西:Y31,Y31,,27.7,,no-official-km,2,1,C
山西:Y32,Y32,,5.6,,no-official-km,1,0,C
山西:Y33,Y33,,4.7,,no-official-km,1,0,C
山西:Y34,Y34,,12.6,,no-official-km,2,1,C
山西:Y35,Y35,,11.1,,no-official-km,2,1,C
山西:Y36,Y36,,4.4,,no-official-km,1,0,C
山西:Y37,Y37,,4.5,,no-official-km,1,0,C
山西:Y38,Y38,,44.4,,no-official-km,3,2,C
山西:Y39,Y39,,12.9,,no-official-km,3,2,C
山西:Y4,Y4,,75.8,,no-official-km,11,10,C
山西:Y41,Y41,,7.7,,no-official-km,1,0,C
山西:Y43,Y43,,2.6,,no-official-km,1,0,C
山西:Y48,Y48,,8.9,,no-official-km,3,2,C
山西:Y5,Y5,,101.9,,no-official-km,16,15,C
山西:Y522,Y522,,17.9,,no-official-km,1,0,C
山西:Y54,Y54,,6.9,,no-official-km,1,0,C
山西:Y6,Y6,,126.6,,no-official-km,15,14,C
山西:Y62,Y62,,16.8,,no-official-km,2,1,C
山西:Y66,Y66,,2.2,,no-official-km,1,0,C
山西:Y7,Y7,,112.3,,no-official-km,15,14,C
山西:Y78,Y78,,3.5,,no-official-km,2,1,C
山西:Y79,Y79,,5.6,,no-official-km,3,2,C
山西:Y8,Y8,,89.6,,broken-jump,10,9,C
山西:Y9,Y9,,106.8,,no-official-km,14,13,C
山西:Y911,Y911,,1.0,,no-official-km,2,1,C
山西:Y914,Y914,,4.4,,no-official-km,1,0,C
陕西:Y10,Y10,,12.8,,no-official-km,1,0,C
陕西:Y104,Y104,,36.8,,no-official-km,1,0,C
陕西:Y128,Y128,,14.2,,no-official-km,1,0,C
陕西:Y13,Y13,,28.2,,no-official-km,1,0,C
陕西:Y15,Y15,,46.7,,no-official-km,1,0,C
陕西:Y16,Y16,,28.0,,no-official-km,3,2,C
陕西:Y17,Y17,,32.3,,no-official-km,1,0,C
陕西:Y184,Y184,,9.3,,no-official-km,1,0,C
陕西:Y185,Y185,,2.7,,no-official-km,1,0,C
陕西:Y186,Y186,,3.4,,no-official-km,2,1,C
陕西:Y188,Y188,,2.5,,no-official-km,1,0,C
陕西:Y19,Y19,,3.5,,no-official-km,1,0,C
陕西:Y201,Y201,,15.6,,no-official-km,1,0,C
陕西:Y202,Y202,,35.9,,no-official-km,2,1,C
陕西:Y203,Y203,,21.5,,no-official-km,2,1,C
陕西:Y204,Y204,,7.2,,broken-jump,1,0,C
陕西:Y205,Y205,,16.3,,no-official-km,2,1,C
陕西:Y206,Y206,,39.4,,no-official-km,5,4,C
陕西:Y207,Y207,,4.8,,no-official-km,1,0,C
陕西:Y208,Y208,,42.4,,no-official-km,4,3,C
陕西:Y210,Y210,,30.4,,no-official-km,5,4,C
陕西:Y211,Y211,,4.4,,no-official-km,1,0,C
陕西:Y212,Y212,,16.3,,no-official-km,1,0,C
陕西:Y213,Y213,,9.6,,no-official-km,1,0,C
陕西:Y214,Y214,,22.5,,no-official-km,4,3,C
陕西:Y215,Y215,,24.8,,no-official-km,2,1,C
陕西:Y219,Y219,,7.7,,no-official-km,1,0,C
陕西:Y22,Y22,,7.7,,no-official-km,1,0,C
陕西:Y235,Y235,,19.9,,no-official-km,1,0,C
陕西:Y237,Y237,,5.0,,no-official-km,2,1,C
陕西:Y238,Y238,,0.9,,no-official-km,1,0,C
陕西:Y242,Y242,,7.2,,no-official-km,1,0,C
陕西:Y243,Y243,,3.2,,no-official-km,1,0,C
陕西:Y244,Y244,,3.1,,no-official-km,1,0,C
陕西:Y249,Y249,,2.2,,no-official-km,1,0,C
陕西:Y251,Y251,,7.9,,no-official-km,1,0,C
陕西:Y252,Y252,,11.3,,no-official-km,3,2,C
陕西:Y255,Y255,,2.7,,no-official-km,1,0,C
陕西:Y256,Y256,,7.1,,broken-jump,1,0,C
陕西:Y258,Y258,,2.9,,no-official-km,1,0,C
陕西:Y26,Y26,,6.5,,no-official-km,1,0,C
陕西:Y265,Y265,,13.7,,no-official-km,1,0,C
陕西:Y266,Y266,,7.6,,no-official-km,3,2,C
陕西:Y267,Y267,,2.7,,no-official-km,1,0,C
陕西:Y278,Y278,,5.7,,no-official-km,1,0,C
陕西:Y299,Y299,,5.4,,no-official-km,1,0,C
陕西:Y301,Y301,,15.7,,no-official-km,2,1,C
陕西:Y302,Y302,,35.6,,no-official-km,2,1,C
陕西:Y304,Y304,,18.1,,no-official-km,2,1,C
陕西:Y305,Y305,,32.8,,no-official-km,3,2,C
陕西:Y306,Y306,,11.0,,no-official-km,1,0,C
陕西:Y309,Y309,,33.0,,no-official-km,2,1,C
陕西:Y311,Y311,,28.4,,no-official-km,1,0,C
陕西:Y312,Y312,,2.0,,no-official-km,1,0,C
陕西:Y313,Y313,,14.5,,no-official-km,1,0,C
陕西:Y318,Y318,,9.2,,no-official-km,1,0,C
陕西:Y320,Y320,,26.8,,no-official-km,1,0,C
陕西:Y321,Y321,,26.8,,no-official-km,2,1,C
陕西:Y323,Y323,,3.0,,no-official-km,1,0,C
陕西:Y326,Y326,,24.0,,no-official-km,1,0,C
陕西:Y328,Y328,,9.4,,no-official-km,1,0,C
陕西:Y329,Y329,,5.2,,no-official-km,1,0,C
陕西:Y332,Y332,,0.2,,no-official-km,1,0,C
陕西:Y343,Y343,,46.2,,no-official-km,1,0,C
陕西:Y344,Y344,,19.8,,broken-jump,2,1,C
陕西:Y345,Y345,,1.8,,no-official-km,1,0,C
陕西:Y352,Y352,,11.0,,no-official-km,1,0,C
陕西:Y361,Y361,,10.9,,no-official-km,1,0,C
陕西:Y366,Y366,,13.0,,no-official-km,2,1,C
陕西:Y377,Y377,,0.1,,no-official-km,1,0,C
陕西:Y39,Y39,,10.4,,no-official-km,1,0,C
陕西:Y4,Y4,,15.0,,no-official-km,1,0,C
陕西:Y414,Y414,,5.8,,no-official-km,2,1,C
陕西:Y5,Y5,,18.6,,no-official-km,2,1,C
陕西:Y562,Y562,,5.2,,no-official-km,1,0,C
陕西:Y6,Y6,,8.9,,no-official-km,1,0,C
陕西:Y67,Y67,,,,no-geometry,0,0,
陕西:Y7,Y7,,8.2,,no-official-km,1,0,C
陕西:Y70,Y70,,4.5,,no-official-km,1,0,C
陕西:Y8,Y8,,20.4,,no-official-km,1,0,C
陕西:Y9,Y9,,13.7,,no-official-km,1,0,C
上海:Y1,Y1,,9.7,,no-official-km,2,1,C
上海:Y101,Y101,,0.1,,no-official-km,1,0,C
上海:Y104,Y104,,8.8,,no-official-km,1,0,C
上海:Y11,Y11,,14.4,,no-official-km,3,2,C
上海:Y116,Y116,,8.5,,no-official-km,2,1,C
上海:Y117,Y117,,3.3,,no-official-km,1,0,C
上海:Y126,Y126,,0.6,,no-official-km,1,0,C
上海:Y13,Y13,,1.9,,no-official-km,1,0,C
上海:Y140,Y140,,0.6,,no-official-km,1,0,C
上海:Y144,Y144,,0.5,,no-official-km,1,0,C
上海:Y145,Y145,,1.6,,no-official-km,1,0,C
上海:Y146,Y146,,5.2,,no-official-km,2,1,C
上海:Y149,Y149,,0.6,,no-official-km,1,0,C
上海:Y15,Y15,,1.5,,no-official-km,1,0,C
上海:Y151,Y151,,0.7,,no-official-km,1,0,C
上海:Y168,Y168,,0.5,,no-official-km,1,0,C
上海:Y173,Y173,,1.6,,no-official-km,1,0,C
上海:Y193,Y193,,0.6,,no-official-km,1,0,C
上海:Y2023,Y2023,,2.9,,no-official-km,1,0,C
上海:Y2033,Y2033,,1.1,,no-official-km,1,0,C
上海:Y207,Y207,,2.8,,no-official-km,1,0,C
上海:Y2083,Y2083,,0.5,,no-official-km,1,0,C
上海:Y209,Y209,,2.3,,no-official-km,1,0,C
上海:Y2093,Y2093,,2.9,,no-official-km,1,0,C
上海:Y21,Y21,,0.9,,no-official-km,1,0,C
上海:Y2113,Y2113,,2.8,,no-official-km,1,0,C
上海:Y212,Y212,,1.1,,no-official-km,1,0,C
上海:Y2123,Y2123,,0.8,,no-official-km,1,0,C
上海:Y214,Y214,,1.9,,no-official-km,1,0,C
上海:Y2153,Y2153,,1.0,,no-official-km,1,0,C
上海:Y217,Y217,,0.6,,no-official-km,1,0,C
上海:Y2173,Y2173,,2.0,,no-official-km,1,0,C
上海:Y2183,Y2183,,3.2,,no-official-km,1,0,C
上海:Y220,Y220,,0.9,,no-official-km,1,0,C
上海:Y221,Y221,,1.1,,no-official-km,1,0,C
上海:Y222,Y222,,1.1,,no-official-km,1,0,C
上海:Y225,Y225,,1.3,,no-official-km,1,0,C
上海:Y2273,Y2273,,0.5,,no-official-km,1,0,C
上海:Y2293,Y2293,,7.0,,no-official-km,2,1,C
上海:Y2313,Y2313,,1.5,,no-official-km,1,0,C
上海:Y2323,Y2323,,3.9,,no-official-km,2,1,C
上海:Y2343,Y2343,,1.3,,no-official-km,1,0,C
上海:Y2353,Y2353,,1.1,,no-official-km,1,0,C
上海:Y237,Y237,,0.5,,no-official-km,1,0,C
上海:Y2403,Y2403,,1.5,,no-official-km,1,0,C
上海:Y2413,Y2413,,2.0,,no-official-km,1,0,C
上海:Y242,Y242,,2.0,,no-official-km,1,0,C
上海:Y2423,Y2423,,1.2,,no-official-km,1,0,C
上海:Y245,Y245,,4.7,,no-official-km,1,0,C
上海:Y246,Y246,,1.3,,no-official-km,1,0,C
上海:Y247,Y247,,1.2,,no-official-km,1,0,C
上海:Y249,Y249,,1.4,,no-official-km,1,0,C
上海:Y253,Y253,,0.2,,no-official-km,1,0,C
上海:Y254,Y254,,1.9,,no-official-km,1,0,C
上海:Y255,Y255,,1.4,,no-official-km,1,0,C
上海:Y256,Y256,,2.0,,no-official-km,1,0,C
上海:Y257,Y257,,1.6,,no-official-km,1,0,C
上海:Y259,Y259,,2.1,,no-official-km,1,0,C
上海:Y260,Y260,,2.5,,no-official-km,1,0,C
上海:Y264,Y264,,1.6,,no-official-km,1,0,C
上海:Y265,Y265,,1.3,,no-official-km,1,0,C
上海:Y270,Y270,,1.5,,no-official-km,1,0,C
上海:Y287,Y287,,1.4,,no-official-km,1,0,C
上海:Y289,Y289,,2.9,,no-official-km,1,0,C
上海:Y297,Y297,,2.0,,no-official-km,1,0,C
上海:Y298,Y298,,0.3,,no-official-km,1,0,C
上海:Y304,Y304,,1.2,,no-official-km,1,0,C
上海:Y310,Y310,,3.5,,no-official-km,1,0,C
上海:Y313,Y313,,1.8,,no-official-km,1,0,C
上海:Y352,Y352,,14.7,,broken-jump,1,0,C
上海:Y361,Y361,,1.8,,no-official-km,1,0,C
上海:Y362,Y362,,1.2,,no-official-km,1,0,C
上海:Y374,Y374,,0.6,,no-official-km,1,0,C
上海:Y375,Y375,,0.7,,no-official-km,1,0,C
上海:Y376,Y376,,1.1,,no-official-km,1,0,C
上海:Y377,Y377,,1.6,,no-official-km,2,1,C
上海:Y378,Y378,,0.8,,no-official-km,1,0,C
上海:Y380,Y380,,1.4,,no-official-km,1,0,C
上海:Y381,Y381,,1.3,,no-official-km,1,0,C
上海:Y387,Y387,,0.6,,no-official-km,2,1,C
上海:Y389,Y389,,0.6,,no-official-km,1,0,C
上海:Y391,Y391,,1.0,,no-official-km,1,0,C
上海:Y393,Y393,,0.7,,no-official-km,1,0,C
上海:Y40,Y40,,4.4,,no-official-km,1,0,C
上海:Y402,Y402,,4.7,,no-official-km,1,0,C
上海:Y429,Y429,,1.4,,no-official-km,1,0,C
上海:Y432,Y432,,1.0,,no-official-km,1,0,C
上海:Y443,Y443,,5.1,,no-official-km,3,2,C
上海:Y446,Y446,,2.2,,no-official-km,1,0,C
上海:Y451,Y451,,1.6,,no-official-km,1,0,C
上海:Y457,Y457,,1.4,,no-official-km,1,0,C
上海:Y466,Y466,,1.1,,no-official-km,1,0,C
上海:Y5,Y5,,4.7,,no-official-km,1,0,C
上海:Y51,Y51,,1.1,,no-official-km,1,0,C
上海:Y512,Y512,,0.6,,no-official-km,1,0,C
上海:Y52,Y52,,0.1,,no-official-km,1,0,C
上海:Y551,Y551,,3.4,,no-official-km,1,0,C
上海:Y552,Y552,,5.7,,no-official-km,1,0,C
上海:Y56,Y56,,2.5,,no-official-km,1,0,C
上海:Y561,Y561,,2.9,,no-official-km,2,1,C
上海:Y571,Y571,,5.6,,no-official-km,1,0,C
上海:Y6,Y6,,1.8,,no-official-km,1,0,C
上海:Y60,Y60,,1.9,,no-official-km,1,0,C
上海:Y638,Y638,,1.2,,no-official-km,2,1,C
上海:Y661,Y661,,2.7,,no-official-km,2,1,C
上海:Y667,Y667,,0.5,,no-official-km,1,0,C
上海:Y69,Y69,,4.8,,no-official-km,3,2,C
上海:Y70,Y70,,7.8,,broken-jump,2,1,C
上海:Y79,Y79,,3.3,,no-official-km,1,0,C
上海:Y809,Y809,,2.3,,no-official-km,1,0,C
上海:Y85,Y85,,3.0,,no-official-km,1,0,C
上海:Y890,Y890,,3.2,,no-official-km,1,0,C
上海:Y920,Y920,,3.8,,no-official-km,1,0,C
上海:Y962,Y962,,2.2,,no-official-km,1,0,C
上海:Y997,Y997,,0.8,,no-official-km,1,0,C
四川:Y1,Y1,,136.3,,no-official-km,10,9,C
四川:Y10,Y10,,22.6,,no-official-km,5,4,C
四川:Y100,Y100,,3.9,,no-official-km,1,0,C
四川:Y101,Y101,,2.0,,no-official-km,1,0,C
四川:Y103,Y103,,6.1,,no-official-km,1,0,C
四川:Y104,Y104,,10.7,,no-official-km,2,1,C
四川:Y11,Y11,,62.3,,no-official-km,7,6,C
四川:Y113,Y113,,7.1,,no-official-km,1,0,C
四川:Y12,Y12,,26.9,,no-official-km,6,5,C
四川:Y122,Y122,,15.3,,no-official-km,1,0,C
四川:Y126,Y126,,5.9,,no-official-km,1,0,C
四川:Y13,Y13,,11.4,,no-official-km,2,1,C
四川:Y135,Y135,,1.7,,no-official-km,1,0,C
四川:Y136,Y136,,10.0,,no-official-km,3,2,C
四川:Y137,Y137,,6.1,,no-official-km,1,0,C
四川:Y138,Y138,,3.7,,no-official-km,1,0,C
四川:Y139,Y139,,22.9,,no-official-km,2,1,C
四川:Y14,Y14,,25.5,,no-official-km,3,2,C
四川:Y140,Y140,,3.6,,no-official-km,1,0,C
四川:Y141,Y141,,5.4,,no-official-km,1,0,C
四川:Y142,Y142,,8.0,,no-official-km,2,1,C
四川:Y144,Y144,,3.9,,no-official-km,1,0,C
四川:Y145,Y145,,2.4,,no-official-km,1,0,C
四川:Y146,Y146,,3.7,,no-official-km,1,0,C
四川:Y147,Y147,,2.9,,no-official-km,1,0,C
四川:Y148,Y148,,4.3,,no-official-km,1,0,C
四川:Y149,Y149,,3.0,,no-official-km,1,0,C
四川:Y15,Y15,,57.2,,no-official-km,3,2,C
四川:Y150,Y150,,4.2,,no-official-km,1,0,C
四川:Y151,Y151,,2.8,,no-official-km,1,0,C
四川:Y152,Y152,,4.1,,no-official-km,1,0,C
四川:Y153,Y153,,6.2,,no-official-km,1,0,C
四川:Y154,Y154,,2.4,,no-official-km,1,0,C
四川:Y155,Y155,,4.4,,no-official-km,2,1,C
四川:Y156,Y156,,7.4,,no-official-km,1,0,C
四川:Y157,Y157,,6.1,,no-official-km,2,1,C
四川:Y158,Y158,,1.9,,no-official-km,1,0,C
四川:Y159,Y159,,4.3,,no-official-km,2,1,C
四川:Y16,Y16,,2.0,,no-official-km,1,0,C
四川:Y164,Y164,,6.5,,no-official-km,1,0,C
四川:Y165,Y165,,2.4,,no-official-km,1,0,C
四川:Y168,Y168,,7.2,,no-official-km,1,0,C
四川:Y17,Y17,,16.2,,no-official-km,2,1,C
四川:Y171,Y171,,3.0,,no-official-km,2,1,C
四川:Y18,Y18,,3.0,,no-official-km,1,0,C
四川:Y184,Y184,,6.9,,no-official-km,1,0,C
四川:Y185,Y185,,12.4,,no-official-km,1,0,C
四川:Y188,Y188,,0.9,,no-official-km,1,0,C
四川:Y189,Y189,,6.5,,no-official-km,1,0,C
四川:Y19,Y19,,15.2,,no-official-km,3,2,C
四川:Y190,Y190,,3.8,,no-official-km,2,1,C
四川:Y193,Y193,,20.6,,no-official-km,1,0,C
四川:Y196,Y196,,5.0,,no-official-km,2,1,C
四川:Y198,Y198,,4.3,,no-official-km,1,0,C
四川:Y2,Y2,,17.7,,no-official-km,3,2,C
四川:Y20,Y20,,42.7,,no-official-km,5,4,C
四川:Y203,Y203,,4.2,,no-official-km,1,0,C
四川:Y204,Y204,,10.6,,no-official-km,1,0,C
四川:Y205,Y205,,6.2,,no-official-km,1,0,C
四川:Y208,Y208,,6.4,,no-official-km,3,2,C
四川:Y209,Y209,,4.0,,no-official-km,1,0,C
四川:Y21,Y21,,10.2,,no-official-km,4,3,C
四川:Y210,Y210,,25.6,,no-official-km,2,1,C
四川:Y211,Y211,,3.4,,no-official-km,1,0,C
四川:Y22,Y22,,33.8,,no-official-km,4,3,C
四川:Y227,Y227,,6.1,,no-official-km,1,0,C
四川:Y228,Y228,,4.1,,no-official-km,1,0,C
四川:Y229,Y229,,6.6,,no-official-km,1,0,C
四川:Y23,Y23,,6.2,,no-official-km,1,0,C
四川:Y231,Y231,,3.3,,no-official-km,1,0,C
四川:Y237,Y237,,1.3,,no-official-km,1,0,C
四川:Y24,Y24,,13.0,,no-official-km,3,2,C
四川:Y247,Y247,,4.6,,no-official-km,1,0,C
四川:Y248,Y248,,4.5,,no-official-km,1,0,C
四川:Y249,Y249,,3.2,,no-official-km,1,0,C
四川:Y25,Y25,,11.8,,no-official-km,2,1,C
四川:Y250,Y250,,6.4,,no-official-km,1,0,C
四川:Y251,Y251,,5.0,,no-official-km,1,0,C
四川:Y252,Y252,,3.7,,no-official-km,1,0,C
四川:Y253,Y253,,6.5,,no-official-km,1,0,C
四川:Y256,Y256,,6.7,,no-official-km,2,1,C
四川:Y26,Y26,,6.7,,no-official-km,2,1,C
四川:Y260,Y260,,2.6,,no-official-km,1,0,C
四川:Y268,Y268,,9.1,,no-official-km,1,0,C
四川:Y27,Y27,,8.0,,no-official-km,1,0,C
四川:Y273,Y273,,2.7,,no-official-km,1,0,C
四川:Y275,Y275,,0.5,,no-official-km,1,0,C
四川:Y276,Y276,,3.0,,no-official-km,1,0,C
四川:Y28,Y28,,7.5,,no-official-km,2,1,C
四川:Y282,Y282,,2.0,,no-official-km,1,0,C
四川:Y283,Y283,,1.2,,no-official-km,1,0,C
四川:Y29,Y29,,29.3,,no-official-km,2,1,C
四川:Y3,Y3,,29.7,,no-official-km,3,2,C
四川:Y30,Y30,,9.5,,no-official-km,2,1,C
四川:Y301,Y301,,5.7,,no-official-km,2,1,C
四川:Y302,Y302,,16.8,,no-official-km,2,1,C
四川:Y303,Y303,,9.1,,no-official-km,2,1,C
四川:Y304,Y304,,4.0,,no-official-km,2,1,C
四川:Y305,Y305,,9.2,,no-official-km,1,0,C
四川:Y306,Y306,,13.3,,no-official-km,1,0,C
四川:Y31,Y31,,2.9,,no-official-km,1,0,C
四川:Y310,Y310,,7.2,,no-official-km,1,0,C
四川:Y311,Y311,,3.9,,no-official-km,1,0,C
四川:Y313,Y313,,23.1,,no-official-km,2,1,C
四川:Y314,Y314,,0.7,,no-official-km,1,0,C
四川:Y315,Y315,,12.1,,no-official-km,1,0,C
四川:Y32,Y32,,5.5,,no-official-km,1,0,C
四川:Y323,Y323,,7.4,,no-official-km,1,0,C
四川:Y325,Y325,,9.7,,no-official-km,1,0,C
四川:Y328,Y328,,3.2,,no-official-km,1,0,C
四川:Y329,Y329,,7.1,,no-official-km,1,0,C
四川:Y33,Y33,,5.8,,no-official-km,2,1,C
四川:Y335,Y335,,16.2,,no-official-km,1,0,C
四川:Y339,Y339,,3.5,,no-official-km,2,1,C
四川:Y34,Y34,,13.6,,no-official-km,2,1,C
四川:Y35,Y35,,22.2,,no-official-km,2,1,C
四川:Y36,Y36,,11.8,,no-official-km,3,2,C
四川:Y367,Y367,,0.3,,no-official-km,1,0,C
四川:Y37,Y37,,12.3,,no-official-km,1,0,C
四川:Y38,Y38,,12.0,,no-official-km,3,2,C
四川:Y39,Y39,,10.7,,no-official-km,2,1,C
四川:Y396,Y396,,0.9,,no-official-km,1,0,C
四川:Y4,Y4,,108.9,,no-official-km,5,4,C
四川:Y40,Y40,,28.4,,no-official-km,2,1,C
四川:Y41,Y41,,2.4,,no-official-km,1,0,C
四川:Y415,Y415,,1.2,,no-official-km,1,0,C
四川:Y42,Y42,,23.6,,no-official-km,3,2,C
四川:Y420,Y420,,8.8,,no-official-km,1,0,C
四川:Y43,Y43,,8.1,,no-official-km,2,1,C
四川:Y44,Y44,,18.2,,no-official-km,2,1,C
四川:Y45,Y45,,37.6,,no-official-km,3,2,C
四川:Y46,Y46,,13.2,,no-official-km,3,2,C
四川:Y47,Y47,,5.9,,no-official-km,1,0,C
四川:Y48,Y48,,7.5,,no-official-km,1,0,C
四川:Y49,Y49,,8.1,,no-official-km,2,1,C
四川:Y5,Y5,,60.6,,no-official-km,6,5,C
四川:Y50,Y50,,2.6,,no-official-km,1,0,C
四川:Y501,Y501,,13.4,,no-official-km,1,0,C
四川:Y504,Y504,,9.8,,no-official-km,1,0,C
四川:Y509,Y509,,1.7,,no-official-km,2,1,C
四川:Y51,Y51,,6.3,,no-official-km,1,0,C
四川:Y510,Y510,,1.7,,no-official-km,2,1,C
四川:Y514,Y514,,9.2,,no-official-km,1,0,C
四川:Y517,Y517,,7.4,,no-official-km,1,0,C
四川:Y52,Y52,,3.2,,no-official-km,1,0,C
四川:Y53,Y53,,4.3,,no-official-km,1,0,C
四川:Y55,Y55,,2.5,,no-official-km,1,0,C
四川:Y56,Y56,,5.5,,no-official-km,1,0,C
四川:Y57,Y57,,1.6,,no-official-km,1,0,C
四川:Y58,Y58,,16.9,,no-official-km,2,1,C
四川:Y6,Y6,,35.6,,no-official-km,5,4,C
四川:Y60,Y60,,7.3,,no-official-km,1,0,C
四川:Y600,Y600,,61.9,,no-official-km,1,0,C
四川:Y602,Y602,,1.3,,no-official-km,1,0,C
四川:Y61,Y61,,1.9,,no-official-km,1,0,C
四川:Y62,Y62,,13.3,,no-official-km,1,0,C
四川:Y63,Y63,,6.6,,no-official-km,1,0,C
四川:Y634,Y634,,2.4,,no-official-km,2,1,C
四川:Y64,Y64,,6.6,,no-official-km,1,0,C
四川:Y645,Y645,,7.4,,no-official-km,1,0,C
四川:Y65,Y65,,5.0,,no-official-km,1,0,C
四川:Y66,Y66,,4.2,,no-official-km,1,0,C
四川:Y67,Y67,,15.5,,no-official-km,3,2,C
四川:Y68,Y68,,3.7,,no-official-km,1,0,C
四川:Y69,Y69,,5.3,,no-official-km,1,0,C
四川:Y7,Y7,,20.7,,no-official-km,2,1,C
四川:Y70,Y70,,5.4,,no-official-km,1,0,C
四川:Y704,Y704,,3.5,,no-official-km,1,0,C
四川:Y77,Y77,,10.9,,no-official-km,1,0,C
四川:Y78,Y78,,13.3,,no-official-km,1,0,C
四川:Y8,Y8,,41.8,,no-official-km,5,4,C
四川:Y805,Y805,,7.0,,no-official-km,2,1,C
四川:Y82,Y82,,8.1,,no-official-km,1,0,C
四川:Y84,Y84,,1.4,,no-official-km,1,0,C
四川:Y85,Y85,,7.9,,no-official-km,1,0,C
四川:Y9,Y9,,36.7,,no-official-km,6,5,C
四川:Y94,Y94,,6.1,,no-official-km,1,0,C
四川:Y95,Y95,,10.8,,no-official-km,1,0,C
四川:Y97,Y97,,7.6,,no-official-km,1,0,C
四川:Y98,Y98,,17.3,,no-official-km,3,2,C
四川:Y99,Y99,,4.3,,no-official-km,1,0,C
四川:Y990,Y990,,0.4,,no-official-km,1,0,C
天津:Y129,Y129,,6.2,,no-official-km,2,1,C
天津:Y13,Y13,,6.2,,no-official-km,2,1,C
天津:Y132,Y132,,5.3,,no-official-km,1,0,C
天津:Y133,Y133,,10.6,,no-official-km,1,0,C
天津:Y135,Y135,,3.3,,no-official-km,2,1,C
天津:Y154,Y154,,2.3,,no-official-km,1,0,C
天津:Y160,Y160,,3.7,,no-official-km,1,0,C
天津:Y214,Y214,,2.4,,no-official-km,1,0,C
天津:Y260,Y260,,1.0,,no-official-km,1,0,C
天津:Y266,Y266,,3.5,,no-official-km,2,1,C
天津:Y32,Y32,,3.0,,no-official-km,1,0,C
天津:Y36,Y36,,5.8,,no-official-km,1,0,C
天津:Y386,Y386,,4.7,,no-official-km,1,0,C
天津:Y447,Y447,,2.3,,no-official-km,1,0,C
天津:Y70,Y70,,2.5,,no-official-km,1,0,C
天津:Y951,Y951,,4.4,,no-official-km,1,0,C
西藏:Y111,Y111,,19.5,,no-official-km,1,0,C
西藏:Y333,Y333,,7.4,,no-official-km,2,1,C
西藏:Y641,Y641,,19.8,,no-official-km,1,0,C
西藏:Y651,Y651,,44.0,,no-official-km,2,1,C
西藏:Y663,Y663,,7.1,,no-official-km,1,0,C
西藏:Y703,Y703,,55.3,,no-official-km,1,0,C
西藏:Y706,Y706,,77.4,,no-official-km,1,0,C
西藏:Y708,Y708,,58.6,,no-official-km,4,3,C
西藏:Y710,Y710,,3.0,,no-official-km,1,0,C
新疆:Y10,Y10,,25.9,,no-official-km,2,1,C
新疆:Y100,Y100,,4.3,,no-official-km,1,0,C
新疆:Y104,Y104,,1.2,,no-official-km,1,0,C
新疆:Y11,Y11,,7.1,,no-official-km,1,0,C
新疆:Y119,Y119,,2.7,,no-official-km,1,0,C
新疆:Y12,Y12,,1.1,,no-official-km,1,0,C
新疆:Y121,Y121,,4.2,,no-official-km,1,0,C
新疆:Y129,Y129,,10.1,,no-official-km,3,2,C
新疆:Y130,Y130,,2.5,,no-official-km,2,1,C
新疆:Y131,Y131,,4.0,,no-official-km,1,0,C
新疆:Y133,Y133,,12.3,,no-official-km,1,0,C
新疆:Y138,Y138,,2.7,,no-official-km,1,0,C
新疆:Y139,Y139,,1.8,,no-official-km,1,0,C
新疆:Y140,Y140,,2.1,,no-official-km,1,0,C
新疆:Y150,Y150,,4.8,,no-official-km,1,0,C
新疆:Y16,Y16,,10.6,,no-official-km,1,0,C
新疆:Y161,Y161,,0.1,,no-official-km,1,0,C
新疆:Y165,Y165,,0.6,,no-official-km,1,0,C
新疆:Y170,Y170,,7.9,,no-official-km,2,1,C
新疆:Y174,Y174,,4.4,,no-official-km,1,0,C
新疆:Y188,Y188,,10.4,,broken-jump,2,1,C
新疆:Y20,Y20,,0.6,,no-official-km,1,0,C
新疆:Y208,Y208,,7.7,,no-official-km,1,0,C
新疆:Y210,Y210,,4.2,,no-official-km,2,1,C
新疆:Y213,Y213,,1.3,,no-official-km,1,0,C
新疆:Y218,Y218,,4.0,,no-official-km,1,0,C
新疆:Y23,Y23,,1.7,,no-official-km,1,0,C
新疆:Y245,Y245,,6.8,,no-official-km,1,0,C
新疆:Y247,Y247,,3.2,,no-official-km,1,0,C
新疆:Y256,Y256,,4.0,,no-official-km,1,0,C
新疆:Y264,Y264,,2.9,,no-official-km,1,0,C
新疆:Y291,Y291,,9.2,,no-official-km,1,0,C
新疆:Y33,Y33,,17.6,,no-official-km,1,0,C
新疆:Y331,Y331,,2.8,,no-official-km,1,0,C
新疆:Y35,Y35,,6.0,,no-official-km,1,0,C
新疆:Y361,Y361,,1.6,,no-official-km,1,0,C
新疆:Y362,Y362,,12.4,,no-official-km,1,0,C
新疆:Y397,Y397,,3.5,,no-official-km,2,1,C
新疆:Y4,Y4,,3.1,,no-official-km,1,0,C
新疆:Y41,Y41,,1.5,,no-official-km,1,0,C
新疆:Y42,Y42,,30.8,,no-official-km,1,0,C
新疆:Y43,Y43,,5.5,,no-official-km,1,0,C
新疆:Y44,Y44,,2.7,,no-official-km,1,0,C
新疆:Y45,Y45,,10.4,,no-official-km,2,1,C
新疆:Y46,Y46,,106.2,,no-official-km,2,1,C
新疆:Y50,Y50,,2.4,,no-official-km,1,0,C
新疆:Y511,Y511,,6.1,,no-official-km,2,1,C
新疆:Y512,Y512,,1.0,,no-official-km,1,0,C
新疆:Y516,Y516,,6.8,,no-official-km,2,1,C
新疆:Y517,Y517,,1.3,,no-official-km,1,0,C
新疆:Y519,Y519,,1.2,,no-official-km,1,0,C
新疆:Y550,Y550,,13.0,,no-official-km,1,0,C
新疆:Y56,Y56,,7.1,,no-official-km,2,1,C
新疆:Y57,Y57,,3.8,,no-official-km,1,0,C
新疆:Y59,Y59,,2.5,,no-official-km,1,0,C
新疆:Y60,Y60,,2.7,,no-official-km,1,0,C
新疆:Y62,Y62,,7.4,,no-official-km,2,1,C
新疆:Y63,Y63,,17.5,,no-official-km,3,2,C
新疆:Y637,Y637,,30.3,,no-official-km,2,1,C
新疆:Y64,Y64,,3.4,,no-official-km,1,0,C
新疆:Y65,Y65,,1.5,,no-official-km,1,0,C
新疆:Y67,Y67,,4.7,,no-official-km,1,0,C
新疆:Y68,Y68,,7.5,,broken-jump,1,0,C
新疆:Y70,Y70,,7.9,,no-official-km,1,0,C
新疆:Y71,Y71,,1.4,,no-official-km,1,0,C
新疆:Y72,Y72,,26.5,,broken-jump,2,1,C
新疆:Y73,Y73,,6.6,,no-official-km,3,2,C
新疆:Y74,Y74,,8.8,,no-official-km,1,0,C
新疆:Y76,Y76,,2.8,,no-official-km,1,0,C
新疆:Y77,Y77,,8.3,,no-official-km,1,0,C
新疆:Y78,Y78,,3.3,,no-official-km,2,1,C
新疆:Y80,Y80,,7.7,,no-official-km,2,1,C
新疆:Y81,Y81,,6.6,,no-official-km,1,0,C
新疆:Y83,Y83,,3.8,,no-official-km,1,0,C
新疆:Y84,Y84,,14.2,,no-official-km,2,1,C
新疆:Y85,Y85,,8.5,,no-official-km,2,1,C
新疆:Y86,Y86,,4.2,,no-official-km,1,0,C
新疆:Y874,Y874,,40.8,,no-official-km,1,0,C
新疆:Y88,Y88,,1.3,,no-official-km,1,0,C
新疆:Y9,Y9,,8.3,,no-official-km,1,0,C
新疆:Y94,Y94,,3.5,,no-official-km,1,0,C
新疆:Y95,Y95,,8.9,,no-official-km,1,0,C
新疆:Y98,Y98,,1.3,,no-official-km,1,0,C
云南:Y1,Y1,,4.3,,no-official-km,1,0,C
云南:Y10,Y10,,40.1,,no-official-km,2,1,C
云南:Y100,Y100,,5.0,,no-official-km,2,1,C
云南:Y102,Y102,,7.0,,no-official-km,1,0,C
云南:Y103,Y103,,12.4,,no-official-km,1,0,C
云南:Y106,Y106,,14.2,,no-official-km,2,1,C
云南:Y11,Y11,,1.0,,no-official-km,1,0,C
云南:Y116,Y116,,17.6,,no-official-km,1,0,C
云南:Y12,Y12,,56.7,,no-official-km,5,4,C
云南:Y121,Y121,,19.8,,no-official-km,1,0,C
云南:Y126,Y126,,5.8,,no-official-km,1,0,C
云南:Y129,Y129,,6.4,,no-official-km,1,0,C
云南:Y13,Y13,,11.0,,no-official-km,2,1,C
云南:Y131,Y131,,18.9,,no-official-km,1,0,C
云南:Y136,Y136,,20.5,,no-official-km,1,0,C
云南:Y137,Y137,,35.2,,no-official-km,2,1,C
云南:Y14,Y14,,11.5,,no-official-km,2,1,C
云南:Y142,Y142,,9.9,,no-official-km,1,0,C
云南:Y144,Y144,,22.8,,no-official-km,1,0,C
云南:Y146,Y146,,13.6,,no-official-km,2,1,C
云南:Y147,Y147,,4.8,,no-official-km,1,0,C
云南:Y152,Y152,,4.6,,no-official-km,1,0,C
云南:Y155,Y155,,2.6,,no-official-km,1,0,C
云南:Y16,Y16,,16.1,,no-official-km,3,2,C
云南:Y160,Y160,,2.2,,no-official-km,1,0,C
云南:Y167,Y167,,26.8,,no-official-km,1,0,C
云南:Y17,Y17,,10.6,,no-official-km,2,1,C
云南:Y177,Y177,,0.7,,no-official-km,1,0,C
云南:Y184,Y184,,5.8,,no-official-km,1,0,C
云南:Y187,Y187,,1.5,,no-official-km,1,0,C
云南:Y19,Y19,,13.8,,no-official-km,2,1,C
云南:Y2,Y2,,25.7,,no-official-km,4,3,C
云南:Y20,Y20,,5.9,,no-official-km,1,0,C
云南:Y207,Y207,,5.4,,no-official-km,1,0,C
云南:Y21,Y21,,32.1,,no-official-km,3,2,C
云南:Y218,Y218,,4.2,,no-official-km,1,0,C
云南:Y22,Y22,,2.5,,no-official-km,1,0,C
云南:Y23,Y23,,4.1,,no-official-km,1,0,C
云南:Y237,Y237,,4.1,,no-official-km,1,0,C
云南:Y249,Y249,,13.5,,no-official-km,1,0,C
云南:Y25,Y25,,12.2,,no-official-km,1,0,C
云南:Y250,Y250,,16.2,,no-official-km,1,0,C
云南:Y251,Y251,,23.1,,no-official-km,1,0,C
云南:Y253,Y253,,9.5,,no-official-km,1,0,C
云南:Y27,Y27,,0.4,,no-official-km,1,0,C
云南:Y29,Y29,,1.3,,no-official-km,1,0,C
云南:Y292,Y292,,17.1,,no-official-km,2,1,C
云南:Y297,Y297,,7.0,,no-official-km,1,0,C
云南:Y3,Y3,,2.9,,no-official-km,2,1,C
云南:Y30,Y30,,2.0,,no-official-km,1,0,C
云南:Y31,Y31,,1.0,,no-official-km,1,0,C
云南:Y329,Y329,,6.0,,no-official-km,1,0,C
云南:Y35,Y35,,17.7,,no-official-km,1,0,C
云南:Y38,Y38,,8.1,,no-official-km,1,0,C
云南:Y4,Y4,,9.3,,no-official-km,2,1,C
云南:Y44,Y44,,1.6,,no-official-km,1,0,C
云南:Y47,Y47,,31.8,,no-official-km,2,1,C
云南:Y48,Y48,,1.7,,no-official-km,1,0,C
云南:Y49,Y49,,19.1,,no-official-km,2,1,C
云南:Y50,Y50,,10.2,,no-official-km,2,1,C
云南:Y52,Y52,,3.6,,no-official-km,1,0,C
云南:Y53,Y53,,7.0,,no-official-km,1,0,C
云南:Y54,Y54,,1.8,,no-official-km,1,0,C
云南:Y55,Y55,,12.8,,no-official-km,1,0,C
云南:Y56,Y56,,6.4,,no-official-km,1,0,C
云南:Y58,Y58,,32.5,,no-official-km,2,1,C
云南:Y59,Y59,,4.5,,no-official-km,2,1,C
云南:Y596,Y596,,7.1,,no-official-km,1,0,C
云南:Y6,Y6,,14.1,,no-official-km,2,1,C
云南:Y62,Y62,,5.3,,no-official-km,1,0,C
云南:Y63,Y63,,9.7,,no-official-km,2,1,C
云南:Y65,Y65,,6.3,,no-official-km,1,0,C
云南:Y69,Y69,,26.7,,no-official-km,1,0,C
云南:Y7,Y7,,37.0,,no-official-km,3,2,C
云南:Y70,Y70,,5.8,,no-official-km,1,0,C
云南:Y72,Y72,,9.9,,no-official-km,3,2,C
云南:Y79,Y79,,36.9,,no-official-km,1,0,C
云南:Y8,Y8,,11.6,,no-official-km,1,0,C
云南:Y80,Y80,,14.7,,no-official-km,1,0,C
云南:Y82,Y82,,4.0,,no-official-km,1,0,C
云南:Y83,Y83,,1.5,,no-official-km,1,0,C
云南:Y89,Y89,,7.5,,no-official-km,1,0,C
云南:Y98,Y98,,12.3,,no-official-km,2,1,C
浙江:Y1,Y1,,1.1,,no-official-km,1,0,C
浙江:Y104,Y104,,5.1,,no-official-km,1,0,C
浙江:Y109,Y109,,8.0,,no-official-km,1,0,C
浙江:Y113,Y113,,5.3,,no-official-km,1,0,C
浙江:Y114,Y114,,12.5,,no-official-km,2,1,C
浙江:Y117,Y117,,9.3,,no-official-km,1,0,C
浙江:Y124,Y124,,3.2,,no-official-km,1,0,C
浙江:Y126,Y126,,4.4,,no-official-km,1,0,C
浙江:Y129,Y129,,1.8,,no-official-km,1,0,C
浙江:Y14,Y14,,8.2,,no-official-km,1,0,C
浙江:Y15,Y15,,20.7,,no-official-km,1,0,C
浙江:Y17,Y17,,17.3,,no-official-km,2,1,C
浙江:Y183,Y183,,6.6,,no-official-km,1,0,C
浙江:Y2,Y2,,7.6,,no-official-km,2,1,C
浙江:Y20,Y20,,30.4,,no-official-km,3,2,C
浙江:Y205,Y205,,22.5,,no-official-km,2,1,C
浙江:Y206,Y206,,7.7,,no-official-km,1,0,C
浙江:Y207,Y207,,2.5,,no-official-km,1,0,C
浙江:Y21,Y21,,3.5,,no-official-km,1,0,C
浙江:Y213,Y213,,4.1,,no-official-km,1,0,C
浙江:Y224,Y224,,7.0,,no-official-km,2,1,C
浙江:Y235,Y235,,1.8,,no-official-km,1,0,C
浙江:Y248,Y248,,0.5,,no-official-km,1,0,C
浙江:Y283,Y283,,0.5,,no-official-km,1,0,C
浙江:Y29,Y29,,4.9,,no-official-km,1,0,C
浙江:Y302,Y302,,2.8,,no-official-km,1,0,C
浙江:Y303,Y303,,5.1,,no-official-km,1,0,C
浙江:Y304,Y304,,1.9,,no-official-km,1,0,C
浙江:Y31,Y31,,21.4,,no-official-km,3,2,C
浙江:Y310,Y310,,2.4,,no-official-km,1,0,C
浙江:Y311,Y311,,1.6,,no-official-km,1,0,C
浙江:Y312,Y312,,6.3,,no-official-km,1,0,C
浙江:Y313,Y313,,1.3,,no-official-km,1,0,C
浙江:Y314,Y314,,4.5,,no-official-km,1,0,C
浙江:Y316,Y316,,9.5,,no-official-km,1,0,C
浙江:Y322,Y322,,9.8,,no-official-km,1,0,C
浙江:Y323,Y323,,2.8,,no-official-km,1,0,C
浙江:Y327,Y327,,2.2,,no-official-km,1,0,C
浙江:Y328,Y328,,14.1,,no-official-km,1,0,C
浙江:Y329,Y329,,3.1,,no-official-km,1,0,C
浙江:Y33,Y33,,14.0,,no-official-km,2,1,C
浙江:Y333,Y333,,7.6,,no-official-km,1,0,C
浙江:Y336,Y336,,12.3,,no-official-km,1,0,C
浙江:Y342,Y342,,1.2,,no-official-km,1,0,C
浙江:Y345,Y345,,2.7,,no-official-km,1,0,C
浙江:Y346,Y346,,3.5,,no-official-km,1,0,C
浙江:Y351,Y351,,3.3,,no-official-km,1,0,C
浙江:Y354,Y354,,6.1,,no-official-km,1,0,C
浙江:Y355,Y355,,1.4,,no-official-km,1,0,C
浙江:Y358,Y358,,0.8,,no-official-km,1,0,C
浙江:Y360,Y360,,4.4,,no-official-km,2,1,C
浙江:Y368,Y368,,5.6,,no-official-km,1,0,C
浙江:Y374,Y374,,2.0,,no-official-km,1,0,C
浙江:Y4,Y4,,3.8,,no-official-km,1,0,C
浙江:Y401,Y401,,1.1,,no-official-km,1,0,C
浙江:Y402,Y402,,4.3,,no-official-km,1,0,C
浙江:Y403,Y403,,3.1,,no-official-km,1,0,C
浙江:Y404,Y404,,6.4,,no-official-km,2,1,C
浙江:Y405,Y405,,13.4,,no-official-km,2,1,C
浙江:Y406,Y406,,7.9,,no-official-km,2,1,C
浙江:Y407,Y407,,2.4,,no-official-km,1,0,C
浙江:Y408,Y408,,5.2,,no-official-km,1,0,C
浙江:Y409,Y409,,1.5,,no-official-km,1,0,C
浙江:Y410,Y410,,7.6,,no-official-km,2,1,C
浙江:Y411,Y411,,8.5,,no-official-km,1,0,C
浙江:Y412,Y412,,6.1,,no-official-km,1,0,C
浙江:Y414,Y414,,3.3,,no-official-km,1,0,C
浙江:Y415,Y415,,4.4,,no-official-km,1,0,C
浙江:Y416,Y416,,0.7,,no-official-km,1,0,C
浙江:Y417,Y417,,3.4,,no-official-km,1,0,C
浙江:Y418,Y418,,2.9,,no-official-km,1,0,C
浙江:Y419,Y419,,5.2,,no-official-km,1,0,C
浙江:Y42,Y42,,6.3,,no-official-km,1,0,C
浙江:Y420,Y420,,0.8,,no-official-km,1,0,C
浙江:Y421,Y421,,2.4,,no-official-km,1,0,C
浙江:Y422,Y422,,4.0,,no-official-km,1,0,C
浙江:Y425,Y425,,3.9,,no-official-km,1,0,C
浙江:Y426,Y426,,5.2,,no-official-km,1,0,C
浙江:Y427,Y427,,2.3,,no-official-km,1,0,C
浙江:Y428,Y428,,2.7,,no-official-km,1,0,C
浙江:Y429,Y429,,2.1,,no-official-km,1,0,C
浙江:Y43,Y43,,1.7,,no-official-km,1,0,C
浙江:Y430,Y430,,17.2,,no-official-km,1,0,C
浙江:Y431,Y431,,3.2,,no-official-km,1,0,C
浙江:Y433,Y433,,4.2,,no-official-km,1,0,C
浙江:Y434,Y434,,17.3,,no-official-km,1,0,C
浙江:Y435,Y435,,6.7,,no-official-km,3,2,C
浙江:Y436,Y436,,50.3,,no-official-km,2,1,C
浙江:Y437,Y437,,21.6,,no-official-km,2,1,C
浙江:Y438,Y438,,12.4,,no-official-km,2,1,C
浙江:Y44,Y44,,14.3,,no-official-km,1,0,C
浙江:Y440,Y440,,9.0,,no-official-km,1,0,C
浙江:Y441,Y441,,5.4,,no-official-km,1,0,C
浙江:Y442,Y442,,3.3,,no-official-km,1,0,C
浙江:Y443,Y443,,11.7,,no-official-km,2,1,C
浙江:Y444,Y444,,2.6,,no-official-km,1,0,C
浙江:Y445,Y445,,1.6,,no-official-km,1,0,C
浙江:Y447,Y447,,2.7,,no-official-km,1,0,C
浙江:Y448,Y448,,2.2,,no-official-km,1,0,C
浙江:Y456,Y456,,5.8,,no-official-km,1,0,C
浙江:Y459,Y459,,7.4,,no-official-km,1,0,C
浙江:Y461,Y461,,2.1,,no-official-km,2,1,C
浙江:Y462,Y462,,2.1,,no-official-km,1,0,C
浙江:Y465,Y465,,3.4,,no-official-km,1,0,C
浙江:Y468,Y468,,2.2,,no-official-km,1,0,C
浙江:Y469,Y469,,2.4,,no-official-km,1,0,C
浙江:Y470,Y470,,1.9,,no-official-km,1,0,C
浙江:Y471,Y471,,1.2,,no-official-km,1,0,C
浙江:Y472,Y472,,1.6,,no-official-km,1,0,C
浙江:Y473,Y473,,4.3,,no-official-km,2,1,C
浙江:Y474,Y474,,4.4,,no-official-km,1,0,C
浙江:Y475,Y475,,1.6,,no-official-km,1,0,C
浙江:Y476,Y476,,3.2,,no-official-km,1,0,C
浙江:Y479,Y479,,2.2,,no-official-km,1,0,C
浙江:Y482,Y482,,13.3,,no-official-km,1,0,C
浙江:Y488,Y488,,1.1,,no-official-km,1,0,C
浙江:Y489,Y489,,4.3,,no-official-km,1,0,C
浙江:Y491,Y491,,1.0,,no-official-km,1,0,C
浙江:Y492,Y492,,8.5,,no-official-km,1,0,C
浙江:Y494,Y494,,1.6,,no-official-km,1,0,C
浙江:Y495,Y495,,2.0,,no-official-km,1,0,C
浙江:Y496,Y496,,6.4,,no-official-km,1,0,C
浙江:Y497,Y497,,3.7,,no-official-km,1,0,C
浙江:Y498,Y498,,4.1,,no-official-km,1,0,C
浙江:Y499,Y499,,2.0,,no-official-km,1,0,C
浙江:Y502,Y502,,1.5,,no-official-km,1,0,C
浙江:Y503,Y503,,2.2,,no-official-km,1,0,C
浙江:Y504,Y504,,1.9,,no-official-km,1,0,C
浙江:Y505,Y505,,1.0,,no-official-km,1,0,C
浙江:Y506,Y506,,1.3,,no-official-km,1,0,C
浙江:Y507,Y507,,1.0,,no-official-km,1,0,C
浙江:Y508,Y508,,11.6,,no-official-km,3,2,C
浙江:Y511,Y511,,22.2,,no-official-km,3,2,C
浙江:Y512,Y512,,3.8,,no-official-km,1,0,C
浙江:Y513,Y513,,1.8,,no-official-km,1,0,C
浙江:Y516,Y516,,2.7,,no-official-km,1,0,C
浙江:Y519,Y519,,0.7,,no-official-km,1,0,C
浙江:Y52,Y52,,4.4,,no-official-km,1,0,C
浙江:Y521,Y521,,6.4,,no-official-km,1,0,C
浙江:Y523,Y523,,14.4,,no-official-km,2,1,C
浙江:Y524,Y524,,1.5,,no-official-km,1,0,C
浙江:Y525,Y525,,1.9,,no-official-km,1,0,C
浙江:Y527,Y527,,2.7,,no-official-km,1,0,C
浙江:Y528,Y528,,2.6,,no-official-km,1,0,C
浙江:Y53,Y53,,8.3,,no-official-km,1,0,C
浙江:Y535,Y535,,2.1,,no-official-km,1,0,C
浙江:Y537,Y537,,2.3,,no-official-km,1,0,C
浙江:Y538,Y538,,3.9,,no-official-km,1,0,C
浙江:Y54,Y54,,1.3,,no-official-km,1,0,C
浙江:Y548,Y548,,2.1,,no-official-km,1,0,C
浙江:Y554,Y554,,16.8,,no-official-km,1,0,C
浙江:Y560,Y560,,7.6,,no-official-km,2,1,C
浙江:Y58,Y58,,1.8,,no-official-km,1,0,C
浙江:Y599,Y599,,9.1,,no-official-km,1,0,C
浙江:Y60,Y60,,8.4,,no-official-km,1,0,C
浙江:Y601,Y601,,6.0,,no-official-km,1,0,C
浙江:Y602,Y602,,17.4,,no-official-km,1,0,C
浙江:Y604,Y604,,23.4,,no-official-km,2,1,C
浙江:Y605,Y605,,3.8,,no-official-km,1,0,C
浙江:Y609,Y609,,8.6,,no-official-km,1,0,C
浙江:Y611,Y611,,3.5,,no-official-km,1,0,C
浙江:Y612,Y612,,1.6,,no-official-km,1,0,C
浙江:Y615,Y615,,11.9,,no-official-km,1,0,C
浙江:Y616,Y616,,22.7,,no-official-km,2,1,C
浙江:Y617,Y617,,14.2,,no-official-km,1,0,C
浙江:Y618,Y618,,17.1,,no-official-km,1,0,C
浙江:Y620,Y620,,27.3,,no-official-km,1,0,C
浙江:Y621,Y621,,9.2,,no-official-km,2,1,C
浙江:Y622,Y622,,2.3,,no-official-km,1,0,C
浙江:Y623,Y623,,2.1,,no-official-km,1,0,C
浙江:Y627,Y627,,7.7,,no-official-km,1,0,C
浙江:Y628,Y628,,5.0,,no-official-km,1,0,C
浙江:Y630,Y630,,1.3,,no-official-km,1,0,C
浙江:Y631,Y631,,11.6,,no-official-km,1,0,C
浙江:Y632,Y632,,14.4,,no-official-km,1,0,C
浙江:Y634,Y634,,1.7,,no-official-km,1,0,C
浙江:Y640,Y640,,3.4,,no-official-km,1,0,C
浙江:Y65,Y65,,2.9,,no-official-km,1,0,C
浙江:Y651,Y651,,6.9,,no-official-km,1,0,C
浙江:Y664,Y664,,3.4,,no-official-km,1,0,C
浙江:Y67,Y67,,4.7,,no-official-km,1,0,C
浙江:Y703,Y703,,3.3,,no-official-km,1,0,C
浙江:Y704,Y704,,3.4,,no-official-km,1,0,C
浙江:Y710,Y710,,4.7,,no-official-km,1,0,C
浙江:Y711,Y711,,3.6,,no-official-km,1,0,C
浙江:Y716,Y716,,1.2,,no-official-km,1,0,C
浙江:Y723,Y723,,3.3,,no-official-km,1,0,C
浙江:Y81,Y81,,7.0,,no-official-km,2,1,C
浙江:Y812,Y812,,0.4,,no-official-km,1,0,C
浙江:Y814,Y814,,5.1,,no-official-km,1,0,C
浙江:Y88,Y88,,10.2,,no-official-km,1,0,C
浙江:Y9,Y9,,17.2,,no-official-km,2,1,C
浙江:Y92,Y92,,9.0,,no-official-km,1,0,C
浙江:Y95,Y95,,3.7,,no-official-km,1,0,C
浙江:Y96,Y96,,1.1,,no-official-km,1,0,C
浙江:Y99,Y99,,10.2,,no-official-km,2,1,C
安徽:C100,C100,,2.2,,no-official-km,1,0,C
安徽:C102,C102,,1.2,,no-official-km,1,0,C
安徽:C105,C105,,1.0,,no-official-km,1,0,C
安徽:C107,C107,,1.8,,no-official-km,1,0,C
安徽:C109,C109,,1.8,,no-official-km,1,0,C
安徽:C110,C110,,1.4,,no-official-km,1,0,C
安徽:C111,C111,,0.5,,no-official-km,1,0,C
安徽:C114,C114,,0.5,,no-official-km,1,0,C
安徽:C117,C117,,0.6,,no-official-km,1,0,C
安徽:C118,C118,,0.5,,no-official-km,1,0,C
安徽:C261,C261,,0.9,,no-official-km,1,0,C
安徽:C282,C282,,4.9,,no-official-km,1,0,C
安徽:C289,C289,,10.0,,no-official-km,1,0,C
安徽:C31,C31,,1.2,,no-official-km,1,0,C
安徽:C32,C32,,1.7,,no-official-km,1,0,C
安徽:C33,C33,,0.5,,no-official-km,1,0,C
安徽:C36,C36,,2.8,,no-official-km,1,0,C
安徽:C38,C38,,0.4,,no-official-km,1,0,C
安徽:C39,C39,,0.6,,no-official-km,1,0,C
安徽:C5,C5,,0.7,,no-official-km,1,0,C
安徽:C50,C50,,1.9,,no-official-km,1,0,C
安徽:C54,C54,,1.0,,no-official-km,1,0,C
安徽:C57,C57,,1.1,,no-official-km,1,0,C
安徽:C62,C62,,1.4,,no-official-km,1,0,C
安徽:C64,C64,,0.2,,no-official-km,1,0,C
安徽:C66,C66,,0.8,,no-official-km,1,0,C
安徽:C71,C71,,0.3,,no-official-km,1,0,C
安徽:C72,C72,,0.6,,no-official-km,1,0,C
安徽:C73,C73,,1.5,,no-official-km,1,0,C
安徽:C75,C75,,0.8,,no-official-km,1,0,C
安徽:C77,C77,,0.9,,no-official-km,1,0,C
安徽:C78,C78,,0.8,,no-official-km,1,0,C
安徽:C81,C81,,1.0,,no-official-km,1,0,C
安徽:C86,C86,,0.8,,no-official-km,1,0,C
安徽:C88,C88,,0.9,,no-official-km,1,0,C
安徽:C90,C90,,1.1,,no-official-km,1,0,C
安徽:C91,C91,,0.6,,no-official-km,1,0,C
安徽:C97,C97,,0.3,,no-official-km,1,0,C
安徽:C98,C98,,2.1,,no-official-km,1,0,C
安徽:C99,C99,,1.8,,no-official-km,1,0,C
北京:C42,C42,,1.2,,no-official-km,1,0,C
北京:C52,C52,,2.9,,no-official-km,1,0,C
北京:C545,C545,,0.2,,no-official-km,1,0,C
重庆:C425,C425,,2.7,,no-official-km,1,0,C
重庆:C433,C433,,2.0,,no-official-km,1,0,C
重庆:C436,C436,,0.3,,no-official-km,1,0,C
重庆:C437,C437,,2.2,,no-official-km,1,0,C
重庆:C438,C438,,0.5,,no-official-km,1,0,C
重庆:C440,C440,,1.0,,no-official-km,1,0,C
重庆:C441,C441,,0.6,,no-official-km,1,0,C
重庆:C787,C787,,4.7,,no-official-km,1,0,C
重庆:C799,C799,,2.6,,no-official-km,1,0,C
重庆:C802,C802,,0.8,,no-official-km,1,0,C
重庆:C805,C805,,3.0,,no-official-km,1,0,C
福建:C103,C103,,18.7,,no-official-km,1,0,C
福建:C118,C118,,23.1,,no-official-km,1,0,C
福建:C133,C133,,10.3,,no-official-km,1,0,C
福建:C17,C17,,13.4,,no-official-km,7,6,C
福建:C19,C19,,12.8,,no-official-km,1,0,C
福建:C201,C201,,11.9,,no-official-km,1,0,C
福建:C207,C207,,13.9,,no-official-km,1,0,C
福建:C215,C215,,8.9,,no-official-km,1,0,C
福建:C23,C23,,2.2,,no-official-km,1,0,C
福建:C235,C235,,35.3,,no-official-km,1,0,C
福建:C238,C238,,38.7,,no-official-km,1,0,C
福建:C26,C26,,3.3,,no-official-km,1,0,C
福建:C35,C35,,8.3,,no-official-km,1,0,C
福建:C36,C36,,8.2,,no-official-km,1,0,C
福建:C39,C39,,10.2,,no-official-km,1,0,C
福建:C462,C462,,9.6,,no-official-km,2,1,C
福建:C463,C463,,15.8,,no-official-km,1,0,C
福建:C464,C464,,21.3,,no-official-km,2,1,C
福建:C465,C465,,12.0,,no-official-km,1,0,C
福建:C48,C48,,5.1,,no-official-km,1,0,C
福建:C51,C51,,20.0,,no-official-km,1,0,C
福建:C70,C70,,6.5,,no-official-km,1,0,C
福建:C701,C701,,54.1,,no-official-km,1,0,C
福建:C71,C71,,14.3,,no-official-km,1,0,C
福建:C72,C72,,10.4,,no-official-km,1,0,C
福建:C724,C724,,3.4,,no-official-km,1,0,C
福建:C74,C74,,21.5,,no-official-km,1,0,C
福建:C8111,C8111,,13.8,,no-official-km,1,0,C
甘肃:C129,C129,,9.0,,no-official-km,1,0,C
甘肃:C241,C241,,6.6,,no-official-km,1,0,C
甘肃:C581,C581,,4.8,,no-official-km,1,0,C
甘肃:C591,C591,,0.4,,no-official-km,1,0,C
甘肃:C606,C606,,2.2,,no-official-km,1,0,C
广东:C116,C116,,0.1,,no-official-km,1,0,C
广东:C149,C149,,1.0,,no-official-km,1,0,C
广东:C160,C160,,4.5,,no-official-km,1,0,C
广东:C17,C17,,0.6,,no-official-km,1,0,C
广东:C182,C182,,0.7,,no-official-km,1,0,C
广东:C184,C184,,4.9,,no-official-km,1,0,C
广东:C189,C189,,3.1,,no-official-km,1,0,C
广东:C20,C20,,1.1,,no-official-km,1,0,C
广东:C202,C202,,0.3,,no-official-km,1,0,C
广东:C205,C205,,0.4,,no-official-km,1,0,C
广东:C212,C212,,1.6,,no-official-km,1,0,C
广东:C218,C218,,0.2,,no-official-km,1,0,C
广东:C23,C23,,0.6,,no-official-km,1,0,C
广东:C257,C257,,0.6,,no-official-km,1,0,C
广东:C276,C276,,1.0,,no-official-km,1,0,C
广东:C3,C3,,0.2,,no-official-km,1,0,C
广东:C301,C301,,0.3,,no-official-km,1,0,C
广东:C302,C302,,0.5,,no-official-km,1,0,C
广东:C303,C303,,0.2,,no-official-km,1,0,C
广东:C304,C304,,0.2,,no-official-km,1,0,C
广东:C391,C391,,1.2,,no-official-km,1,0,C
广东:C399,C399,,1.7,,no-official-km,1,0,C
广东:C459,C459,,1.3,,no-official-km,1,0,C
广东:C461,C461,,0.9,,no-official-km,1,0,C
广东:C496,C496,,1.8,,no-official-km,1,0,C
广东:C497,C497,,0.6,,no-official-km,1,0,C
广东:C512,C512,,2.3,,no-official-km,1,0,C
广东:C603,C603,,0.3,,no-official-km,1,0,C
广东:C63,C63,,0.5,,no-official-km,1,0,C
广东:C631,C631,,0.2,,no-official-km,1,0,C
广东:C694,C694,,0.4,,no-official-km,1,0,C
广东:C697,C697,,0.5,,no-official-km,1,0,C
广东:C708,C708,,0.8,,no-official-km,1,0,C
广东:C713,C713,,0.4,,no-official-km,1,0,C
广东:C714,C714,,1.4,,no-official-km,1,0,C
广东:C717,C717,,0.6,,no-official-km,1,0,C
广东:C728,C728,,0.3,,no-official-km,1,0,C
广东:C73,C73,,0.8,,no-official-km,1,0,C
广东:C794,C794,,0.6,,no-official-km,1,0,C
广东:C796,C796,,0.5,,no-official-km,1,0,C
广东:C801,C801,,0.7,,no-official-km,1,0,C
广东:C802,C802,,0.8,,no-official-km,1,0,C
广东:C803,C803,,1.1,,no-official-km,1,0,C
广东:C808,C808,,1.2,,no-official-km,1,0,C
广东:C834,C834,,1.7,,no-official-km,1,0,C
广东:C842,C842,,2.1,,no-official-km,1,0,C
广东:C855,C855,,0.7,,no-official-km,1,0,C
广东:C863,C863,,1.6,,no-official-km,1,0,C
广东:C874,C874,,1.2,,no-official-km,1,0,C
广东:C875,C875,,1.7,,no-official-km,1,0,C
广东:C876,C876,,1.5,,no-official-km,1,0,C
广东:C877,C877,,1.3,,no-official-km,1,0,C
广东:C884,C884,,1.0,,no-official-km,1,0,C
广东:C885,C885,,0.9,,no-official-km,1,0,C
广东:C886,C886,,,,no-geometry,0,0,
广东:C888,C888,,0.8,,no-official-km,1,0,C
广东:C889,C889,,1.5,,no-official-km,1,0,C
广东:C890,C890,,0.8,,no-official-km,1,0,C
广东:C891,C891,,0.8,,no-official-km,1,0,C
广东:C892,C892,,0.5,,no-official-km,1,0,C
广东:C893,C893,,0.6,,no-official-km,1,0,C
广东:C894,C894,,0.7,,no-official-km,1,0,C
广东:C895,C895,,0.8,,no-official-km,1,0,C
广东:C896,C896,,1.2,,no-official-km,1,0,C
广东:C897,C897,,0.9,,no-official-km,1,0,C
广东:C898,C898,,1.6,,no-official-km,1,0,C
广东:C899,C899,,0.3,,no-official-km,1,0,C
广东:C900,C900,,0.7,,no-official-km,1,0,C
广东:C908,C908,,0.8,,no-official-km,1,0,C
广东:C910,C910,,0.8,,no-official-km,1,0,C
广东:C911,C911,,1.5,,no-official-km,1,0,C
广东:C912,C912,,0.8,,no-official-km,1,0,C
广东:C913,C913,,0.7,,no-official-km,1,0,C
广东:C914,C914,,1.3,,no-official-km,1,0,C
广东:C915,C915,,1.4,,no-official-km,1,0,C
广东:C916,C916,,1.2,,no-official-km,1,0,C
广东:C919,C919,,1.0,,no-official-km,1,0,C
广东:C920,C920,,1.1,,no-official-km,1,0,C
广东:C924,C924,,1.9,,no-official-km,1,0,C
广东:C930,C930,,2.0,,no-official-km,2,1,C
广东:C931,C931,,2.1,,no-official-km,1,0,C
广东:C932,C932,,1.8,,no-official-km,2,1,C
广东:C933,C933,,1.8,,no-official-km,1,0,C
广东:C934,C934,,1.8,,no-official-km,1,0,C
广西:C0,C0,,3.9,,no-official-km,2,1,C
广西:C101,C101,,1.8,,no-official-km,1,0,C
广西:C2,C2,,5.6,,no-official-km,1,0,C
广西:C243,C243,,0.8,,no-official-km,1,0,C
广西:C36,C36,,20.9,,no-official-km,1,0,C
广西:C368,C368,,17.1,,no-official-km,1,0,C
广西:C369,C369,,15.9,,no-official-km,1,0,C
广西:C377,C377,,33.0,,no-official-km,1,0,C
广西:C392,C392,,11.8,,no-official-km,1,0,C
广西:C420,C420,,6.8,,no-official-km,1,0,C
广西:C421,C421,,13.6,,no-official-km,1,0,C
广西:C45,C45,,2.9,,no-official-km,1,0,C
广西:C76,C76,,5.9,,no-official-km,1,0,C
广西:C87,C87,,9.0,,no-official-km,1,0,C
广西:C9,C9,,4.1,,no-official-km,1,0,C
广西:C900,C900,,10.9,,no-official-km,1,0,C
广西:C98,C98,,2.9,,no-official-km,2,1,C
贵州:C101,C101,,4.3,,no-official-km,1,0,C
贵州:C13,C13,,12.9,,no-official-km,1,0,C
贵州:C131,C131,,11.4,,no-official-km,1,0,C
贵州:C192,C192,,7.3,,no-official-km,1,0,C
贵州:C197,C197,,2.3,,no-official-km,1,0,C
贵州:C30,C30,,2.3,,no-official-km,1,0,C
贵州:C368,C368,,16.4,,no-official-km,1,0,C
贵州:C79,C79,,9.3,,no-official-km,2,1,C
贵州:C900,C900,,3.9,,no-official-km,1,0,C
河北:C183,C183,,10.4,,no-official-km,2,1,C
河北:C28,C28,,4.9,,no-official-km,1,0,C
河北:C42,C42,,1.2,,no-official-km,1,0,C
河北:C52,C52,,2.9,,no-official-km,1,0,C
河北:C545,C545,,0.2,,no-official-km,1,0,C
河北:C95,C95,,3.4,,no-official-km,1,0,C
河南:C401,C401,,4.5,,no-official-km,1,0,C
河南:C679,C679,,1.1,,no-official-km,1,0,C
黑龙江:C12,C12,,4.5,,no-official-km,1,0,C
黑龙江:C7,C7,,3.7,,no-official-km,1,0,C
黑龙江:C735,C735,,20.7,,no-official-km,1,0,C
湖南:C213,C213,,2.3,,no-official-km,1,0,C
湖南:C55,C55,,2.1,,no-official-km,1,0,C
吉林:C107,C107,,8.6,,no-official-km,1,0,C
吉林:C119,C119,,3.3,,no-official-km,1,0,C
吉林:C120,C120,,5.6,,no-official-km,1,0,C
吉林:C121,C121,,3.1,,no-official-km,1,0,C
吉林:C15,C15,,0.4,,no-official-km,1,0,C
吉林:C163,C163,,9.1,,no-official-km,1,0,C
吉林:C200,C200,,16.9,,no-official-km,2,1,C
吉林:C25,C25,,3.6,,no-official-km,2,1,C
吉林:C28,C28,,1.4,,no-official-km,1,0,C
吉林:C315,C315,,6.2,,no-official-km,1,0,C
吉林:C34,C34,,1.9,,no-official-km,1,0,C
吉林:C45,C45,,3.4,,no-official-km,1,0,C
吉林:C49,C49,,4.5,,no-official-km,2,1,C
吉林:C50,C50,,4.5,,no-official-km,2,1,C
吉林:C56,C56,,4.6,,no-official-km,1,0,C
吉林:C59,C59,,3.1,,no-official-km,1,0,C
吉林:C63,C63,,1.2,,no-official-km,1,0,C
吉林:C72,C72,,1.6,,no-official-km,1,0,C
吉林:C79,C79,,5.7,,no-official-km,1,0,C
吉林:C86,C86,,0.8,,no-official-km,1,0,C
吉林:C88,C88,,0.4,,no-official-km,1,0,C
吉林:C91,C91,,0.6,,no-official-km,1,0,C
江苏:C100,C100,,1.5,,no-official-km,1,0,C
江苏:C106,C106,,0.9,,no-official-km,1,0,C
江苏:C114,C114,,1.1,,no-official-km,1,0,C
江苏:C117,C117,,1.0,,no-official-km,1,0,C
江苏:C14,C14,,1.0,,no-official-km,1,0,C
江苏:C143,C143,,0.6,,no-official-km,1,0,C
江苏:C146,C146,,1.0,,no-official-km,1,0,C
江苏:C162,C162,,0.7,,no-official-km,1,0,C
江苏:C168,C168,,1.6,,no-official-km,1,0,C
江苏:C18,C18,,2.3,,no-official-km,1,0,C
江苏:C186,C186,,1.7,,no-official-km,1,0,C
江苏:C198,C198,,0.2,,no-official-km,1,0,C
江苏:C20,C20,,3.1,,no-official-km,1,0,C
江苏:C200,C200,,12.2,,no-official-km,2,1,C
江苏:C221,C221,,2.4,,no-official-km,1,0,C
江苏:C23,C23,,2.8,,no-official-km,1,0,C
江苏:C248,C248,,2.5,,no-official-km,1,0,C
江苏:C25,C25,,1.8,,no-official-km,2,1,C
江苏:C257,C257,,2.0,,no-official-km,1,0,C
江苏:C263,C263,,2.8,,no-official-km,1,0,C
江苏:C299,C299,,1.2,,no-official-km,1,0,C
江苏:C3,C3,,0.5,,no-official-km,1,0,C
江苏:C301,C301,,1.9,,no-official-km,1,0,C
江苏:C310,C310,,2.9,,no-official-km,1,0,C
江苏:C317,C317,,0.6,,no-official-km,1,0,C
江苏:C320,C320,,5.2,,broken-jump,1,0,C
江苏:C335,C335,,0.6,,no-official-km,1,0,C
江苏:C368,C368,,5.3,,no-official-km,1,0,C
江苏:C38,C38,,0.8,,no-official-km,1,0,C
江苏:C385,C385,,1.2,,no-official-km,1,0,C
江苏:C4,C4,,2.4,,no-official-km,2,1,C
江苏:C403,C403,,1.5,,no-official-km,1,0,C
江苏:C408,C408,,4.3,,no-official-km,1,0,C
江苏:C411,C411,,2.6,,no-official-km,1,0,C
江苏:C421,C421,,2.7,,no-official-km,1,0,C
江苏:C422,C422,,0.8,,no-official-km,1,0,C
江苏:C424,C424,,0.2,,no-official-km,1,0,C
江苏:C425,C425,,1.8,,no-official-km,1,0,C
江苏:C430,C430,,0.7,,no-official-km,1,0,C
江苏:C46,C46,,2.8,,no-official-km,1,0,C
江苏:C468,C468,,1.9,,no-official-km,1,0,C
江苏:C469,C469,,1.1,,no-official-km,1,0,C
江苏:C482,C482,,3.2,,no-official-km,1,0,C
江苏:C502,C502,,2.9,,no-official-km,1,0,C
江苏:C533,C533,,0.3,,no-official-km,1,0,C
江苏:C537,C537,,0.9,,no-official-km,1,0,C
江苏:C54,C54,,0.5,,no-official-km,1,0,C
江苏:C541,C541,,1.9,,no-official-km,1,0,C
江苏:C550,C550,,0.4,,no-official-km,1,0,C
江苏:C551,C551,,7.2,,no-official-km,2,1,C
江苏:C58,C58,,2.1,,no-official-km,1,0,C
江苏:C583,C583,,2.6,,no-official-km,1,0,C
江苏:C618,C618,,1.7,,no-official-km,1,0,C
江苏:C63,C63,,3.1,,no-official-km,1,0,C
江苏:C631,C631,,0.8,,no-official-km,1,0,C
江苏:C637,C637,,0.7,,no-official-km,1,0,C
江苏:C638,C638,,0.4,,no-official-km,1,0,C
江苏:C649,C649,,5.9,,no-official-km,1,0,C
江苏:C65,C65,,1.7,,no-official-km,1,0,C
江苏:C677,C677,,0.8,,no-official-km,1,0,C
江苏:C70,C70,,1.1,,no-official-km,1,0,C
江苏:C704,C704,,2.4,,no-official-km,1,0,C
江苏:C727,C727,,1.1,,no-official-km,1,0,C
江苏:C774,C774,,3.5,,no-official-km,1,0,C
江苏:C82,C82,,3.0,,no-official-km,1,0,C
江苏:C851,C851,,1.7,,no-official-km,1,0,C
江苏:C86,C86,,0.5,,no-official-km,1,0,C
江苏:C878,C878,,1.6,,no-official-km,1,0,C
江苏:C888,C888,,1.5,,no-official-km,1,0,C
江苏:C900,C900,,2.7,,no-official-km,1,0,C
江苏:C901,C901,,8.0,,no-official-km,2,1,C
江苏:C913,C913,,0.9,,no-official-km,1,0,C
江苏:C914,C914,,1.2,,no-official-km,1,0,C
江苏:C921,C921,,1.5,,no-official-km,1,0,C
江苏:C938,C938,,1.6,,no-official-km,1,0,C
江苏:C959,C959,,0.5,,no-official-km,1,0,C
江苏:C988,C988,,5.6,,no-official-km,1,0,C
江西:C123,C123,,11.1,,no-official-km,1,0,C
江西:C126,C126,,28.1,,no-official-km,2,1,C
江西:C273,C273,,2.0,,no-official-km,1,0,C
江西:C280,C280,,1.7,,no-official-km,1,0,C
江西:C379,C379,,3.2,,no-official-km,1,0,C
江西:C39,C39,,20.4,,no-official-km,1,0,C
江西:C701,C701,,21.1,,no-official-km,1,0,C
江西:C838,C838,,3.6,,no-official-km,1,0,C
江西:C922,C922,,1.0,,no-official-km,1,0,C
江西:C923,C923,,1.1,,no-official-km,1,0,C
内蒙古:C107,C107,,5.9,,no-official-km,1,0,C
内蒙古:C117,C117,,25.7,,no-official-km,2,1,C
内蒙古:C408,C408,,7.9,,no-official-km,1,0,C
内蒙古:C48,C48,,6.0,,no-official-km,1,0,C
内蒙古:C52,C52,,3.9,,no-official-km,1,0,C
内蒙古:C54,C54,,0.9,,no-official-km,1,0,C
内蒙古:C6,C6,,3.4,,no-official-km,1,0,C
内蒙古:C8,C8,,3.1,,no-official-km,1,0,C
内蒙古:C81,C81,,0.5,,no-official-km,1,0,C
内蒙古:C9,C9,,10.9,,no-official-km,2,1,C
山东:C102,C102,,1.2,,no-official-km,1,0,C
山东:C129,C129,,5.9,,no-official-km,1,0,C
山东:C14,C14,,4.0,,no-official-km,1,0,C
山东:C188,C188,,0.7,,no-official-km,1,0,C
山东:C253,C253,,2.4,,no-official-km,1,0,C
山东:C254,C254,,1.9,,no-official-km,1,0,C
山东:C29,C29,,7.1,,broken-jump,1,0,C
山东:C349,C349,,1.3,,no-official-km,1,0,C
山东:C360,C360,,1.1,,no-official-km,1,0,C
山东:C393,C393,,0.8,,no-official-km,1,0,C
山东:C42,C42,,0.4,,no-official-km,1,0,C
山东:C438,C438,,0.4,,no-official-km,1,0,C
山东:C49,C49,,1.5,,no-official-km,1,0,C
山东:C51,C51,,1.3,,no-official-km,1,0,C
山东:C687,C687,,2.6,,no-official-km,1,0,C
山东:C781,C781,,1.0,,no-official-km,1,0,C
山东:C791,C791,,1.6,,no-official-km,1,0,C
山东:C861,C861,,2.4,,no-official-km,1,0,C
山东:C89,C89,,0.7,,no-official-km,1,0,C
山东:C90,C90,,0.6,,no-official-km,1,0,C
山东:C909,C909,,0.2,,no-official-km,1,0,C
山东:C91,C91,,0.7,,no-official-km,1,0,C
山东:C92,C92,,1.7,,no-official-km,1,0,C
山东:C93,C93,,1.3,,no-official-km,1,0,C
山西:C1,C1,,0.7,,no-official-km,1,0,C
山西:C20,C20,,2.8,,no-official-km,1,0,C
山西:C8,C8,,8.9,,no-official-km,1,0,C
上海:C294,C294,,0.6,,no-official-km,1,0,C
上海:C296,C296,,0.6,,no-official-km,1,0,C
上海:C33,C33,,3.8,,no-official-km,1,0,C
上海:C368,C368,,1.9,,no-official-km,1,0,C
上海:C649,C649,,2.4,,no-official-km,2,1,C
上海:C66,C66,,1.3,,no-official-km,1,0,C
上海:C67,C67,,0.8,,no-official-km,1,0,C
上海:C88,C88,,1.0,,no-official-km,1,0,C
四川:C1,C1,,17.8,,no-official-km,3,2,C
四川:C151,C151,,1.9,,no-official-km,1,0,C
四川:C733,C733,,1.4,,no-official-km,1,0,C
新疆:C203,C203,,3.2,,no-official-km,2,1,C
新疆:C205,C205,,34.6,,no-official-km,3,2,C
浙江:C10,C10,,3.7,,no-official-km,1,0,C
浙江:C101,C101,,1.7,,no-official-km,1,0,C
浙江:C102,C102,,1.1,,no-official-km,1,0,C
浙江:C103,C103,,0.3,,no-official-km,1,0,C
浙江:C104,C104,,2.7,,no-official-km,1,0,C
浙江:C106,C106,,1.9,,no-official-km,1,0,C
浙江:C108,C108,,3.3,,no-official-km,1,0,C
浙江:C109,C109,,4.8,,no-official-km,1,0,C
浙江:C111,C111,,2.2,,no-official-km,1,0,C
浙江:C112,C112,,2.8,,no-official-km,1,0,C
浙江:C113,C113,,3.3,,no-official-km,2,1,C
浙江:C114,C114,,2.5,,no-official-km,1,0,C
浙江:C115,C115,,2.5,,no-official-km,1,0,C
浙江:C116,C116,,2.5,,no-official-km,1,0,C
浙江:C118,C118,,6.7,,no-official-km,1,0,C
浙江:C120,C120,,0.5,,no-official-km,1,0,C
浙江:C132,C132,,0.7,,no-official-km,1,0,C
浙江:C134,C134,,2.3,,no-official-km,2,1,C
浙江:C14,C14,,2.7,,no-official-km,1,0,C
浙江:C142,C142,,1.7,,no-official-km,1,0,C
浙江:C143,C143,,3.7,,no-official-km,1,0,C
浙江:C144,C144,,2.6,,no-official-km,1,0,C
浙江:C152,C152,,6.0,,no-official-km,1,0,C
浙江:C156,C156,,8.0,,no-official-km,2,1,C
浙江:C158,C158,,2.0,,no-official-km,1,0,C
浙江:C16,C16,,2.0,,no-official-km,1,0,C
浙江:C171,C171,,0.4,,no-official-km,1,0,C
浙江:C173,C173,,1.3,,no-official-km,1,0,C
浙江:C178,C178,,0.4,,no-official-km,1,0,C
浙江:C179,C179,,0.1,,no-official-km,1,0,C
浙江:C183,C183,,1.9,,no-official-km,1,0,C
浙江:C184,C184,,4.1,,no-official-km,1,0,C
浙江:C189,C189,,1.7,,no-official-km,1,0,C
浙江:C192,C192,,0.6,,no-official-km,1,0,C
浙江:C199,C199,,0.8,,no-official-km,1,0,C
浙江:C200,C200,,0.9,,no-official-km,1,0,C
浙江:C202,C202,,1.6,,no-official-km,1,0,C
浙江:C203,C203,,0.6,,no-official-km,1,0,C
浙江:C204,C204,,1.3,,no-official-km,2,1,C
浙江:C205,C205,,1.0,,no-official-km,1,0,C
浙江:C206,C206,,0.4,,no-official-km,1,0,C
浙江:C207,C207,,2.5,,no-official-km,1,0,C
浙江:C208,C208,,0.6,,no-official-km,1,0,C
浙江:C210,C210,,0.4,,no-official-km,1,0,C
浙江:C211,C211,,2.6,,no-official-km,1,0,C
浙江:C213,C213,,5.7,,no-official-km,1,0,C
浙江:C216,C216,,2.5,,no-official-km,1,0,C
浙江:C222,C222,,0.7,,no-official-km,1,0,C
浙江:C224,C224,,0.2,,no-official-km,1,0,C
浙江:C225,C225,,0.8,,no-official-km,1,0,C
浙江:C227,C227,,0.9,,no-official-km,1,0,C
浙江:C228,C228,,0.6,,no-official-km,2,1,C
浙江:C232,C232,,0.7,,no-official-km,1,0,C
浙江:C237,C237,,2.8,,no-official-km,2,1,C
浙江:C239,C239,,4.9,,no-official-km,1,0,C
浙江:C25,C25,,2.5,,no-official-km,1,0,C
浙江:C254,C254,,3.3,,no-official-km,1,0,C
浙江:C255,C255,,1.1,,no-official-km,1,0,C
浙江:C272,C272,,2.2,,no-official-km,1,0,C
浙江:C273,C273,,2.0,,no-official-km,1,0,C
浙江:C274,C274,,1.4,,no-official-km,1,0,C
浙江:C280,C280,,1.7,,no-official-km,1,0,C
浙江:C287,C287,,0.8,,no-official-km,1,0,C
浙江:C290,C290,,2.3,,no-official-km,1,0,C
浙江:C305,C305,,3.3,,no-official-km,1,0,C
浙江:C314,C314,,1.4,,no-official-km,1,0,C
浙江:C324,C324,,1.2,,no-official-km,1,0,C
浙江:C328,C328,,0.9,,no-official-km,1,0,C
浙江:C335,C335,,1.6,,no-official-km,1,0,C
浙江:C343,C343,,0.9,,no-official-km,1,0,C
浙江:C363,C363,,0.7,,no-official-km,1,0,C
浙江:C368,C368,,3.8,,no-official-km,1,0,C
浙江:C37,C37,,0.8,,no-official-km,1,0,C
浙江:C377,C377,,3.5,,no-official-km,1,0,C
浙江:C379,C379,,3.2,,no-official-km,1,0,C
浙江:C4,C4,,4.6,,no-official-km,2,1,C
浙江:C417,C417,,2.2,,no-official-km,1,0,C
浙江:C44,C44,,0.2,,no-official-km,1,0,C
浙江:C45,C45,,2.1,,no-official-km,1,0,C
浙江:C46,C46,,4.8,,no-official-km,1,0,C
浙江:C462,C462,,0.3,,no-official-km,1,0,C
浙江:C47,C47,,2.7,,no-official-km,1,0,C
浙江:C475,C475,,0.5,,no-official-km,1,0,C
浙江:C476,C476,,0.3,,no-official-km,1,0,C
浙江:C477,C477,,0.6,,no-official-km,1,0,C
浙江:C478,C478,,0.7,,no-official-km,1,0,C
浙江:C48,C48,,0.8,,no-official-km,1,0,C
浙江:C480,C480,,2.1,,no-official-km,1,0,C
浙江:C481,C481,,0.9,,no-official-km,1,0,C
浙江:C482,C482,,0.1,,no-official-km,1,0,C
浙江:C484,C484,,0.7,,no-official-km,1,0,C
浙江:C49,C49,,6.8,,no-official-km,1,0,C
浙江:C499,C499,,0.2,,no-official-km,1,0,C
浙江:C523,C523,,1.8,,no-official-km,1,0,C
浙江:C56,C56,,3.0,,no-official-km,1,0,C
浙江:C563,C563,,0.5,,no-official-km,1,0,C
浙江:C57,C57,,1.9,,no-official-km,1,0,C
浙江:C59,C59,,2.1,,no-official-km,1,0,C
浙江:C609,C609,,0.6,,no-official-km,1,0,C
浙江:C665,C665,,2.1,,no-official-km,1,0,C
浙江:C675,C675,,0.7,,no-official-km,1,0,C
浙江:C680,C680,,1.2,,no-official-km,1,0,C
浙江:C723,C723,,0.5,,no-official-km,1,0,C
浙江:C74,C74,,4.3,,no-official-km,1,0,C
浙江:C75,C75,,2.9,,no-official-km,1,0,C
浙江:C801,C801,,2.7,,no-official-km,1,0,C
浙江:C83,C83,,1.6,,no-official-km,1,0,C
浙江:C85,C85,,2.5,,no-official-km,1,0,C
浙江:C86,C86,,1.9,,no-official-km,1,0,C
